{
  "createdTimestamp": "132271837684096049",
  "avgAbsoluteError": 0.9903328,
  "avgSignedError": -0.300832182,
  "maxAbsoluteError": 36.3830261,
  "avgSettlingTime10Degrees": 82.55776,
  "avgSettlingTime5Degrees": 82.55776,
  "avgSettlingTime2Degrees": 82.55776
}