{
  "createdTimestamp": "132266690438338767",
  "avgAbsoluteError": 14.998497,
  "avgSignedError": 0.99896884,
  "maxAbsoluteError": 179.999985,
  "maxOvershoot": 256.7702,
  "avgSettlingTime10Degrees": 0.538470566,
  "avgSettlingTime5Degrees": 0.5244745,
  "avgSettlingTime2Degrees": 0.524807751,
  "avg10PercentResponseTime": 0.0286445655,
  "avg50PercentResponseTime": 0.0409114771,
  "avgCompleteResponseTime": 0.06732574
}