{
  "createdTimestamp": "132291001295219761",
  "avgAbsoluteError": 11.1317148,
  "avgSignedError": -9.966602,
  "maxAbsoluteError": 34.7556763
}