{
  "createdTimestamp": "132291001295219761",
  "avgAbsoluteError": 8.138192,
  "avgSignedError": 4.34962,
  "maxAbsoluteError": 29.498251
}