{
  "createdTimestamp": "132291001295219761",
  "avgAbsoluteError": 8.171956,
  "avgSignedError": 7.87565756,
  "maxAbsoluteError": 26.24673
}