{
  "createdTimestamp": "132291001295219761",
  "avgAbsoluteError": 5.283521,
  "avgSignedError": -1.69141674,
  "maxAbsoluteError": 22.8947449
}