{
  "createdTimestamp": "132291001295219761",
  "avgAbsoluteError": 2.301552,
  "avgSignedError": -0.160653576,
  "maxAbsoluteError": 10.8460083
}