{
  "createdTimestamp": "132291001295219761",
  "avgAbsoluteError": 3.721206,
  "avgSignedError": 0.263480633,
  "maxAbsoluteError": 13.3772888
}