{
  "createdTimestamp": "132291001295219761",
  "avgAbsoluteError": 11.335268,
  "avgSignedError": -3.57486343,
  "maxAbsoluteError": 104.33754
}