{
  "createdTimestamp": "132291001295219761",
  "avgAbsoluteError": 0.0065063294,
  "avgSignedError": 0.00157300057,
  "maxAbsoluteError": 0.07716247
}