{
  "createdTimestamp": "132291001295219761",
  "avgAbsoluteError": 0.0104751773,
  "avgSignedError": 0.00160491548,
  "maxAbsoluteError": 0.0566247664
}