{
  "createdTimestamp": "132291001295219761",
  "avgAbsoluteError": 0.00560377724,
  "avgSignedError": 0.00134665519,
  "maxAbsoluteError": 0.0933199
}