{
  "createdTimestamp": "132291001295219761",
  "avgAbsoluteError": 6.341672,
  "avgSignedError": -3.023098,
  "maxAbsoluteError": 63.84424
}