{
  "createdTimestamp": "132291001295219761",
  "avgAbsoluteError": 0.008059191,
  "avgSignedError": -0.00346648274,
  "maxAbsoluteError": 0.072265625
}