{
  "createdTimestamp": "132291001295219761",
  "avgAbsoluteError": 13.7021008,
  "avgSignedError": -4.44378471,
  "maxAbsoluteError": 46.01883
}