{
  "createdTimestamp": "132291001295219761",
  "avgAbsoluteError": 1.994327,
  "avgSignedError": 0.6965398,
  "maxAbsoluteError": 5.875147
}