{
  "createdTimestamp": "132291001295219761",
  "avgAbsoluteError": 0.005751417,
  "avgSignedError": -0.000215670472,
  "maxAbsoluteError": 0.06509247
}