{
  "createdTimestamp": "132291001295219761",
  "avgAbsoluteError": 1.72973025,
  "avgSignedError": -0.583742,
  "maxAbsoluteError": 7.094574
}