{
  "createdTimestamp": "132291001295219761",
  "avgAbsoluteError": 22.92562,
  "avgSignedError": -5.619502,
  "maxAbsoluteError": 178.999619
}