{
  "createdTimestamp": "132291001295219761",
  "avgAbsoluteError": 17.0762577,
  "avgSignedError": 2.002717,
  "maxAbsoluteError": 179.603561
}