{
  "createdTimestamp": "132291001295219761",
  "avgAbsoluteError": 0.00550879445,
  "avgSignedError": -0.00302308681,
  "maxAbsoluteError": 0.0520935059
}