{
  "createdTimestamp": "132291001295219761",
  "avgAbsoluteError": 5.010133,
  "avgSignedError": 1.38060427,
  "maxAbsoluteError": 14.9501038
}