{
  "createdTimestamp": "132291001295219761",
  "avgAbsoluteError": 2.37303185,
  "avgSignedError": -0.7118379,
  "maxAbsoluteError": 11.565033
}