{
  "createdTimestamp": "132291001295219761",
  "avgAbsoluteError": 7.14418125,
  "avgSignedError": 1.12456477,
  "maxAbsoluteError": 34.0887756
}