{
  "createdTimestamp": "132291001295219761",
  "avgAbsoluteError": 0.005977433,
  "avgSignedError": -0.00297895633,
  "maxAbsoluteError": 0.0681152344
}