{
  "createdTimestamp": "132291001295219761",
  "avgAbsoluteError": 0.0064675007,
  "avgSignedError": -0.00515142176,
  "maxAbsoluteError": 0.0887146
}