{
  "createdTimestamp": "132291001295219761",
  "avgAbsoluteError": 19.3625622,
  "avgSignedError": 14.5670967,
  "maxAbsoluteError": 43.11782
}