{
  "createdTimestamp": "132291001295219761",
  "avgAbsoluteError": 6.10941553,
  "avgSignedError": -3.61165237,
  "maxAbsoluteError": 40.87552
}