{
  "createdTimestamp": "132291001295219761",
  "avgAbsoluteError": 6.909557,
  "avgSignedError": -0.357071817,
  "maxAbsoluteError": 44.0934372
}