{
  "createdTimestamp": "132291001295219761",
  "avgAbsoluteError": 1.07974088,
  "avgSignedError": 0.8789918,
  "maxAbsoluteError": 4.8619194
}