{
  "createdTimestamp": "132291001295219761",
  "avgAbsoluteError": 11.170681,
  "avgSignedError": -3.80016637,
  "maxAbsoluteError": 56.1631775
}