{
  "createdTimestamp": "132291001295219761",
  "avgAbsoluteError": 9.66249,
  "avgSignedError": -5.01678228,
  "maxAbsoluteError": 37.37558
}