{
  "createdTimestamp": "132291001295219761",
  "avgAbsoluteError": 0.005928854,
  "avgSignedError": -0.00111462583,
  "maxAbsoluteError": 0.05596924
}