{
  "createdTimestamp": "132291001295219761",
  "avgAbsoluteError": 1.07144845,
  "avgSignedError": 0.00360545726,
  "maxAbsoluteError": 4.64874268
}