{
  "createdTimestamp": "132291001295219761",
  "avgAbsoluteError": 11.3513956,
  "avgSignedError": -8.439357,
  "maxAbsoluteError": 43.6496277
}