{
  "createdTimestamp": "132291001295219761",
  "avgAbsoluteError": 0.01319486,
  "avgSignedError": 0.00122638326,
  "maxAbsoluteError": 0.08860978
}