{
  "createdTimestamp": "132291001295219761",
  "avgAbsoluteError": 3.75820184,
  "avgSignedError": 1.24761975,
  "maxAbsoluteError": 14.8621225
}