{
  "createdTimestamp": "132291001295219761",
  "avgAbsoluteError": 0.007962127,
  "avgSignedError": 0.00258829584,
  "maxAbsoluteError": 0.06266503
}