{
  "createdTimestamp": "132291001295219761",
  "avgAbsoluteError": 11.9769239,
  "avgSignedError": 7.866421,
  "maxAbsoluteError": 34.6799049
}