{
  "createdTimestamp": "132291001295219761",
  "avgAbsoluteError": 3.383124,
  "avgSignedError": 2.7232,
  "maxAbsoluteError": 10.7936935
}