{
  "createdTimestamp": "132291001295219761",
  "avgAbsoluteError": 22.5237045,
  "avgSignedError": 18.6432552,
  "maxAbsoluteError": 45.45991
}