{
  "createdTimestamp": "132291001295219761",
  "avgAbsoluteError": 8.365584,
  "avgSignedError": -8.051184,
  "maxAbsoluteError": 25.446106
}