{
  "createdTimestamp": "132291001295219761",
  "avgAbsoluteError": 0.00609405525,
  "avgSignedError": 0.000320149877,
  "maxAbsoluteError": 0.06826639
}