{
  "createdTimestamp": "132291001295219761",
  "avgAbsoluteError": 25.0693245,
  "avgSignedError": 17.6378574,
  "maxAbsoluteError": 56.6544228
}