{
  "createdTimestamp": "132291001295219761",
  "avgAbsoluteError": 9.786434,
  "avgSignedError": 3.31656265,
  "maxAbsoluteError": 40.8532028
}