{
  "createdTimestamp": "132291001295219761",
  "avgAbsoluteError": 0.006567055,
  "avgSignedError": -0.004507702,
  "maxAbsoluteError": 0.0790710449
}