{
  "createdTimestamp": "132291001295219761",
  "avgAbsoluteError": 27.3349152,
  "avgSignedError": -14.0368252,
  "maxAbsoluteError": 111.772369
}