{
  "createdTimestamp": "132291001295219761",
  "avgAbsoluteError": 0.007848796,
  "avgSignedError": -0.00138844573,
  "maxAbsoluteError": 0.0514831543
}