{
  "createdTimestamp": "132291001295219761",
  "avgAbsoluteError": 12.9582825,
  "avgSignedError": 6.04602575,
  "maxAbsoluteError": 49.0068359
}