{
  "createdTimestamp": "132291001295219761",
  "avgAbsoluteError": 8.86378,
  "avgSignedError": 2.09222174,
  "maxAbsoluteError": 36.5229073
}