{
  "createdTimestamp": "132291001295219761",
  "avgAbsoluteError": 25.5996685,
  "avgSignedError": 17.6487637,
  "maxAbsoluteError": 56.82211
}