{
  "createdTimestamp": "132291001295219761",
  "avgAbsoluteError": 10.6769266,
  "avgSignedError": 0.02018072,
  "maxAbsoluteError": 50.5281448
}