{
  "createdTimestamp": "132291001295219761",
  "avgAbsoluteError": 31.3661957,
  "avgSignedError": -28.1303883,
  "maxAbsoluteError": 130.438171
}