{
  "createdTimestamp": "132291001295219761",
  "avgAbsoluteError": 10.6255875,
  "avgSignedError": 4.54534,
  "maxAbsoluteError": 52.31213
}