{
  "createdTimestamp": "132291001295219761",
  "avgAbsoluteError": 0.0126429666,
  "avgSignedError": 0.004156012,
  "maxAbsoluteError": 0.06803219
}