{
  "createdTimestamp": "132291001295219761",
  "avgAbsoluteError": 1.82008827,
  "avgSignedError": -0.932906449,
  "maxAbsoluteError": 7.39465332
}