{
  "createdTimestamp": "132291001295219761",
  "avgAbsoluteError": 7.963728,
  "avgSignedError": 3.45099139,
  "maxAbsoluteError": 35.6611443
}