{
  "createdTimestamp": "132291001295219761",
  "avgAbsoluteError": 12.3222666,
  "avgSignedError": 0.1859406,
  "maxAbsoluteError": 55.8334846
}