{
  "createdTimestamp": "132291001295219761",
  "avgAbsoluteError": 21.7167721,
  "avgSignedError": 13.1377831,
  "maxAbsoluteError": 44.0503464
}