{
  "createdTimestamp": "132291001295219761",
  "avgAbsoluteError": 11.87869,
  "avgSignedError": 8.358391,
  "maxAbsoluteError": 33.3998833
}