{
  "createdTimestamp": "132291001295219761",
  "avgAbsoluteError": 5.440067,
  "avgSignedError": -3.95975757,
  "maxAbsoluteError": 12.9187927
}