{
  "createdTimestamp": "132291001295219761",
  "avgAbsoluteError": 1.50112593,
  "avgSignedError": -0.572882056,
  "maxAbsoluteError": 5.821228
}