{
  "createdTimestamp": "132291001295219761",
  "avgAbsoluteError": 18.4669476,
  "avgSignedError": 15.3520536,
  "maxAbsoluteError": 76.73674
}