{
  "createdTimestamp": "132291001295219761",
  "avgAbsoluteError": 0.0101626953,
  "avgSignedError": 0.00323745375,
  "maxAbsoluteError": 0.0555189848
}