{
  "createdTimestamp": "132291001295219761",
  "avgAbsoluteError": 5.52815437,
  "avgSignedError": 3.34448862,
  "maxAbsoluteError": 9.765346
}