{
  "createdTimestamp": "132291001295219761",
  "avgAbsoluteError": 4.84041166,
  "avgSignedError": 3.356491,
  "maxAbsoluteError": 14.132926
}