{
  "createdTimestamp": "132291001295219761",
  "avgAbsoluteError": 0.009888119,
  "avgSignedError": -0.00132130855,
  "maxAbsoluteError": 0.08190918
}