{
  "createdTimestamp": "132291001295219761",
  "avgAbsoluteError": 4.867015,
  "avgSignedError": -4.47674751,
  "maxAbsoluteError": 19.9423218
}