{
  "createdTimestamp": "132291001295219761",
  "avgAbsoluteError": 9.032364,
  "avgSignedError": -5.37929535,
  "maxAbsoluteError": 61.9513245
}