{
  "createdTimestamp": "132291001295219761",
  "avgAbsoluteError": 0.00760592753,
  "avgSignedError": -0.000667568471,
  "maxAbsoluteError": 0.04464806
}