{
  "createdTimestamp": "132291001295219761",
  "avgAbsoluteError": 3.42252731,
  "avgSignedError": -0.357884616,
  "maxAbsoluteError": 14.6959648
}