{
  "createdTimestamp": "132291001295219761",
  "avgAbsoluteError": 4.97505331,
  "avgSignedError": -2.92593718,
  "maxAbsoluteError": 18.1546631
}