{
  "createdTimestamp": "132291001295219761",
  "avgAbsoluteError": 7.90749025,
  "avgSignedError": -7.069288,
  "maxAbsoluteError": 17.3215027
}