{
  "createdTimestamp": "132291001295219761",
  "avgAbsoluteError": 9.189946,
  "avgSignedError": 0.08785529,
  "maxAbsoluteError": 45.0771942
}