{
  "createdTimestamp": "132291001295219761",
  "avgAbsoluteError": 1.44138575,
  "avgSignedError": -0.9011701,
  "maxAbsoluteError": 3.50634766
}