{
  "createdTimestamp": "132291001295219761",
  "avgAbsoluteError": 3.37473273,
  "avgSignedError": 2.556747,
  "maxAbsoluteError": 23.2756062
}