{
  "createdTimestamp": "132291001295219761",
  "avgAbsoluteError": 1.58599377,
  "avgSignedError": 0.5869678,
  "maxAbsoluteError": 5.90312862
}