{
  "createdTimestamp": "132291001295219761",
  "avgAbsoluteError": 17.4937763,
  "avgSignedError": 14.4634228,
  "maxAbsoluteError": 57.66769
}