{
  "createdTimestamp": "132291001295219761",
  "avgAbsoluteError": 20.04366,
  "avgSignedError": -10.5521574,
  "maxAbsoluteError": 44.1075439,
  "avgSettlingTime2Degrees": 0.0340305
}