{
  "createdTimestamp": "132291001295219761",
  "avgAbsoluteError": 1.17512047,
  "avgSignedError": -0.04500503,
  "maxAbsoluteError": 4.6036377
}