{
  "createdTimestamp": "132291001295219761",
  "avgAbsoluteError": 1.35181808,
  "avgSignedError": -0.982197464,
  "maxAbsoluteError": 7.78393555
}