{
  "createdTimestamp": "132291001295219761",
  "avgAbsoluteError": 0.00533075724,
  "avgSignedError": 0.00155479775,
  "maxAbsoluteError": 0.0337278247
}