{
  "createdTimestamp": "132291001295219761",
  "avgAbsoluteError": 2.1725893,
  "avgSignedError": 0.7185399,
  "maxAbsoluteError": 12.7216988
}