{
  "createdTimestamp": "132291001295219761",
  "avgAbsoluteError": 19.3799114,
  "avgSignedError": 14.60939,
  "maxAbsoluteError": 124.452187
}