{
  "createdTimestamp": "132291001295219761",
  "avgAbsoluteError": 5.09875536,
  "avgSignedError": 3.12617588,
  "maxAbsoluteError": 9.198637
}