{
  "createdTimestamp": "132291001295219761",
  "avgAbsoluteError": 19.3482533,
  "avgSignedError": 6.755747,
  "maxAbsoluteError": 69.94324
}