{
  "createdTimestamp": "132291001295219761",
  "avgAbsoluteError": 30.67022,
  "avgSignedError": -10.5384464,
  "maxAbsoluteError": 179.629623
}