{
  "createdTimestamp": "132291001295219761",
  "avgAbsoluteError": 3.765014,
  "avgSignedError": -1.5123719,
  "maxAbsoluteError": 18.2129211,
  "avgSettlingTime2Degrees": 0.0220199
}