{
  "createdTimestamp": "132291001295219761",
  "avgAbsoluteError": 0.00572211249,
  "avgSignedError": 0.002572393,
  "maxAbsoluteError": 0.160356715
}