{
  "createdTimestamp": "132291001295219761",
  "avgAbsoluteError": 42.7655067,
  "avgSignedError": -34.6175575,
  "maxAbsoluteError": 152.335052
}