{
  "createdTimestamp": "132291001295219761",
  "avgAbsoluteError": 8.313745,
  "avgSignedError": 0.991698444,
  "maxAbsoluteError": 34.74887
}