{
  "createdTimestamp": "132291001295219761",
  "avgAbsoluteError": 0.0122314785,
  "avgSignedError": -0.000106171741,
  "maxAbsoluteError": 0.09490967
}