{
  "createdTimestamp": "132291001295219761",
  "avgAbsoluteError": 10.4081326,
  "avgSignedError": -4.19449043,
  "maxAbsoluteError": 39.6670532
}