{
  "createdTimestamp": "132291001295219761",
  "avgAbsoluteError": 6.61340952,
  "avgSignedError": 5.86336756,
  "maxAbsoluteError": 14.8141842
}