{
  "createdTimestamp": "132291001295219761",
  "avgAbsoluteError": 18.1071987,
  "avgSignedError": -12.0419216,
  "maxAbsoluteError": 43.17804
}