{
  "createdTimestamp": "132291001295219761",
  "avgAbsoluteError": 0.008836297,
  "avgSignedError": 0.006912211,
  "maxAbsoluteError": 0.059887033
}