{
  "createdTimestamp": "132291001295219761",
  "avgAbsoluteError": 0.003916801,
  "avgSignedError": 0.00142455113,
  "maxAbsoluteError": 0.03589495
}