{
  "createdTimestamp": "132291001295219761",
  "avgAbsoluteError": 7.263425,
  "avgSignedError": -4.459362,
  "maxAbsoluteError": 51.3653564
}