{
  "createdTimestamp": "132291001295219761",
  "avgAbsoluteError": 3.65237713,
  "avgSignedError": 1.49446535,
  "maxAbsoluteError": 10.4221678
}