{
  "createdTimestamp": "132291001295219761",
  "avgAbsoluteError": 0.009409936,
  "avgSignedError": 0.00678136572,
  "maxAbsoluteError": 0.07380358
}