{
  "createdTimestamp": "132291001295219761",
  "avgAbsoluteError": 2.02575064,
  "avgSignedError": -0.242987037,
  "maxAbsoluteError": 9.481812
}