{
  "createdTimestamp": "132291001295219761",
  "avgAbsoluteError": 12.2063475,
  "avgSignedError": -5.392594,
  "maxAbsoluteError": 49.979126
}