{
  "createdTimestamp": "132291001295219761",
  "avgAbsoluteError": 6.59824467,
  "avgSignedError": 5.984019,
  "maxAbsoluteError": 21.090189
}