{
  "createdTimestamp": "132291001295219761",
  "avgAbsoluteError": 12.9418259,
  "avgSignedError": -0.629773438,
  "maxAbsoluteError": 60.8086243
}