{
  "createdTimestamp": "132291001295219761",
  "avgAbsoluteError": 10.6529188,
  "avgSignedError": -10.4187346,
  "maxAbsoluteError": 27.4055176
}