{
  "createdTimestamp": "132291001295219761",
  "avgAbsoluteError": 0.00285534584,
  "avgSignedError": -0.000658832665,
  "maxAbsoluteError": 0.0263260845
}