{
  "createdTimestamp": "132291001295219761",
  "avgAbsoluteError": 29.2848072,
  "avgSignedError": 27.2894,
  "maxAbsoluteError": 111.112961
}