{
  "createdTimestamp": "132291001295219761",
  "avgAbsoluteError": 2.69004941,
  "avgSignedError": -0.14829424,
  "maxAbsoluteError": 6.12158346
}