{
  "createdTimestamp": "132291001295219761",
  "avgAbsoluteError": 22.7052364,
  "avgSignedError": -20.3741589,
  "maxAbsoluteError": 50.5903
}