{
  "createdTimestamp": "132291001295219761",
  "avgAbsoluteError": 1.53740239,
  "avgSignedError": -0.5457772,
  "maxAbsoluteError": 7.000305
}