{
  "createdTimestamp": "132291001295219761",
  "avgAbsoluteError": 4.225021,
  "avgSignedError": 1.64254236,
  "maxAbsoluteError": 15.8050728
}