{
  "createdTimestamp": "132291001295219761",
  "avgAbsoluteError": 0.005626987,
  "avgSignedError": 0.00347464881,
  "maxAbsoluteError": 0.11670009
}