{
  "createdTimestamp": "132291001295219761",
  "avgAbsoluteError": 41.885685,
  "avgSignedError": -38.6054039,
  "maxAbsoluteError": 154.629166
}