{
  "createdTimestamp": "132291001295219761",
  "avgAbsoluteError": 12.3303356,
  "avgSignedError": -8.040602,
  "maxAbsoluteError": 44.0050659
}