{
  "createdTimestamp": "132291001295219761",
  "avgAbsoluteError": 23.87062,
  "avgSignedError": -4.10828,
  "maxAbsoluteError": 172.48056
}