{
  "createdTimestamp": "132291001295219761",
  "avgAbsoluteError": 0.005876079,
  "avgSignedError": 0.00328104338,
  "maxAbsoluteError": 0.205128208
}