{
  "createdTimestamp": "132291001295219761",
  "avgAbsoluteError": 0.00774028851,
  "avgSignedError": 0.00260193739,
  "maxAbsoluteError": 0.07475229
}