{
  "createdTimestamp": "132291001295219761",
  "avgAbsoluteError": 24.2440262,
  "avgSignedError": -15.0697145,
  "maxAbsoluteError": 60.0333862
}