{
  "createdTimestamp": "132291001295219761",
  "avgAbsoluteError": 0.00918803,
  "avgSignedError": 0.00346376514,
  "maxAbsoluteError": 0.04847459
}