{
  "createdTimestamp": "132291001295219761",
  "avgAbsoluteError": 5.480266,
  "avgSignedError": 3.137641,
  "maxAbsoluteError": 9.903303
}