{
  "createdTimestamp": "132291001295219761",
  "avgAbsoluteError": 0.0104764123,
  "avgSignedError": 0.00770342164,
  "maxAbsoluteError": 0.08082433
}