{
  "createdTimestamp": "132291001295219761",
  "avgAbsoluteError": 1.90678918,
  "avgSignedError": -0.823674,
  "maxAbsoluteError": 9.066193
}