{
  "createdTimestamp": "132291001295219761",
  "avgAbsoluteError": 9.243443,
  "avgSignedError": -0.0302296057,
  "maxAbsoluteError": 47.024353
}