{
  "createdTimestamp": "132291001295219761",
  "avgAbsoluteError": 23.6028614,
  "avgSignedError": -14.8810415,
  "maxAbsoluteError": 56.7025452
}