{
  "createdTimestamp": "132291001295219761",
  "avgAbsoluteError": 0.005891453,
  "avgSignedError": 0.00383510487,
  "maxAbsoluteError": 0.138608441
}