{
  "createdTimestamp": "132291001295219761",
  "avgAbsoluteError": 9.407839,
  "avgSignedError": 6.21182156,
  "maxAbsoluteError": 53.44718
}