{
  "createdTimestamp": "132291001295219761",
  "avgAbsoluteError": 0.00543991942,
  "avgSignedError": -0.000125125778,
  "maxAbsoluteError": 0.15322876
}