{
  "createdTimestamp": "132291001295219761",
  "avgAbsoluteError": 5.585007,
  "avgSignedError": 1.50535071,
  "maxAbsoluteError": 28.3830585
}