{
  "createdTimestamp": "132291001295219761",
  "avgAbsoluteError": 12.31218,
  "avgSignedError": -8.879601,
  "maxAbsoluteError": 46.328125
}