{
  "createdTimestamp": "132291001295219761",
  "avgAbsoluteError": 7.635945,
  "avgSignedError": 0.332864225,
  "maxAbsoluteError": 50.7874756
}