{
  "createdTimestamp": "132291001295219761",
  "avgAbsoluteError": 2.07833576,
  "avgSignedError": 1.13479924,
  "maxAbsoluteError": 6.72546625
}