{
  "createdTimestamp": "132291001295219761",
  "avgAbsoluteError": 6.293394,
  "avgSignedError": -3.363738,
  "maxAbsoluteError": 23.87442
}