{
  "createdTimestamp": "132291001295219761",
  "avgAbsoluteError": 0.0120342858,
  "avgSignedError": 0.0101846028,
  "maxAbsoluteError": 0.09128255
}