{
  "createdTimestamp": "132291001295219761",
  "avgAbsoluteError": 7.751264,
  "avgSignedError": 6.8912077,
  "maxAbsoluteError": 18.1616039
}