{
  "createdTimestamp": "132291001295219761",
  "avgAbsoluteError": 15.1356478,
  "avgSignedError": -7.859396,
  "maxAbsoluteError": 60.26367
}