{
  "createdTimestamp": "132291001295219761",
  "avgAbsoluteError": 8.585707,
  "avgSignedError": 0.433788478,
  "maxAbsoluteError": 46.5097046
}