{
  "createdTimestamp": "132291001295219761",
  "avgAbsoluteError": 14.3261032,
  "avgSignedError": -9.788947,
  "maxAbsoluteError": 62.49295
}