{
  "createdTimestamp": "132291001295219761",
  "avgAbsoluteError": 16.7412624,
  "avgSignedError": -13.3839521,
  "maxAbsoluteError": 54.1557
}