{
  "createdTimestamp": "132291001295219761",
  "avgAbsoluteError": 10.666666,
  "avgSignedError": -0.472132623,
  "maxAbsoluteError": 49.7094727
}