{
  "createdTimestamp": "132291001295219761",
  "avgAbsoluteError": 8.4035635,
  "avgSignedError": 2.41617274,
  "maxAbsoluteError": 42.6801224
}