{
  "createdTimestamp": "132291001295219761",
  "avgAbsoluteError": 0.00515249837,
  "avgSignedError": 0.00153049687,
  "maxAbsoluteError": 0.05410613
}