{
  "createdTimestamp": "132291001295219761",
  "avgAbsoluteError": 0.0076934346,
  "avgSignedError": 0.00125373574,
  "maxAbsoluteError": 0.0379540548
}