{
  "createdTimestamp": "132291001295219761",
  "avgAbsoluteError": 0.00372708938,
  "avgSignedError": -0.00117599417,
  "maxAbsoluteError": 0.06683206
}