{
  "createdTimestamp": "132291001295219761",
  "avgAbsoluteError": 8.607415,
  "avgSignedError": 7.027274,
  "maxAbsoluteError": 28.02552
}