{
  "createdTimestamp": "132291001295219761",
  "avgAbsoluteError": 11.7383032,
  "avgSignedError": 11.185339,
  "maxAbsoluteError": 30.9274712
}