{
  "createdTimestamp": "132291001295219761",
  "avgAbsoluteError": 19.7000942,
  "avgSignedError": -14.5720758,
  "maxAbsoluteError": 56.20923
}