{
  "createdTimestamp": "132291001295219761",
  "avgAbsoluteError": 9.10147,
  "avgSignedError": 8.71472549,
  "maxAbsoluteError": 29.0623913
}