{
  "createdTimestamp": "132291001295219761",
  "avgAbsoluteError": 10.7831869,
  "avgSignedError": -10.208251,
  "maxAbsoluteError": 32.82715
}