{
  "createdTimestamp": "132291001295219761",
  "avgAbsoluteError": 8.494521,
  "avgSignedError": 5.998601,
  "maxAbsoluteError": 29.3583984
}