{
  "createdTimestamp": "132266690438338767",
  "avgAbsoluteError": 21.6161423,
  "avgSignedError": 2.24909472,
  "maxAbsoluteError": 177.632813,
  "avgSettlingTime2Degrees": 0.679884
}