{
  "createdTimestamp": "132266690438338767",
  "avgAbsoluteError": 27.635334,
  "avgSignedError": -5.917782,
  "maxAbsoluteError": 178.623123,
  "avgSettlingTime2Degrees": 0.679884
}