{
  "createdTimestamp": "132266690438338767",
  "avgAbsoluteError": 15.895813,
  "avgSignedError": 10.5386887,
  "maxAbsoluteError": 96.6689148
}