{
  "createdTimestamp": "132266690438338767",
  "avgAbsoluteError": 17.6876,
  "avgSignedError": 0.151335269,
  "maxAbsoluteError": 178.3162,
  "maxOvershoot": 176.126221,
  "avgSettlingTime10Degrees": 0.679884,
  "avgSettlingTime5Degrees": 0.679884,
  "avgSettlingTime2Degrees": 0.679884,
  "avgCompleteResponseTime": 0.0280247
}