{
  "createdTimestamp": "132266690438338767",
  "avgAbsoluteError": 16.91834,
  "avgSignedError": -2.05465627,
  "maxAbsoluteError": 178.439163,
  "avgSettlingTime5Degrees": 0.679884,
  "avgSettlingTime2Degrees": 0.679884
}