{
  "createdTimestamp": "132266690438338767",
  "avgAbsoluteError": 10.12949,
  "avgSignedError": -1.58987486,
  "maxAbsoluteError": 108.29393,
  "maxOvershoot": 87.73947,
  "avgSettlingTime10Degrees": 0.6298387,
  "avgSettlingTime5Degrees": 0.6298387,
  "avgSettlingTime2Degrees": 0.6528595,
  "avg10PercentResponseTime": 0.0,
  "avg50PercentResponseTime": 0.0,
  "avgCompleteResponseTime": 0.055049
}