{
  "createdTimestamp": "132266690438338767",
  "avgAbsoluteError": 7.36986732,
  "avgSignedError": 1.7816534,
  "maxAbsoluteError": 171.107635
}