{
  "createdTimestamp": "132266690438338767",
  "avgAbsoluteError": 4.106922,
  "avgSignedError": 0.706617653,
  "maxAbsoluteError": 88.45754
}