{
  "createdTimestamp": "132266690438338767",
  "avgAbsoluteError": 14.8558969,
  "avgSignedError": -9.133152,
  "maxAbsoluteError": 82.85657,
  "avgSettlingTime2Degrees": 0.3746091
}