{
  "createdTimestamp": "132266690438338767",
  "avgAbsoluteError": 7.64261961,
  "avgSignedError": 2.29259682,
  "maxAbsoluteError": 81.28702
}