{
  "createdTimestamp": "132266690438338767",
  "avgAbsoluteError": 8.142165,
  "avgSignedError": 2.57128453,
  "maxAbsoluteError": 179.969376
}