{
  "createdTimestamp": "132266690438338767",
  "avgAbsoluteError": 18.5122261,
  "avgSignedError": -5.90423775,
  "maxAbsoluteError": 177.658325,
  "maxOvershoot": 164.417969,
  "avgSettlingTime10Degrees": 0.3746091,
  "avgSettlingTime5Degrees": 0.3746091,
  "avgSettlingTime2Degrees": 0.3746091,
  "avg10PercentResponseTime": 0.0,
  "avgCompleteResponseTime": 0.0280247
}