{
  "createdTimestamp": "132266690438338767",
  "avgAbsoluteError": 42.8919334,
  "avgSignedError": 37.2323647,
  "maxAbsoluteError": 125.754761,
  "maxOvershoot": 81.28006,
  "avgSettlingTime10Degrees": 0.6528595,
  "avgSettlingTime5Degrees": 0.6528595,
  "avgSettlingTime2Degrees": 0.679884,
  "avg10PercentResponseTime": 0.0,
  "avgCompleteResponseTime": 0.0280247
}