{
  "createdTimestamp": "132266690438338767",
  "avgAbsoluteError": 3.80493116,
  "avgSignedError": -0.179071143,
  "maxAbsoluteError": 81.6971741
}