{
  "createdTimestamp": "132266690438338767",
  "avgAbsoluteError": 7.292511,
  "avgSignedError": 0.200099245,
  "maxAbsoluteError": 177.131638
}