{
  "createdTimestamp": "132266690438338767",
  "avgAbsoluteError": 9.555984,
  "avgSignedError": -2.35947919,
  "maxAbsoluteError": 173.998642
}