{
  "createdTimestamp": "132266690438338767",
  "avgAbsoluteError": 11.404624,
  "avgSignedError": 1.22119832,
  "maxAbsoluteError": 113.209412
}