{
  "createdTimestamp": "132266690438338767",
  "avgAbsoluteError": 19.0387955,
  "avgSignedError": -8.521403,
  "maxAbsoluteError": 96.28137,
  "avgSettlingTime5Degrees": 0.3746091,
  "avgSettlingTime2Degrees": 0.3746091
}