{
  "createdTimestamp": "132266690438338767",
  "avgAbsoluteError": 8.023238,
  "avgSignedError": 3.22127676,
  "maxAbsoluteError": 85.64545
}