{
  "createdTimestamp": "132266690438338767",
  "avgAbsoluteError": 42.5423279,
  "avgSignedError": 1.31806624,
  "maxAbsoluteError": 179.5058,
  "maxOvershoot": 171.11261,
  "avgSettlingTime10Degrees": 0.3746091,
  "avgSettlingTime5Degrees": 0.3746091,
  "avgSettlingTime2Degrees": 0.3746091,
  "avgCompleteResponseTime": 0.055049
}