{
  "createdTimestamp": "132266690438338767",
  "avgAbsoluteError": 8.918674,
  "avgSignedError": -0.9305448,
  "maxAbsoluteError": 175.456345
}