{
  "createdTimestamp": "132266690438338767",
  "avgAbsoluteError": 3.802852,
  "avgSignedError": 0.2447306,
  "maxAbsoluteError": 86.17811
}