{
  "createdTimestamp": "132266690438338767",
  "avgAbsoluteError": 32.2774162,
  "avgSignedError": 17.8757324,
  "maxAbsoluteError": 179.9317,
  "maxOvershoot": 203.530777,
  "avgSettlingTime10Degrees": 0.679884,
  "avgSettlingTime5Degrees": 0.679884,
  "avgSettlingTime2Degrees": 0.679884,
  "avgCompleteResponseTime": 0.0810726
}