{
  "createdTimestamp": "132266690438338767",
  "avgAbsoluteError": 13.5958986,
  "avgSignedError": -0.380697876,
  "maxAbsoluteError": 178.526382,
  "maxOvershoot": 201.4494,
  "avgSettlingTime10Degrees": 0.679884,
  "avgSettlingTime5Degrees": 0.679884,
  "avgSettlingTime2Degrees": 0.679884,
  "avg10PercentResponseTime": 0.107096,
  "avgCompleteResponseTime": 0.107096
}