{
  "createdTimestamp": "132266690438338767",
  "avgAbsoluteError": 7.82374334,
  "avgSignedError": -1.77396584,
  "maxAbsoluteError": 172.677414
}