{
  "createdTimestamp": "132266690438338767",
  "avgAbsoluteError": 12.7292671,
  "avgSignedError": -2.11779451,
  "maxAbsoluteError": 83.358,
  "maxOvershoot": 74.65991,
  "avgSettlingTime10Degrees": 0.679884,
  "avgSettlingTime5Degrees": 0.679884,
  "avgSettlingTime2Degrees": 0.679884,
  "avg10PercentResponseTime": 0.0,
  "avg50PercentResponseTime": 0.0,
  "avgCompleteResponseTime": 0.0280247
}