{
  "createdTimestamp": "132266690438338767",
  "avgAbsoluteError": 26.7481155,
  "avgSignedError": -1.5432806,
  "maxAbsoluteError": 178.722534
}