{
  "createdTimestamp": "132266690438338767",
  "avgAbsoluteError": 23.635273,
  "avgSignedError": 2.69752431,
  "maxAbsoluteError": 177.931808,
  "maxOvershoot": 216.027908,
  "avgSettlingTime10Degrees": 0.679884,
  "avgSettlingTime5Degrees": 0.679884,
  "avgSettlingTime2Degrees": 0.679884,
  "avgCompleteResponseTime": 0.1361222
}