{
  "createdTimestamp": "132266690438338767",
  "avgAbsoluteError": 27.78184,
  "avgSignedError": -10.1862612,
  "maxAbsoluteError": 179.797821
}