{
  "createdTimestamp": "132266690438338767",
  "avgAbsoluteError": 11.2243786,
  "avgSignedError": -2.6100533,
  "maxAbsoluteError": 178.6479,
  "maxOvershoot": 171.978867,
  "avgSettlingTime10Degrees": 0.679884,
  "avgSettlingTime5Degrees": 0.679884,
  "avgSettlingTime2Degrees": 0.679884,
  "avg10PercentResponseTime": 0.0280247,
  "avg50PercentResponseTime": 0.0280247,
  "avgCompleteResponseTime": 0.0280247
}