{
  "createdTimestamp": "132266690438338767",
  "avgAbsoluteError": 23.6819878,
  "avgSignedError": -4.189025,
  "maxAbsoluteError": 177.057281,
  "maxOvershoot": 209.0622,
  "avgSettlingTime10Degrees": 0.679884,
  "avgSettlingTime5Degrees": 0.679884,
  "avgSettlingTime2Degrees": 0.679884,
  "avgCompleteResponseTime": 0.0280247
}