{
  "createdTimestamp": "132266690438338767",
  "avgAbsoluteError": 36.6241341,
  "avgSignedError": 21.5950661,
  "maxAbsoluteError": 179.366,
  "maxOvershoot": 198.553314,
  "avgSettlingTime10Degrees": 0.679884,
  "avgSettlingTime5Degrees": 0.679884,
  "avgSettlingTime2Degrees": 0.679884,
  "avgCompleteResponseTime": 0.0280247
}