{
  "createdTimestamp": "132266690438338767",
  "avgAbsoluteError": 11.8201447,
  "avgSignedError": -9.132374,
  "maxAbsoluteError": 155.2565,
  "maxOvershoot": 115.902649,
  "avgSettlingTime10Degrees": 0.679884,
  "avgSettlingTime5Degrees": 0.679884,
  "avgSettlingTime2Degrees": 0.679884,
  "avg10PercentResponseTime": 0.0280247,
  "avg50PercentResponseTime": 0.0280247,
  "avgCompleteResponseTime": 0.055049
}