{
  "createdTimestamp": "132266690438338767",
  "avgAbsoluteError": 38.56018,
  "avgSignedError": 27.8807316,
  "maxAbsoluteError": 178.137573,
  "maxOvershoot": 213.76358,
  "avgSettlingTime10Degrees": 0.679884,
  "avgSettlingTime5Degrees": 0.679884,
  "avgSettlingTime2Degrees": 0.679884,
  "avg10PercentResponseTime": 0.0,
  "avgCompleteResponseTime": 0.055049
}