{
  "createdTimestamp": "132266690438338767",
  "avgAbsoluteError": 7.05071974,
  "avgSignedError": 2.46085238,
  "maxAbsoluteError": 89.49505
}