{
  "createdTimestamp": "132266690438338767",
  "avgAbsoluteError": 23.7883949,
  "avgSignedError": -4.393254,
  "maxAbsoluteError": 178.161758,
  "maxOvershoot": 168.053,
  "avgSettlingTime10Degrees": 0.3746091,
  "avgSettlingTime5Degrees": 0.3746091,
  "avgSettlingTime2Degrees": 0.3746091,
  "avg10PercentResponseTime": 0.0,
  "avg50PercentResponseTime": 0.0,
  "avgCompleteResponseTime": 0.0280247
}