{
  "createdTimestamp": "132266690438338767",
  "avgAbsoluteError": 7.440867,
  "avgSignedError": 2.11671233,
  "maxAbsoluteError": 79.164856
}