{
  "createdTimestamp": "132266690438338767",
  "avgAbsoluteError": 3.9276948,
  "avgSignedError": 0.441678017,
  "maxAbsoluteError": 78.70627
}