{
  "createdTimestamp": "132266690438338767",
  "avgAbsoluteError": 4.058677,
  "avgSignedError": -0.037423458,
  "maxAbsoluteError": 86.602356
}