{
  "createdTimestamp": "132266690438338767",
  "avgAbsoluteError": 9.577797,
  "avgSignedError": 1.05474329,
  "maxAbsoluteError": 178.970566
}