{
  "createdTimestamp": "132266690438338767",
  "avgAbsoluteError": 4.19881725,
  "avgSignedError": -0.668186247,
  "maxAbsoluteError": 81.7443848
}