{
  "createdTimestamp": "132266690438338767",
  "avgAbsoluteError": 37.1740952,
  "avgSignedError": 19.9085426,
  "maxAbsoluteError": 177.870346,
  "maxOvershoot": 213.6412,
  "avgSettlingTime10Degrees": 0.679884,
  "avgSettlingTime5Degrees": 0.679884,
  "avgSettlingTime2Degrees": 0.679884,
  "avgCompleteResponseTime": 0.0280247
}