{
  "createdTimestamp": "132266690438338767",
  "avgAbsoluteError": 16.435051,
  "avgSignedError": -0.323890656,
  "maxAbsoluteError": 178.1487,
  "maxOvershoot": 137.574432,
  "avgSettlingTime10Degrees": 0.3746091,
  "avgSettlingTime5Degrees": 0.3746091,
  "avgSettlingTime2Degrees": 0.3746091,
  "avg10PercentResponseTime": 0.0280247,
  "avgCompleteResponseTime": 0.0280247
}