{
  "createdTimestamp": "132266690438338767",
  "avgAbsoluteError": 22.348875,
  "avgSignedError": 0.101253577,
  "maxAbsoluteError": 179.938034,
  "maxOvershoot": 170.305222,
  "avgSettlingTime10Degrees": 0.3746091,
  "avgSettlingTime5Degrees": 0.3746091,
  "avgSettlingTime2Degrees": 0.3746091,
  "avg10PercentResponseTime": 0.0,
  "avg50PercentResponseTime": 0.0,
  "avgCompleteResponseTime": 0.0280247
}