{
  "createdTimestamp": "132266690438338767",
  "avgAbsoluteError": 22.7963047,
  "avgSignedError": -1.95056331,
  "maxAbsoluteError": 177.883392,
  "maxOvershoot": 182.294586,
  "avgSettlingTime10Degrees": 0.679884,
  "avgSettlingTime5Degrees": 0.679884,
  "avgSettlingTime2Degrees": 0.679884,
  "avgCompleteResponseTime": 0.0810726
}