{
  "createdTimestamp": "132266690438338767",
  "avgAbsoluteError": 48.5030365,
  "avgSignedError": 25.9917049,
  "maxAbsoluteError": 177.056091,
  "avgSettlingTime5Degrees": 0.3746091,
  "avgSettlingTime2Degrees": 0.3746091
}