{
  "createdTimestamp": "132266690438338767",
  "avgAbsoluteError": 7.901839,
  "avgSignedError": -0.925259948,
  "maxAbsoluteError": 82.68915,
  "maxOvershoot": 74.59555,
  "avgSettlingTime10Degrees": 0.679884,
  "avgSettlingTime5Degrees": 0.679884,
  "avgSettlingTime2Degrees": 0.679884,
  "avgCompleteResponseTime": 0.0280247
}