{
  "createdTimestamp": "132266690438338767",
  "avgAbsoluteError": 37.10963,
  "avgSignedError": 20.2760372,
  "maxAbsoluteError": 172.537415,
  "maxOvershoot": 215.04451,
  "avgSettlingTime10Degrees": 0.679884,
  "avgSettlingTime5Degrees": 0.679884,
  "avgSettlingTime2Degrees": 0.679884,
  "avgCompleteResponseTime": 0.0280247
}