{
  "createdTimestamp": "132266690438338767",
  "avgAbsoluteError": 25.7275276,
  "avgSignedError": -1.4585849,
  "maxAbsoluteError": 178.9545,
  "maxOvershoot": 174.008942,
  "avgSettlingTime10Degrees": 0.3746091,
  "avgSettlingTime5Degrees": 0.3746091,
  "avgSettlingTime2Degrees": 0.3746091,
  "avgCompleteResponseTime": 0.0280247
}