{
  "createdTimestamp": "132266690438338767",
  "avgAbsoluteError": 13.854003,
  "avgSignedError": -4.965877,
  "maxAbsoluteError": 179.361038,
  "avgSettlingTime2Degrees": 0.679884
}