{
  "createdTimestamp": "132266690438338767",
  "avgAbsoluteError": 45.1843033,
  "avgSignedError": -1.40485787,
  "maxAbsoluteError": 179.7916,
  "maxOvershoot": 166.918884,
  "avgSettlingTime10Degrees": 0.3746091,
  "avgSettlingTime5Degrees": 0.3746091,
  "avgSettlingTime2Degrees": 0.3746091,
  "avgCompleteResponseTime": 0.0280247
}