{
  "createdTimestamp": "132266690438338767",
  "avgAbsoluteError": 44.52186,
  "avgSignedError": 33.33295,
  "maxAbsoluteError": 178.340851,
  "maxOvershoot": 215.152435,
  "avgSettlingTime10Degrees": 0.679884,
  "avgSettlingTime5Degrees": 0.679884,
  "avgSettlingTime2Degrees": 0.679884,
  "avg10PercentResponseTime": 0.0,
  "avg50PercentResponseTime": 0.0,
  "avgCompleteResponseTime": 0.055049
}