{
  "createdTimestamp": "132266690438338767",
  "avgAbsoluteError": 7.68182135,
  "avgSignedError": -0.0394485965,
  "maxAbsoluteError": 172.7392
}