{
  "createdTimestamp": "132266690438338767",
  "avgAbsoluteError": 16.6174736,
  "avgSignedError": 3.77660728,
  "maxAbsoluteError": 178.524857,
  "avgSettlingTime5Degrees": 0.3746091,
  "avgSettlingTime2Degrees": 0.3746091
}