{
  "createdTimestamp": "132266690438338767",
  "avgAbsoluteError": 45.29361,
  "avgSignedError": 34.26001,
  "maxAbsoluteError": 179.8639,
  "maxOvershoot": 207.391129,
  "avgSettlingTime10Degrees": 0.679884,
  "avgSettlingTime5Degrees": 0.679884,
  "avgSettlingTime2Degrees": 0.679884,
  "avg10PercentResponseTime": 0.0280247,
  "avg50PercentResponseTime": 0.0280247,
  "avgCompleteResponseTime": 0.055049
}