{
  "createdTimestamp": "132266690438338767",
  "avgAbsoluteError": 23.7370682,
  "avgSignedError": -2.619372,
  "maxAbsoluteError": 179.302429,
  "maxOvershoot": 189.860321,
  "avgSettlingTime10Degrees": 0.679884,
  "avgSettlingTime5Degrees": 0.679884,
  "avgSettlingTime2Degrees": 0.679884,
  "avg10PercentResponseTime": 0.0,
  "avgCompleteResponseTime": 0.0280247
}