{
  "createdTimestamp": "132266690438338767",
  "avgAbsoluteError": 4.275725,
  "avgSignedError": 0.401192516,
  "maxAbsoluteError": 87.59839
}