{
  "createdTimestamp": "132266690438338767",
  "avgAbsoluteError": 24.69468,
  "avgSignedError": -10.9284887,
  "maxAbsoluteError": 178.134491,
  "avgSettlingTime2Degrees": 0.679884
}