{
  "createdTimestamp": "132266690438338767",
  "avgAbsoluteError": 23.5209217,
  "avgSignedError": -12.9457865,
  "maxAbsoluteError": 103.609619,
  "avgSettlingTime5Degrees": 0.3746091,
  "avgSettlingTime2Degrees": 0.3746091
}