{
  "createdTimestamp": "132266690438338767",
  "avgAbsoluteError": 7.77770948,
  "avgSignedError": 0.137391344,
  "maxAbsoluteError": 179.72084
}