{
  "createdTimestamp": "132266690438338767",
  "avgAbsoluteError": 18.4532928,
  "avgSignedError": 1.83379149,
  "maxAbsoluteError": 179.914322,
  "maxOvershoot": 191.4839,
  "avgSettlingTime10Degrees": 0.679884,
  "avgSettlingTime5Degrees": 0.679884,
  "avgSettlingTime2Degrees": 0.679884,
  "avg10PercentResponseTime": 0.0280247,
  "avgCompleteResponseTime": 0.0280247
}