{
  "createdTimestamp": "132266690438338767",
  "avgAbsoluteError": 43.5460739,
  "avgSignedError": 32.1981354,
  "maxAbsoluteError": 177.647476,
  "maxOvershoot": 214.583466,
  "avgSettlingTime10Degrees": 0.679884,
  "avgSettlingTime5Degrees": 0.679884,
  "avgSettlingTime2Degrees": 0.679884,
  "avg10PercentResponseTime": 0.0280247,
  "avg50PercentResponseTime": 0.107096,
  "avgCompleteResponseTime": 0.1601438
}