{
  "createdTimestamp": "132266690438338767",
  "avgAbsoluteError": 28.96758,
  "avgSignedError": 17.2093582,
  "maxAbsoluteError": 179.726059,
  "maxOvershoot": 197.717789,
  "avgSettlingTime10Degrees": 0.679884,
  "avgSettlingTime5Degrees": 0.679884,
  "avgSettlingTime2Degrees": 0.679884,
  "avgCompleteResponseTime": 0.055049
}