{
  "createdTimestamp": "132266690438338767",
  "avgAbsoluteError": 7.246729,
  "avgSignedError": 3.57879043,
  "maxAbsoluteError": 89.04498,
  "avgSettlingTime2Degrees": 0.679884
}