{
  "createdTimestamp": "132266690438338767",
  "avgAbsoluteError": 16.672699,
  "avgSignedError": -0.288383633,
  "maxAbsoluteError": 179.249146
}