{
  "createdTimestamp": "132266690438338767",
  "avgAbsoluteError": 7.785561,
  "avgSignedError": 1.28909242,
  "maxAbsoluteError": 176.372116
}