{
  "createdTimestamp": "132266690438338767",
  "avgAbsoluteError": 3.94266343,
  "avgSignedError": -0.889188468,
  "maxAbsoluteError": 78.9661255
}