{
  "createdTimestamp": "132266690438338767",
  "avgAbsoluteError": 15.9956245,
  "avgSignedError": -3.21837258,
  "maxAbsoluteError": 178.832947,
  "maxOvershoot": 176.89328,
  "avgSettlingTime10Degrees": 0.3746091,
  "avgSettlingTime5Degrees": 0.3746091,
  "avgSettlingTime2Degrees": 0.3746091,
  "avgCompleteResponseTime": 0.0280247
}