{
  "createdTimestamp": "132266690438338767",
  "avgAbsoluteError": 17.313446,
  "avgSignedError": -0.63898015,
  "maxAbsoluteError": 179.61618
}