{
  "createdTimestamp": "132266690438338767",
  "avgAbsoluteError": 22.451704,
  "avgSignedError": -1.73394585,
  "maxAbsoluteError": 176.9892,
  "maxOvershoot": 173.43985,
  "avgSettlingTime10Degrees": 0.679884,
  "avgSettlingTime5Degrees": 0.679884,
  "avgSettlingTime2Degrees": 0.679884,
  "avg10PercentResponseTime": 0.0280247,
  "avgCompleteResponseTime": 0.055049
}