{
  "createdTimestamp": "132266690438338767",
  "avgAbsoluteError": 15.9007931,
  "avgSignedError": 6.086416,
  "maxAbsoluteError": 160.658585,
  "maxOvershoot": 160.658585,
  "avgSettlingTime10Degrees": 0.679884,
  "avgSettlingTime5Degrees": 0.679884,
  "avgSettlingTime2Degrees": 0.679884,
  "avg10PercentResponseTime": 0.1361222,
  "avg50PercentResponseTime": 0.1361222,
  "avgCompleteResponseTime": 0.1361222
}