{
  "createdTimestamp": "132266690438338767",
  "avgAbsoluteError": 14.2000761,
  "avgSignedError": -0.5397078,
  "maxAbsoluteError": 179.356064,
  "maxOvershoot": 169.819733,
  "avgSettlingTime10Degrees": 0.679884,
  "avgSettlingTime5Degrees": 0.679884,
  "avgSettlingTime2Degrees": 0.679884,
  "avgCompleteResponseTime": 0.107096
}