{
  "createdTimestamp": "132266690438338767",
  "avgAbsoluteError": 7.671501,
  "avgSignedError": 0.464423656,
  "maxAbsoluteError": 103.230469,
  "maxOvershoot": 75.05076,
  "avgSettlingTime10Degrees": 0.679884,
  "avgSettlingTime5Degrees": 0.679884,
  "avgSettlingTime2Degrees": 0.679884,
  "avg10PercentResponseTime": 0.0280247,
  "avg50PercentResponseTime": 0.0280247,
  "avgCompleteResponseTime": 0.1601438
}