{
  "createdTimestamp": "132266690438338767",
  "avgAbsoluteError": 15.4591122,
  "avgSignedError": -1.842067,
  "maxAbsoluteError": 179.157013,
  "avgSettlingTime2Degrees": 0.679884
}