{
  "createdTimestamp": "132266690438338767",
  "avgAbsoluteError": 2.90913415,
  "avgSignedError": 0.253029734,
  "maxAbsoluteError": 84.14219
}