{
  "createdTimestamp": "132266690438338767",
  "avgAbsoluteError": 13.0982895,
  "avgSignedError": 3.44302177,
  "maxAbsoluteError": 174.955658,
  "maxOvershoot": 190.028976,
  "avgSettlingTime10Degrees": 0.6528595,
  "avgSettlingTime5Degrees": 0.679884,
  "avgSettlingTime2Degrees": 0.679884,
  "avg10PercentResponseTime": 0.2131919,
  "avg50PercentResponseTime": 0.2131919,
  "avgCompleteResponseTime": 0.2131919
}