{
  "createdTimestamp": "132266690438338767",
  "avgAbsoluteError": 3.360455,
  "avgSignedError": 0.6233519,
  "maxAbsoluteError": 77.25369
}