{
  "createdTimestamp": "132266690438338767",
  "avgAbsoluteError": 18.7190762,
  "avgSignedError": -3.18006921,
  "maxAbsoluteError": 178.390411,
  "maxOvershoot": 200.663345,
  "avgSettlingTime10Degrees": 0.679884,
  "avgSettlingTime5Degrees": 0.679884,
  "avgSettlingTime2Degrees": 0.679884,
  "avg10PercentResponseTime": 0.0,
  "avg50PercentResponseTime": 0.0280247,
  "avgCompleteResponseTime": 0.0810726
}