{
  "createdTimestamp": "132266690438338767",
  "avgAbsoluteError": 8.721447,
  "avgSignedError": 0.5103886,
  "maxAbsoluteError": 30.794342,
  "avgSettlingTime10Degrees": 0.0810726,
  "avgSettlingTime5Degrees": 0.2472224,
  "avgSettlingTime2Degrees": 0.3746091,
  "avg10PercentResponseTime": 0.0,
  "avg50PercentResponseTime": 0.0
}