{
  "createdTimestamp": "132266690438338767",
  "avgAbsoluteError": 7.694396,
  "avgSignedError": -2.8692553,
  "maxAbsoluteError": 178.734619
}