{
  "createdTimestamp": "132266690438338767",
  "avgAbsoluteError": 10.9618053,
  "avgSignedError": -1.91251314,
  "maxAbsoluteError": 179.685471,
  "maxOvershoot": 179.685471,
  "avgSettlingTime10Degrees": 0.679884,
  "avgSettlingTime5Degrees": 0.679884,
  "avgSettlingTime2Degrees": 0.679884,
  "avgCompleteResponseTime": 0.0280247
}