{
  "createdTimestamp": "132266690438338767",
  "avgAbsoluteError": 11.9064579,
  "avgSignedError": -1.01370168,
  "maxAbsoluteError": 179.605179,
  "avgSettlingTime5Degrees": 0.679884,
  "avgSettlingTime2Degrees": 0.679884
}