{
  "createdTimestamp": "132266690438338767",
  "avgAbsoluteError": 28.4272137,
  "avgSignedError": -12.3973083,
  "maxAbsoluteError": 178.26178,
  "maxOvershoot": 228.703262,
  "avgSettlingTime10Degrees": 0.679884,
  "avgSettlingTime5Degrees": 0.679884,
  "avgSettlingTime2Degrees": 0.679884,
  "avgCompleteResponseTime": 0.107096
}