{
  "createdTimestamp": "132266690438338767",
  "avgAbsoluteError": 37.3391724,
  "avgSignedError": -15.3171091,
  "maxAbsoluteError": 179.244522,
  "avgSettlingTime5Degrees": 0.679884,
  "avgSettlingTime2Degrees": 0.679884
}