{
  "createdTimestamp": "132266690438338767",
  "avgAbsoluteError": 7.076082,
  "avgSignedError": 1.640351,
  "maxAbsoluteError": 179.971756
}