{
  "createdTimestamp": "132266690438338767",
  "avgAbsoluteError": 6.87303,
  "avgSignedError": 2.46528435,
  "maxAbsoluteError": 89.3671646,
  "avgSettlingTime5Degrees": 0.3746091,
  "avgSettlingTime2Degrees": 0.3746091
}