{
  "createdTimestamp": "132266690438338767",
  "avgAbsoluteError": 2.71790123,
  "avgSignedError": -0.9460226,
  "maxAbsoluteError": 14.35194,
  "avgSettlingTime2Degrees": 0.0
}