{
  "createdTimestamp": "132266690438338767",
  "avgAbsoluteError": 17.763979,
  "avgSignedError": -3.512452,
  "maxAbsoluteError": 179.93103,
  "maxOvershoot": 147.274948,
  "avgSettlingTime10Degrees": 0.3746091,
  "avgSettlingTime5Degrees": 0.3746091,
  "avgSettlingTime2Degrees": 0.3746091,
  "avgCompleteResponseTime": 0.0280247
}