{
  "createdTimestamp": "132266690438338767",
  "avgAbsoluteError": 6.322674,
  "avgSignedError": 1.14748251,
  "maxAbsoluteError": 76.1556,
  "maxOvershoot": 63.75881,
  "avgSettlingTime10Degrees": 0.3746091,
  "avgSettlingTime5Degrees": 0.3746091,
  "avgSettlingTime2Degrees": 0.3746091,
  "avg10PercentResponseTime": 0.107096,
  "avg50PercentResponseTime": 0.107096,
  "avgCompleteResponseTime": 0.107096
}