{
  "createdTimestamp": "132266690438338767",
  "avgAbsoluteError": 7.68668938,
  "avgSignedError": 0.672763348,
  "maxAbsoluteError": 179.519363
}