{
  "createdTimestamp": "132266690438338767",
  "avgAbsoluteError": 11.7996769,
  "avgSignedError": -3.56271052,
  "maxAbsoluteError": 179.713837
}