{
  "createdTimestamp": "132266690438338767",
  "avgAbsoluteError": 10.9309483,
  "avgSignedError": -1.623912,
  "maxAbsoluteError": 107.593414,
  "maxOvershoot": 72.931015,
  "avgSettlingTime10Degrees": 0.6528595,
  "avgSettlingTime5Degrees": 0.679884,
  "avgSettlingTime2Degrees": 0.679884,
  "avgCompleteResponseTime": 0.0280247
}