{
  "createdTimestamp": "132266690438338767",
  "avgAbsoluteError": 5.283377,
  "avgSignedError": 0.9079966,
  "maxAbsoluteError": 79.66361
}