{
  "createdTimestamp": "132266690438338767",
  "avgAbsoluteError": 23.0571728,
  "avgSignedError": 3.38272738,
  "maxAbsoluteError": 179.999985,
  "avgSettlingTime10Degrees": 0.1881685,
  "avgSettlingTime5Degrees": 0.1881685,
  "avgSettlingTime2Degrees": 0.1881685,
  "avgCompleteResponseTime": 0.0280247
}