{
  "createdTimestamp": "132266690438338767",
  "avgAbsoluteError": 18.800087,
  "avgSignedError": -11.1813965,
  "maxAbsoluteError": 179.215652,
  "maxOvershoot": 148.822311,
  "avgSettlingTime10Degrees": 0.679884,
  "avgSettlingTime5Degrees": 0.679884,
  "avgSettlingTime2Degrees": 0.353454322,
  "avg10PercentResponseTime": 0.0,
  "avg50PercentResponseTime": 0.0,
  "avgCompleteResponseTime": 0.0280247
}