{
  "createdTimestamp": "132266690438338767",
  "avgAbsoluteError": 20.5718,
  "avgSignedError": -9.227791,
  "maxAbsoluteError": 170.38649,
  "maxOvershoot": 204.933929,
  "avgSettlingTime10Degrees": 0.679884,
  "avgSettlingTime5Degrees": 0.679884,
  "avgSettlingTime2Degrees": 0.353454322,
  "avg10PercentResponseTime": 0.0,
  "avg50PercentResponseTime": 0.0280247,
  "avgCompleteResponseTime": 0.0280247
}