{
  "createdTimestamp": "132266690438338767",
  "avgAbsoluteError": 9.405488,
  "avgSignedError": 0.742368758,
  "maxAbsoluteError": 176.316391,
  "maxOvershoot": 189.68576,
  "avgSettlingTime10Degrees": 0.679884,
  "avgSettlingTime5Degrees": 0.679884,
  "avgSettlingTime2Degrees": 0.679884,
  "avgCompleteResponseTime": 0.1601438
}