{
  "createdTimestamp": "132266690438338767",
  "avgAbsoluteError": 10.9742317,
  "avgSignedError": 2.53432059,
  "maxAbsoluteError": 179.01799,
  "avgSettlingTime5Degrees": 0.6528595,
  "avgSettlingTime2Degrees": 0.679884
}