{
  "createdTimestamp": "132266690438338767",
  "avgAbsoluteError": 18.84755,
  "avgSignedError": -3.42787147,
  "maxAbsoluteError": 179.741486,
  "maxOvershoot": 211.887878,
  "avgSettlingTime10Degrees": 0.679884,
  "avgSettlingTime5Degrees": 0.679884,
  "avgSettlingTime2Degrees": 0.679884,
  "avgCompleteResponseTime": 0.0280247
}