{
  "createdTimestamp": "132266690438338767",
  "avgAbsoluteError": 3.88649344,
  "avgSignedError": 0.296824217,
  "maxAbsoluteError": 82.71097
}