{
  "createdTimestamp": "132266690438338767",
  "avgAbsoluteError": 12.0493135,
  "avgSignedError": -3.07998323,
  "maxAbsoluteError": 176.954208,
  "maxOvershoot": 195.0362,
  "avgSettlingTime10Degrees": 0.3746091,
  "avgSettlingTime5Degrees": 0.3746091,
  "avgSettlingTime2Degrees": 0.3746091,
  "avg10PercentResponseTime": 0.0,
  "avg50PercentResponseTime": 0.0280247,
  "avgCompleteResponseTime": 0.0280247
}