{
  "createdTimestamp": "132266690438338767",
  "avgAbsoluteError": 21.7544041,
  "avgSignedError": -9.257388,
  "maxAbsoluteError": 179.641312,
  "maxOvershoot": 168.5391,
  "avgSettlingTime10Degrees": 0.679884,
  "avgSettlingTime5Degrees": 0.679884,
  "avgSettlingTime2Degrees": 0.353454322,
  "avg10PercentResponseTime": 0.0,
  "avg50PercentResponseTime": 0.0,
  "avgCompleteResponseTime": 0.055049
}