{
  "createdTimestamp": "132266690438338767",
  "avgAbsoluteError": 12.031496,
  "avgSignedError": -6.831122,
  "maxAbsoluteError": 174.924652,
  "maxOvershoot": 4.66493654,
  "avgSettlingTime10Degrees": 0.0,
  "avgSettlingTime5Degrees": 0.0,
  "avgSettlingTime2Degrees": 0.1601438,
  "avg10PercentResponseTime": 0.0280247,
  "avg50PercentResponseTime": 0.0280247,
  "avgCompleteResponseTime": 0.0280247
}