{
  "createdTimestamp": "132266690438338767",
  "avgAbsoluteError": 20.41242,
  "avgSignedError": 2.16311955,
  "maxAbsoluteError": 179.392365
}