{
  "createdTimestamp": "132266690438338767",
  "avgAbsoluteError": 14.2924681,
  "avgSignedError": 0.602131963,
  "maxAbsoluteError": 178.892212,
  "maxOvershoot": 178.892212,
  "avgSettlingTime10Degrees": 0.679884,
  "avgSettlingTime5Degrees": 0.679884,
  "avgSettlingTime2Degrees": 0.679884,
  "avg10PercentResponseTime": 0.055049,
  "avgCompleteResponseTime": 0.107096
}