{
  "createdTimestamp": "132266690438338767",
  "avgAbsoluteError": 0.01187006,
  "avgSignedError": 0.00133513822,
  "maxAbsoluteError": 0.186401367
}