{
  "createdTimestamp": "132266690438338767",
  "avgAbsoluteError": 4.073599,
  "avgSignedError": -0.8240829,
  "maxAbsoluteError": 88.47602
}