{
  "createdTimestamp": "132266690438338767",
  "avgAbsoluteError": 0.0155633474,
  "avgSignedError": -0.00339462585,
  "maxAbsoluteError": 0.6070862
}