{
  "createdTimestamp": "132266690438338767",
  "avgAbsoluteError": 3.27364874,
  "avgSignedError": -0.00463605672,
  "maxAbsoluteError": 82.44281
}