{
  "createdTimestamp": "132266690438338767",
  "avgAbsoluteError": 3.66901517,
  "avgSignedError": 0.183277115,
  "maxAbsoluteError": 74.18515
}