{
  "createdTimestamp": "132266690438338767",
  "avgAbsoluteError": 16.0226269,
  "avgSignedError": -1.221276,
  "maxAbsoluteError": 179.1387,
  "maxOvershoot": 179.1387,
  "avgSettlingTime10Degrees": 0.679884,
  "avgSettlingTime5Degrees": 0.679884,
  "avgSettlingTime2Degrees": 0.679884,
  "avgCompleteResponseTime": 0.0280247
}