{
  "createdTimestamp": "132266690438338767",
  "avgAbsoluteError": 17.8406715,
  "avgSignedError": -6.563931,
  "maxAbsoluteError": 174.840012,
  "maxOvershoot": 210.351791,
  "avgSettlingTime10Degrees": 0.679884,
  "avgSettlingTime5Degrees": 0.679884,
  "avgSettlingTime2Degrees": 0.353454322,
  "avgCompleteResponseTime": 0.055049
}