{
  "createdTimestamp": "132266690438338767",
  "avgAbsoluteError": 5.183547,
  "avgSignedError": -0.402387321,
  "maxAbsoluteError": 171.571365
}