{
  "createdTimestamp": "132266690438338767",
  "avgAbsoluteError": 13.6022377,
  "avgSignedError": 5.411508,
  "maxAbsoluteError": 175.471268,
  "avgSettlingTime5Degrees": 0.679884,
  "avgSettlingTime2Degrees": 0.679884
}