{
  "createdTimestamp": "132266690438338767",
  "avgAbsoluteError": 19.3215122,
  "avgSignedError": -1.55487144,
  "maxAbsoluteError": 179.929626,
  "maxOvershoot": 179.929626,
  "avgSettlingTime10Degrees": 0.3746091,
  "avgSettlingTime5Degrees": 0.3746091,
  "avgSettlingTime2Degrees": 0.3746091,
  "avg10PercentResponseTime": 0.0280247,
  "avg50PercentResponseTime": 0.0280247,
  "avgCompleteResponseTime": 0.107096
}