{
  "createdTimestamp": "132266690438338767",
  "avgAbsoluteError": 11.9154692,
  "avgSignedError": -0.865155935,
  "maxAbsoluteError": 178.115387,
  "maxOvershoot": 183.371338,
  "avgSettlingTime10Degrees": 0.3746091,
  "avgSettlingTime5Degrees": 0.3746091,
  "avgSettlingTime2Degrees": 0.3746091,
  "avg10PercentResponseTime": 0.0280247,
  "avg50PercentResponseTime": 0.0280247,
  "avgCompleteResponseTime": 0.1361222
}