{
  "createdTimestamp": "132266690438338767",
  "avgAbsoluteError": 2.85686374,
  "avgSignedError": 0.0454316474,
  "maxAbsoluteError": 69.68274
}