{
  "createdTimestamp": "132266690438338767",
  "avgAbsoluteError": 14.5854979,
  "avgSignedError": 7.205711,
  "maxAbsoluteError": 97.20645,
  "maxOvershoot": 77.1346741,
  "avgSettlingTime10Degrees": 0.3746091,
  "avgSettlingTime5Degrees": 0.3746091,
  "avgSettlingTime2Degrees": 0.3746091,
  "avg10PercentResponseTime": 0.0,
  "avgCompleteResponseTime": 0.107096
}