{
  "createdTimestamp": "132266690438338767",
  "avgAbsoluteError": 19.0910244,
  "avgSignedError": 1.58915579,
  "maxAbsoluteError": 179.999969,
  "avgSettlingTime10Degrees": 0.1881685,
  "avgSettlingTime5Degrees": 0.1881685,
  "avgSettlingTime2Degrees": 0.1881685,
  "avgCompleteResponseTime": 0.0280247
}