{
  "createdTimestamp": "132266690438338767",
  "avgAbsoluteError": 7.72421169,
  "avgSignedError": 0.8797328,
  "maxAbsoluteError": 165.752
}