{
  "createdTimestamp": "132266690438338767",
  "avgAbsoluteError": 15.0365381,
  "avgSignedError": -1.1837796,
  "maxAbsoluteError": 178.353745,
  "maxOvershoot": 204.4859,
  "avgSettlingTime10Degrees": 0.679884,
  "avgSettlingTime5Degrees": 0.679884,
  "avgSettlingTime2Degrees": 0.679884,
  "avg10PercentResponseTime": 0.0280247,
  "avg50PercentResponseTime": 0.0280247,
  "avgCompleteResponseTime": 0.0280247
}