{
  "createdTimestamp": "132266690438338767",
  "avgAbsoluteError": 5.7937665,
  "avgSignedError": 1.30374241,
  "maxAbsoluteError": 89.15196
}