{
  "createdTimestamp": "132266690438338767",
  "avgAbsoluteError": 5.22026443,
  "avgSignedError": 1.6947372,
  "maxAbsoluteError": 43.0019836,
  "avgSettlingTime5Degrees": 0.107096,
  "avgSettlingTime2Degrees": 0.1601438
}