{
  "createdTimestamp": "132266690438338767",
  "avgAbsoluteError": 5.255088,
  "avgSignedError": 0.150951356,
  "maxAbsoluteError": 179.06662
}