{
  "createdTimestamp": "132266690438338767",
  "avgAbsoluteError": 5.75410175,
  "avgSignedError": 1.21797729,
  "maxAbsoluteError": 85.55184,
  "avgSettlingTime2Degrees": 0.679884
}