{
  "createdTimestamp": "132266690438338767",
  "avgAbsoluteError": 17.83491,
  "avgSignedError": -2.80442572,
  "maxAbsoluteError": 179.7335,
  "maxOvershoot": 193.893387,
  "avgSettlingTime10Degrees": 0.679884,
  "avgSettlingTime5Degrees": 0.679884,
  "avgSettlingTime2Degrees": 0.679884,
  "avg10PercentResponseTime": 0.0280247,
  "avg50PercentResponseTime": 0.107096,
  "avgCompleteResponseTime": 0.2472224
}