{
  "createdTimestamp": "132266690438338767",
  "avgAbsoluteError": 9.928671,
  "avgSignedError": 1.126728,
  "maxAbsoluteError": 115.503464,
  "maxOvershoot": 76.5964,
  "avgSettlingTime10Degrees": 0.3746091,
  "avgSettlingTime5Degrees": 0.3746091,
  "avgSettlingTime2Degrees": 0.3746091,
  "avg10PercentResponseTime": 0.055049,
  "avg50PercentResponseTime": 0.055049,
  "avgCompleteResponseTime": 0.055049
}