{
  "createdTimestamp": "132266690438338767",
  "avgAbsoluteError": 3.18560553,
  "avgSignedError": 0.68608284,
  "maxAbsoluteError": 24.9655151,
  "avgSettlingTime10Degrees": 0.0,
  "avgSettlingTime5Degrees": 0.0280247,
  "avgSettlingTime2Degrees": 0.0810726,
  "avg10PercentResponseTime": 0.0280247,
  "avg50PercentResponseTime": 0.055049
}