{
  "createdTimestamp": "132266690438338767",
  "avgAbsoluteError": 18.45012,
  "avgSignedError": -3.13146615,
  "maxAbsoluteError": 179.382263,
  "maxOvershoot": 208.125626,
  "avgSettlingTime10Degrees": 0.679884,
  "avgSettlingTime5Degrees": 0.679884,
  "avgSettlingTime2Degrees": 0.679884,
  "avg10PercentResponseTime": 0.0810726,
  "avg50PercentResponseTime": 0.0810726,
  "avgCompleteResponseTime": 0.0810726
}