{
  "createdTimestamp": "132266690438338767",
  "avgAbsoluteError": 17.1404057,
  "avgSignedError": 9.701974,
  "maxAbsoluteError": 178.245331,
  "avgSettlingTime5Degrees": 0.3746091,
  "avgSettlingTime2Degrees": 0.3746091
}