{
  "createdTimestamp": "132266690438338767",
  "avgAbsoluteError": 8.782881,
  "avgSignedError": 4.245366,
  "maxAbsoluteError": 178.903992,
  "maxOvershoot": 0.01670564,
  "avgSettlingTime10Degrees": 0.055049,
  "avgSettlingTime5Degrees": 0.0810726,
  "avgSettlingTime2Degrees": 0.107096,
  "avg10PercentResponseTime": 0.0280247,
  "avg50PercentResponseTime": 0.0280247,
  "avgCompleteResponseTime": 0.2472224
}