{
  "createdTimestamp": "132266690438338767",
  "avgAbsoluteError": 7.79572344,
  "avgSignedError": 0.303563,
  "maxAbsoluteError": 177.443481
}