{
  "createdTimestamp": "132266690438338767",
  "avgAbsoluteError": 16.8437233,
  "avgSignedError": -13.6043367,
  "maxAbsoluteError": 97.79358
}