{
  "createdTimestamp": "132266690438338767",
  "avgAbsoluteError": 17.2009487,
  "avgSignedError": -1.94472837,
  "maxAbsoluteError": 178.997009,
  "maxOvershoot": 198.8181,
  "avgSettlingTime10Degrees": 0.679884,
  "avgSettlingTime5Degrees": 0.679884,
  "avgSettlingTime2Degrees": 0.679884,
  "avg10PercentResponseTime": 0.0280247,
  "avg50PercentResponseTime": 0.0280247,
  "avgCompleteResponseTime": 0.0280247
}