{
  "createdTimestamp": "132266690438338767",
  "avgAbsoluteError": 17.5005989,
  "avgSignedError": 1.94342554,
  "maxAbsoluteError": 176.195923,
  "avgSettlingTime5Degrees": 0.3746091,
  "avgSettlingTime2Degrees": 0.3746091
}