{
  "createdTimestamp": "132266690438338767",
  "avgAbsoluteError": 6.00410366,
  "avgSignedError": 0.13029021,
  "maxAbsoluteError": 84.03985
}