{
  "createdTimestamp": "132266690438338767",
  "avgAbsoluteError": 6.59752464,
  "avgSignedError": -1.43074191,
  "maxAbsoluteError": 51.3349,
  "avgSettlingTime10Degrees": 0.0810726,
  "avgSettlingTime5Degrees": 0.1881685,
  "avgSettlingTime2Degrees": 0.251362,
  "avg10PercentResponseTime": 0.0,
  "avg50PercentResponseTime": 0.055049
}