{
  "createdTimestamp": "132266690438338767",
  "avgAbsoluteError": 8.73675251,
  "avgSignedError": 0.6830667,
  "maxAbsoluteError": 174.068268
}