{
  "createdTimestamp": "132266690438338767",
  "avgAbsoluteError": 3.95297551,
  "avgSignedError": -0.07596727,
  "maxAbsoluteError": 85.2650452
}