{
  "createdTimestamp": "132266690438338767",
  "avgAbsoluteError": 9.180782,
  "avgSignedError": -2.359807,
  "maxAbsoluteError": 51.5939026,
  "maxOvershoot": 9.443939,
  "avgSettlingTime10Degrees": 0.0810726,
  "avgSettlingTime5Degrees": 0.2472224,
  "avgSettlingTime2Degrees": 0.3473124,
  "avg10PercentResponseTime": 0.0,
  "avg50PercentResponseTime": 0.0280247,
  "avgCompleteResponseTime": 0.1361222
}