{
  "createdTimestamp": "132266690438338767",
  "avgAbsoluteError": 1.41088092,
  "avgSignedError": -0.179306179,
  "maxAbsoluteError": 8.660706
}