{
  "createdTimestamp": "132266690438338767",
  "avgAbsoluteError": 5.01212645,
  "avgSignedError": 3.94704914,
  "maxAbsoluteError": 46.2425079,
  "avgSettlingTime5Degrees": 0.0810726,
  "avgSettlingTime2Degrees": 0.1881685
}