{
  "createdTimestamp": "132266690438338767",
  "avgAbsoluteError": 1.191876,
  "avgSignedError": 0.226390973,
  "maxAbsoluteError": 7.988043
}