{
  "createdTimestamp": "132266690438338767",
  "avgAbsoluteError": 25.8504658,
  "avgSignedError": -7.476461,
  "maxAbsoluteError": 178.9618
}