{
  "createdTimestamp": "132266690438338767",
  "avgAbsoluteError": 19.288559,
  "avgSignedError": -0.880959034,
  "maxAbsoluteError": 179.963745,
  "avgSettlingTime2Degrees": 0.679884
}