{
  "createdTimestamp": "132266690438338767",
  "avgAbsoluteError": 12.4299364,
  "avgSignedError": 5.21322632,
  "maxAbsoluteError": 100.797722
}