{
  "createdTimestamp": "132268538972421437",
  "avgAbsoluteError": 1.27864981,
  "avgSignedError": -0.5210193,
  "maxAbsoluteError": 123.978638,
  "avgSettlingTime10Degrees": 21.643034,
  "avgSettlingTime5Degrees": 21.643034,
  "avgSettlingTime2Degrees": 14.9068565
}