{
  "ID": 92798,
  "latency": 0,
  "grabTries": 1,
  "timeUntilGrabbed": 16.18018,
  "timeUntilFinishLine": 11.9000826,
  "timeA": 3.59999728,
  "timeA1": 3.59999728,
  "timeA2": 0.0,
  "timeB": 8.419993,
  "timeB1": 3.11999774,
  "timeB2": 5.299996,
  "timeC": 5.95999527,
  "timeC1": 5.95999527,
  "timeC2": 0.0,
  "timeD": 0.0,
  "timeD1": 0.0,
  "timeD2": 0.0
}