{
  "createdTimestamp": "132271809135346335",
  "avgAbsoluteError": 0.00208272412,
  "avgSignedError": 0.00206845324,
  "maxAbsoluteError": 0.009094238
}