{
  "createdTimestamp": "132271809135346335",
  "avgAbsoluteError": 0.000885808142,
  "avgSignedError": -0.000885808142,
  "maxAbsoluteError": 0.00152587891
}