{
  "createdTimestamp": "132271809135346335",
  "avgAbsoluteError": 0.000234402862,
  "avgSignedError": 0.000232366947,
  "maxAbsoluteError": 0.00241088867
}