{
  "createdTimestamp": "132271809135346335",
  "avgAbsoluteError": 0.9904872,
  "avgSignedError": -0.3008652,
  "maxAbsoluteError": 36.3830261,
  "avgSettlingTime10Degrees": 79.88378,
  "avgSettlingTime5Degrees": 79.88378,
  "avgSettlingTime2Degrees": 79.88378,
  "avg10PercentResponseTime": 0.0
}