{
  "createdTimestamp": "132271809135346335",
  "avgAbsoluteError": 0.000117669311,
  "avgSignedError": -0.000117669311,
  "maxAbsoluteError": 0.000366210938
}