{
  "createdTimestamp": "132271809135346335",
  "avgAbsoluteError": 3.91050125E-05,
  "avgSignedError": -3.91050125E-05,
  "maxAbsoluteError": 0.00109863281
}