{
  "createdTimestamp": "132271809135346335",
  "avgAbsoluteError": 0.0001459359,
  "avgSignedError": -0.000145697573,
  "maxAbsoluteError": 0.00399780273
}