{
  "createdTimestamp": "132271809135346335",
  "avgAbsoluteError": 6.577858E-06,
  "avgSignedError": -4.99846738E-06,
  "maxAbsoluteError": 0.00140380859
}