{
  "createdTimestamp": "132271809135346335",
  "avgAbsoluteError": 0.00156536128,
  "avgSignedError": -0.00156529516,
  "maxAbsoluteError": 1.0090332
}