{
  "createdTimestamp": "132271809135346335",
  "avgAbsoluteError": 0.000440543517,
  "avgSignedError": -0.0004405343,
  "maxAbsoluteError": 0.00277709961
}