{
  "createdTimestamp": "132271809135346335",
  "avgAbsoluteError": 0.000212372019,
  "avgSignedError": 0.000212372019,
  "maxAbsoluteError": 0.000233547922
}