{
  "createdTimestamp": "132271809135346335",
  "avgAbsoluteError": 0.007985303,
  "avgSignedError": 0.007984525,
  "maxAbsoluteError": 0.8074894
}