{
  "createdTimestamp": "132271809135346335",
  "avgAbsoluteError": 5.81466738E-05,
  "avgSignedError": 5.81466738E-05,
  "maxAbsoluteError": 8.260213E-05
}