{
  "createdTimestamp": "132271809135346335",
  "avgAbsoluteError": 0.000309809431,
  "avgSignedError": -0.0001766356,
  "maxAbsoluteError": 0.215698242
}