{
  "createdTimestamp": "132271809135346335",
  "avgAbsoluteError": 1.674649,
  "avgSignedError": -1.674649,
  "maxAbsoluteError": 1.675293
}