{
  "createdTimestamp": "132271809135346335",
  "avgAbsoluteError": 0.00051198,
  "avgSignedError": 0.00051198,
  "maxAbsoluteError": 0.0005322717
}