{
  "createdTimestamp": "132271809135346335",
  "avgAbsoluteError": 0.00166304735,
  "avgSignedError": -0.00166276982,
  "maxAbsoluteError": 0.00219726563
}