{
  "createdTimestamp": "132271809135346335",
  "avgAbsoluteError": 0.00332610658,
  "avgSignedError": -0.00332610658,
  "maxAbsoluteError": 0.005554199
}