{
  "createdTimestamp": "132271809135346335",
  "avgAbsoluteError": 5.715202E-05,
  "avgSignedError": 4.85197161E-05,
  "maxAbsoluteError": 0.0118103027
}