{
  "createdTimestamp": "132271809135346335",
  "avgAbsoluteError": 10.6791687,
  "avgSignedError": -10.6791677,
  "maxAbsoluteError": 10.682251,
  "avgSettlingTime10Degrees": 79.88378,
  "avgSettlingTime5Degrees": 79.88378,
  "avgSettlingTime2Degrees": 79.88378,
  "avg10PercentResponseTime": 0.0
}