{
  "createdTimestamp": "132271809135346335",
  "avgAbsoluteError": 0.0009304786,
  "avgSignedError": -0.000782946649,
  "maxAbsoluteError": 0.08674738
}