{
  "createdTimestamp": "132271809135346335",
  "avgAbsoluteError": 8.59056745E-05,
  "avgSignedError": 8.59056745E-05,
  "maxAbsoluteError": 0.00010919445
}