{
  "createdTimestamp": "132271809135346335",
  "avgAbsoluteError": 0.000151551023,
  "avgSignedError": 0.000151551023,
  "maxAbsoluteError": 0.000171285879
}