{
  "createdTimestamp": "132271809135346335",
  "avgAbsoluteError": 0.000335484365,
  "avgSignedError": -0.0003329883,
  "maxAbsoluteError": 0.0137634277
}