{
  "createdTimestamp": "132271809135346335",
  "avgAbsoluteError": 1.15976209E-05,
  "avgSignedError": -1.03375132E-05,
  "maxAbsoluteError": 0.00146484375
}