{
  "createdTimestamp": "132271809135346335",
  "avgAbsoluteError": 0.00116974069,
  "avgSignedError": -0.00116971415,
  "maxAbsoluteError": 0.673370361
}