{
  "createdTimestamp": "132271809135346335",
  "avgAbsoluteError": 0.000302387372,
  "avgSignedError": 0.000302387372,
  "maxAbsoluteError": 0.00032196
}