{
  "createdTimestamp": "132271809135346335",
  "avgAbsoluteError": 1.67327392,
  "avgSignedError": -1.67327344,
  "maxAbsoluteError": 1.67379761
}