{
  "createdTimestamp": "132271809135346335",
  "avgAbsoluteError": 0.000198707567,
  "avgSignedError": -0.000198579815,
  "maxAbsoluteError": 0.00244140625
}