{
  "createdTimestamp": "132271809135346335",
  "avgAbsoluteError": 0.000168655664,
  "avgSignedError": 0.000168655664,
  "maxAbsoluteError": 0.0001876634
}