{
  "createdTimestamp": "132271809135346335",
  "avgAbsoluteError": 0.0380301774,
  "avgSignedError": -0.0379756764,
  "maxAbsoluteError": 0.09677526
}