{
  "createdTimestamp": "132271809135346335",
  "avgAbsoluteError": 0.0005293739,
  "avgSignedError": -0.0005272748,
  "maxAbsoluteError": 0.0135803223
}