{
  "createdTimestamp": "132271809135346335",
  "avgAbsoluteError": 0.00312326662,
  "avgSignedError": 0.00197352818,
  "maxAbsoluteError": 0.6708374
}