{
  "createdTimestamp": "132271809135346335",
  "avgAbsoluteError": 3.455193E-05,
  "avgSignedError": 3.454195E-05,
  "maxAbsoluteError": 4.72760257E-05
}