{
  "createdTimestamp": "132271809135346335",
  "avgAbsoluteError": 0.00127405149,
  "avgSignedError": -0.00127369724,
  "maxAbsoluteError": 0.00186157227
}