{
  "createdTimestamp": "132271809135346335",
  "avgAbsoluteError": 8.287932E-05,
  "avgSignedError": 8.287932E-05,
  "maxAbsoluteError": 0.000153080546
}