{
  "createdTimestamp": "132271809135346335",
  "avgAbsoluteError": 0.00170007243,
  "avgSignedError": 0.0017000126,
  "maxAbsoluteError": 0.841308355
}