{
  "createdTimestamp": "132271809135346335",
  "avgAbsoluteError": 3.201093E-05,
  "avgSignedError": 2.39075325E-05,
  "maxAbsoluteError": 0.00286865234
}