{
  "createdTimestamp": "132271809135346335",
  "avgAbsoluteError": 9.6216776E-05,
  "avgSignedError": 9.6216776E-05,
  "maxAbsoluteError": 0.0001355768
}