{
  "createdTimestamp": "132271809135346335",
  "avgAbsoluteError": 0.000525264768,
  "avgSignedError": -0.0005252465,
  "maxAbsoluteError": 0.00256347656
}