{
  "createdTimestamp": "132271809135346335",
  "avgAbsoluteError": 0.2789529,
  "avgSignedError": 0.278952748,
  "maxAbsoluteError": 0.27904278
}