{
  "createdTimestamp": "132271809135346335",
  "avgAbsoluteError": 0.000584917,
  "avgSignedError": -0.000584850262,
  "maxAbsoluteError": 0.00277709961
}