{
  "createdTimestamp": "132271809135346335",
  "avgAbsoluteError": 6.86882951E-09,
  "avgSignedError": 6.86882951E-09,
  "maxAbsoluteError": 4.195136E-05
}