{
  "createdTimestamp": "132271809135346335",
  "avgAbsoluteError": 0.00047122754,
  "avgSignedError": 0.00047122754,
  "maxAbsoluteError": 0.0004925119
}