{
  "createdTimestamp": "132271809135346335",
  "avgAbsoluteError": 3.72737E-05,
  "avgSignedError": -3.72438772E-05,
  "maxAbsoluteError": 9.11959E-05
}