{
  "createdTimestamp": "132271809135346335",
  "avgAbsoluteError": 6.877302E-05,
  "avgSignedError": 6.877302E-05,
  "maxAbsoluteError": 8.43058442E-05
}