{
  "createdTimestamp": "132271809135346335",
  "avgAbsoluteError": 7.256804E-06,
  "avgSignedError": -5.74659953E-06,
  "maxAbsoluteError": 0.00140380859
}