{
  "createdTimestamp": "132271809135346335",
  "avgAbsoluteError": 2.08051658,
  "avgSignedError": 2.080321,
  "maxAbsoluteError": 4.540364,
  "avgSettlingTime2Degrees": 79.88378
}