{
  "createdTimestamp": "132271809135346335",
  "avgAbsoluteError": 0.000397254131,
  "avgSignedError": -0.000397220836,
  "maxAbsoluteError": 0.0004272461
}