{
  "createdTimestamp": "132271809135346335",
  "avgAbsoluteError": 0.00128793309,
  "avgSignedError": -0.00128755893,
  "maxAbsoluteError": 0.0256652832
}