{
  "createdTimestamp": "132271809135346335",
  "avgAbsoluteError": 0.000514577434,
  "avgSignedError": 0.000239360408,
  "maxAbsoluteError": 0.26260376
}