{
  "createdTimestamp": "132271809135346335",
  "avgAbsoluteError": 0.00565081649,
  "avgSignedError": -0.00565081649,
  "maxAbsoluteError": 1.520935
}