{
  "createdTimestamp": "132271809135346335",
  "avgAbsoluteError": 0.00239369879,
  "avgSignedError": -0.00239346921,
  "maxAbsoluteError": 0.00286865234
}