{
  "createdTimestamp": "132271809135346335",
  "avgAbsoluteError": 0.00284707081,
  "avgSignedError": -0.00284701213,
  "maxAbsoluteError": 0.00317382813
}