{
  "createdTimestamp": "132271809135346335",
  "avgAbsoluteError": 0.000187076337,
  "avgSignedError": 0.000138316056,
  "maxAbsoluteError": 0.0423584
}