{
  "createdTimestamp": "132271809135346335",
  "avgAbsoluteError": 0.0007111727,
  "avgSignedError": 0.00015613799,
  "maxAbsoluteError": 0.475833535
}