{
  "createdTimestamp": "132271809135346335",
  "avgAbsoluteError": 36.33025,
  "avgSignedError": 36.33025,
  "maxAbsoluteError": 36.338623,
  "avgSettlingTime2Degrees": 79.88378
}