{
  "createdTimestamp": "132271809135346335",
  "avgAbsoluteError": 0.000131350214,
  "avgSignedError": 0.000131340232,
  "maxAbsoluteError": 0.0001502122
}