{
  "createdTimestamp": "132271809135346335",
  "avgAbsoluteError": 0.275428444,
  "avgSignedError": 0.2754284,
  "maxAbsoluteError": 0.2755372
}