{
  "createdTimestamp": "132271809135346335",
  "avgAbsoluteError": 3.69743721E-05,
  "avgSignedError": -3.69743721E-05,
  "maxAbsoluteError": 6.10351563E-05
}