{
  "createdTimestamp": "132271809135346335",
  "avgAbsoluteError": 0.000150581036,
  "avgSignedError": 0.000150361477,
  "maxAbsoluteError": 0.0006713867
}