{
  "createdTimestamp": "132271809135346335",
  "avgAbsoluteError": 0.0002226745,
  "avgSignedError": -0.000222524875,
  "maxAbsoluteError": 0.110565186
}