{
  "createdTimestamp": "132271809135346335",
  "avgAbsoluteError": 0.0002482184,
  "avgSignedError": 0.0002482184,
  "maxAbsoluteError": 0.000265717943
}