{
  "createdTimestamp": "132271809135346335",
  "avgAbsoluteError": 0.680151045,
  "avgSignedError": -0.680151045,
  "maxAbsoluteError": 0.680542
}