{
  "createdTimestamp": "132271809135346335",
  "avgAbsoluteError": 0.0005021966,
  "avgSignedError": -0.0005001731,
  "maxAbsoluteError": 0.0143127441
}