{
  "createdTimestamp": "132271809135346335",
  "avgAbsoluteError": 18.7381458,
  "avgSignedError": -18.7381458,
  "maxAbsoluteError": 18.74533,
  "avgSettlingTime10Degrees": 79.88378,
  "avgSettlingTime5Degrees": 79.88378,
  "avgSettlingTime2Degrees": 79.88378
}