{
  "createdTimestamp": "132271809135346335",
  "avgAbsoluteError": 0.00153939542,
  "avgSignedError": 0.000458197,
  "maxAbsoluteError": 0.510961831
}