{
  "createdTimestamp": "132271809135346335",
  "avgAbsoluteError": 0.0002540128,
  "avgSignedError": 0.0002540028,
  "maxAbsoluteError": 0.000277771585
}