{
  "createdTimestamp": "132271809135346335",
  "avgAbsoluteError": 0.188794553,
  "avgSignedError": -0.188794509,
  "maxAbsoluteError": 0.188873291
}