{
  "createdTimestamp": "132271809135346335",
  "avgAbsoluteError": 0.09207407,
  "avgSignedError": -0.09207407,
  "maxAbsoluteError": 0.212249756
}