{
  "createdTimestamp": "132271809135346335",
  "avgAbsoluteError": 4.387189E-05,
  "avgSignedError": 4.387189E-05,
  "maxAbsoluteError": 0.000158736686
}