{
  "createdTimestamp": "132271809135346335",
  "avgAbsoluteError": 0.000305558147,
  "avgSignedError": -0.000305541878,
  "maxAbsoluteError": 0.000335693359
}