{
  "createdTimestamp": "132271809135346335",
  "avgAbsoluteError": 0.000119864337,
  "avgSignedError": -0.000102670405,
  "maxAbsoluteError": 0.00482177734
}