{
  "createdTimestamp": "132271809135346335",
  "avgAbsoluteError": 0.0115097323,
  "avgSignedError": -0.0115097323,
  "maxAbsoluteError": 0.0115356445
}