{
  "createdTimestamp": "132271809135346335",
  "avgAbsoluteError": 0.000251465652,
  "avgSignedError": -0.000251465652,
  "maxAbsoluteError": 0.0002746582
}