{
  "createdTimestamp": "132271809135346335",
  "avgAbsoluteError": 0.000235416534,
  "avgSignedError": 0.000235406551,
  "maxAbsoluteError": 0.00284632761
}