{
  "createdTimestamp": "132271809135346335",
  "avgAbsoluteError": 0.00133527257,
  "avgSignedError": -0.000174329587,
  "maxAbsoluteError": 0.665255964
}