{
  "createdTimestamp": "132271809135346335",
  "avgAbsoluteError": 0.000169496387,
  "avgSignedError": -0.000169081075,
  "maxAbsoluteError": 0.00127009873
}