{
  "createdTimestamp": "132271809135346335",
  "avgAbsoluteError": 0.003193535,
  "avgSignedError": 0.00319346553,
  "maxAbsoluteError": 0.003247174
}