{
  "createdTimestamp": "132271809135346335",
  "avgAbsoluteError": 0.00101343379,
  "avgSignedError": -0.0008752829,
  "maxAbsoluteError": 0.08197287
}