{
  "createdTimestamp": "132271809135346335",
  "avgAbsoluteError": 0.000162268756,
  "avgSignedError": 0.000160452473,
  "maxAbsoluteError": 0.01384699
}