{
  "createdTimestamp": "132271809135346335",
  "avgAbsoluteError": 0.000287840026,
  "avgSignedError": -0.000287832459,
  "maxAbsoluteError": 0.000305175781
}