{
  "createdTimestamp": "132271809135346335",
  "avgAbsoluteError": 1.67337656,
  "avgSignedError": -1.67337608,
  "maxAbsoluteError": 1.67407227
}