{
  "createdTimestamp": "132271809135346335",
  "avgAbsoluteError": 0.000240211157,
  "avgSignedError": 0.0002401912,
  "maxAbsoluteError": 0.0002610269
}