{
  "createdTimestamp": "132271809135346335",
  "avgAbsoluteError": 0.00118987623,
  "avgSignedError": -0.00115354045,
  "maxAbsoluteError": 0.1111145
}