{
  "createdTimestamp": "132271809135346335",
  "avgAbsoluteError": 0.0004583387,
  "avgSignedError": 0.0004577599,
  "maxAbsoluteError": 0.00158691406
}