{
  "createdTimestamp": "132271809135346335",
  "avgAbsoluteError": 0.000352925417,
  "avgSignedError": 0.000351129129,
  "maxAbsoluteError": 0.0135397781
}