{
  "createdTimestamp": "132271809135346335",
  "avgAbsoluteError": 0.00402870262,
  "avgSignedError": 0.00402870262,
  "maxAbsoluteError": 0.006225586
}