{
  "createdTimestamp": "132271809135346335",
  "avgAbsoluteError": 0.000168190541,
  "avgSignedError": -0.000168151484,
  "maxAbsoluteError": 0.000183105469
}