{
  "createdTimestamp": "132271809135346335",
  "avgAbsoluteError": 10.6791782,
  "avgSignedError": 10.6791782,
  "maxAbsoluteError": 10.6823473,
  "avgSettlingTime10Degrees": 79.88378,
  "avgSettlingTime5Degrees": 79.88378,
  "avgSettlingTime2Degrees": 79.88378,
  "avg10PercentResponseTime": 0.0
}