{
  "createdTimestamp": "132271809135346335",
  "avgAbsoluteError": 0.00163639779,
  "avgSignedError": -0.00163639779,
  "maxAbsoluteError": 0.829834
}