{
  "createdTimestamp": "132271809135346335",
  "avgAbsoluteError": 0.09318754,
  "avgSignedError": 0.09318754,
  "maxAbsoluteError": 0.210648984
}