{
  "createdTimestamp": "132271809135346335",
  "avgAbsoluteError": 0.00103449088,
  "avgSignedError": 0.00103408191,
  "maxAbsoluteError": 0.0012512207
}