{
  "createdTimestamp": "132271809135346335",
  "avgAbsoluteError": 4.669256E-05,
  "avgSignedError": -4.65267658E-05,
  "maxAbsoluteError": 0.000506995362
}