{
  "createdTimestamp": "132271809135346335",
  "avgAbsoluteError": 0.0004938543,
  "avgSignedError": 0.0004938543,
  "maxAbsoluteError": 0.0005111485
}