{
  "createdTimestamp": "132271809135346335",
  "avgAbsoluteError": 1.67464578,
  "avgSignedError": -1.67464578,
  "maxAbsoluteError": 1.675293
}