{
  "createdTimestamp": "132271809135346335",
  "avgAbsoluteError": 0.000485596742,
  "avgSignedError": -0.000485596742,
  "maxAbsoluteError": 0.104827881
}