{
  "createdTimestamp": "132271809135346335",
  "avgAbsoluteError": 2.98080449E-05,
  "avgSignedError": -2.978007E-05,
  "maxAbsoluteError": 8.55429753E-05
}