{
  "createdTimestamp": "132271809135346335",
  "avgAbsoluteError": 3.37144338E-05,
  "avgSignedError": -2.711115E-05,
  "maxAbsoluteError": 0.002593429
}