{
  "createdTimestamp": "132271809135346335",
  "avgAbsoluteError": 9.334183E-05,
  "avgSignedError": 9.328196E-05,
  "maxAbsoluteError": 0.00158970861
}