{
  "createdTimestamp": "132271809135346335",
  "avgAbsoluteError": 2.08070183,
  "avgSignedError": -2.08050513,
  "maxAbsoluteError": 4.53829956,
  "avgSettlingTime2Degrees": 79.88378
}