{
  "createdTimestamp": "132271809135346335",
  "avgAbsoluteError": 0.00565120252,
  "avgSignedError": 0.00565120252,
  "maxAbsoluteError": 1.52180982
}