{
  "createdTimestamp": "132271809135346335",
  "avgAbsoluteError": 0.000204860058,
  "avgSignedError": 0.000202953946,
  "maxAbsoluteError": 0.0141470451
}