{
  "createdTimestamp": "132271809135346335",
  "avgAbsoluteError": 0.000155452188,
  "avgSignedError": -0.000155451882,
  "maxAbsoluteError": 0.000183105469
}