{
  "createdTimestamp": "132271809135346335",
  "avgAbsoluteError": 9.157815E-05,
  "avgSignedError": -9.15372948E-05,
  "maxAbsoluteError": 0.000124906743
}