{
  "createdTimestamp": "132271809135346335",
  "avgAbsoluteError": 0.000114502407,
  "avgSignedError": 0.000114492424,
  "maxAbsoluteError": 0.0001292213
}