{
  "createdTimestamp": "132271809135346335",
  "avgAbsoluteError": 0.007706903,
  "avgSignedError": 0.00770610431,
  "maxAbsoluteError": 0.803964138
}