{
  "createdTimestamp": "132271809135346335",
  "avgAbsoluteError": 7.04659542E-05,
  "avgSignedError": -7.046578E-05,
  "maxAbsoluteError": 9.15527344E-05
}