{
  "createdTimestamp": "132271809135346335",
  "avgAbsoluteError": 9.291217E-05,
  "avgSignedError": 9.290219E-05,
  "maxAbsoluteError": 0.00168960157
}