{
  "createdTimestamp": "132271809135346335",
  "avgAbsoluteError": 0.0005203486,
  "avgSignedError": 0.000520338654,
  "maxAbsoluteError": 0.000539752655
}