{
  "createdTimestamp": "132271809135346335",
  "avgAbsoluteError": 0.000260138127,
  "avgSignedError": 0.000260138127,
  "maxAbsoluteError": 0.00027594695
}