{
  "createdTimestamp": "132271809135346335",
  "avgAbsoluteError": 0.0377064869,
  "avgSignedError": 0.03764821,
  "maxAbsoluteError": 0.0990905762
}