{
  "createdTimestamp": "132271809135346335",
  "avgAbsoluteError": 0.00137032289,
  "avgSignedError": -0.001369962,
  "maxAbsoluteError": 0.0338134766
}