{
  "createdTimestamp": "132271809135346335",
  "avgAbsoluteError": 36.3762,
  "avgSignedError": -36.3762,
  "maxAbsoluteError": 36.3830261,
  "avgSettlingTime2Degrees": 79.88378
}