{
  "createdTimestamp": "132271809135346335",
  "avgAbsoluteError": 3.27314847E-05,
  "avgSignedError": -3.269469E-05,
  "maxAbsoluteError": 0.00011251933
}