{
  "createdTimestamp": "132271809135346335",
  "avgAbsoluteError": 0.000133341513,
  "avgSignedError": 0.000133341513,
  "maxAbsoluteError": 0.000227541983
}