{
  "createdTimestamp": "132271809135346335",
  "avgAbsoluteError": 0.6794657,
  "avgSignedError": 0.6794657,
  "maxAbsoluteError": 0.6798899
}