{
  "createdTimestamp": "132271809135346335",
  "avgAbsoluteError": 0.0006314757,
  "avgSignedError": 0.0006314158,
  "maxAbsoluteError": 0.003120197
}