{
  "createdTimestamp": "132271809135346335",
  "avgAbsoluteError": 8.431754E-05,
  "avgSignedError": -8.431754E-05,
  "maxAbsoluteError": 9.15527344E-05
}