{
  "createdTimestamp": "132271809135346335",
  "avgAbsoluteError": 0.001917908,
  "avgSignedError": -0.0008991599,
  "maxAbsoluteError": 0.7182617
}