{
  "createdTimestamp": "132271809135346335",
  "avgAbsoluteError": 18.7381649,
  "avgSignedError": -18.7381649,
  "maxAbsoluteError": 18.7454529,
  "avgSettlingTime10Degrees": 79.88378,
  "avgSettlingTime5Degrees": 79.88378,
  "avgSettlingTime2Degrees": 79.88378
}