{
  "createdTimestamp": "132271809135346335",
  "avgAbsoluteError": 1.608578E-06,
  "avgSignedError": 1.608578E-06,
  "maxAbsoluteError": 4.415599E-05
}