{
  "createdTimestamp": "132271809135346335",
  "avgAbsoluteError": 4.2862328E-05,
  "avgSignedError": -4.2862328E-05,
  "maxAbsoluteError": 6.10351563E-05
}