{
  "createdTimestamp": "132271809135346335",
  "avgAbsoluteError": 0.00100922072,
  "avgSignedError": 0.000251929683,
  "maxAbsoluteError": 0.471923828
}