{
  "createdTimestamp": "132271809135346335",
  "avgAbsoluteError": 0.00200147461,
  "avgSignedError": 0.00200112537,
  "maxAbsoluteError": 0.00212340755
}