{
  "createdTimestamp": "132271809135346335",
  "avgAbsoluteError": 9.258599E-05,
  "avgSignedError": 9.252611E-05,
  "maxAbsoluteError": 0.00159737049
}