{
  "createdTimestamp": "132271809135346335",
  "avgAbsoluteError": 7.893534E-05,
  "avgSignedError": -7.890181E-05,
  "maxAbsoluteError": 0.000102546925
}