{
  "createdTimestamp": "132271809135346335",
  "avgAbsoluteError": 0.000496301742,
  "avgSignedError": 0.0004962818,
  "maxAbsoluteError": 0.002668626
}