{
  "createdTimestamp": "132271809135346335",
  "avgAbsoluteError": 0.1416348,
  "avgSignedError": 0.1416348,
  "maxAbsoluteError": 0.14169386
}