{
  "createdTimestamp": "132271809135346335",
  "avgAbsoluteError": 0.00118136744,
  "avgSignedError": -0.00118133973,
  "maxAbsoluteError": 0.6742859
}