{
  "createdTimestamp": "132271809135346335",
  "avgAbsoluteError": 0.00155915646,
  "avgSignedError": 0.00155915646,
  "maxAbsoluteError": 0.110574931
}