{
  "createdTimestamp": "132271809135346335",
  "avgAbsoluteError": 9.71243862E-05,
  "avgSignedError": 9.71243862E-05,
  "maxAbsoluteError": 0.00011564001
}