{
  "createdTimestamp": "132271809135346335",
  "avgAbsoluteError": 3.636978E-05,
  "avgSignedError": -2.58030486E-05,
  "maxAbsoluteError": 0.0124585461
}