{
  "createdTimestamp": "132271809135346335",
  "avgAbsoluteError": 0.0003605248,
  "avgSignedError": -0.000360480422,
  "maxAbsoluteError": 0.000396728516
}