{
  "createdTimestamp": "132271809135346335",
  "avgAbsoluteError": 0.000219985115,
  "avgSignedError": 0.000219985115,
  "maxAbsoluteError": 0.000239943591
}