{
  "createdTimestamp": "132271809135346335",
  "avgAbsoluteError": 0.001267386,
  "avgSignedError": -0.00126731943,
  "maxAbsoluteError": 1.0112915
}