{
  "createdTimestamp": "132271809135346335",
  "avgAbsoluteError": 0.000281994318,
  "avgSignedError": 0.000281984365,
  "maxAbsoluteError": 0.000302570639
}