{
  "createdTimestamp": "132271809135346335",
  "avgAbsoluteError": 0.278247148,
  "avgSignedError": -0.278246969,
  "maxAbsoluteError": 0.278381348
}