{
  "createdTimestamp": "132271809135346335",
  "avgAbsoluteError": 0.2754224,
  "avgSignedError": -0.2754224,
  "maxAbsoluteError": 0.2755432
}