{
  "createdTimestamp": "132271809135346335",
  "avgAbsoluteError": 0.0006113673,
  "avgSignedError": 0.0006113673,
  "maxAbsoluteError": 0.276578128
}