{
  "createdTimestamp": "132271809135346335",
  "avgAbsoluteError": 2.82573819E-05,
  "avgSignedError": 1.9535195E-05,
  "maxAbsoluteError": 0.00305175781
}