{
  "createdTimestamp": "132271809135346335",
  "avgAbsoluteError": 0.00168288371,
  "avgSignedError": 0.00168288371,
  "maxAbsoluteError": 0.00239243545
}