{
  "createdTimestamp": "132271809135346335",
  "avgAbsoluteError": 0.001369842,
  "avgSignedError": 0.001369842,
  "maxAbsoluteError": 0.01373291
}