{
  "createdTimestamp": "132271809135346335",
  "avgAbsoluteError": 0.0222549215,
  "avgSignedError": 0.0222549215,
  "maxAbsoluteError": 0.0239257813
}