{
  "createdTimestamp": "132271809135346335",
  "avgAbsoluteError": 0.009482996,
  "avgSignedError": 0.009481818,
  "maxAbsoluteError": 0.009552002
}