{
  "createdTimestamp": "132271809135346335",
  "avgAbsoluteError": 0.00204764633,
  "avgSignedError": 0.00204764633,
  "maxAbsoluteError": 0.00206810958
}