{
  "createdTimestamp": "132271809135346335",
  "avgAbsoluteError": 0.00144450646,
  "avgSignedError": 0.00144450646,
  "maxAbsoluteError": 0.01449585
}