{
  "createdTimestamp": "132271832697696905",
  "avgAbsoluteError": 0.000234844192,
  "avgSignedError": 0.000233934377,
  "maxAbsoluteError": 0.00241088867
}