{
  "createdTimestamp": "132271832697696905",
  "avgAbsoluteError": 0.000884837,
  "avgSignedError": -0.000884837,
  "maxAbsoluteError": 0.001159668
}