{
  "createdTimestamp": "132271832697696905",
  "avgAbsoluteError": 0.00208029035,
  "avgSignedError": 0.00208029035,
  "maxAbsoluteError": 0.002942224
}