{
  "createdTimestamp": "132271832697696905",
  "avgAbsoluteError": 3.84521481E-05,
  "avgSignedError": -3.84521481E-05,
  "maxAbsoluteError": 0.00109863281
}