{
  "createdTimestamp": "132271832697696905",
  "avgAbsoluteError": 0.000141946366,
  "avgSignedError": -0.000141671335,
  "maxAbsoluteError": 0.0007324219
}