{
  "createdTimestamp": "132271832697696905",
  "avgAbsoluteError": 0.00011727387,
  "avgSignedError": -0.00011727387,
  "maxAbsoluteError": 0.000213623047
}