{
  "createdTimestamp": "132271832697696905",
  "avgAbsoluteError": 0.000168666651,
  "avgSignedError": 0.000168666651,
  "maxAbsoluteError": 0.000187345038
}