{
  "createdTimestamp": "132271832697696905",
  "avgAbsoluteError": 3.692051E-05,
  "avgSignedError": -3.692051E-05,
  "maxAbsoluteError": 6.10351563E-05
}