{
  "createdTimestamp": "132271832697696905",
  "avgAbsoluteError": 2.0784297,
  "avgSignedError": 2.07820415,
  "maxAbsoluteError": 2.448225,
  "avgSettlingTime2Degrees": 79.71974
}