{
  "createdTimestamp": "132271832697696905",
  "avgAbsoluteError": 0.000302502129,
  "avgSignedError": 0.000302502129,
  "maxAbsoluteError": 0.00032002927
}