{
  "createdTimestamp": "132271832697696905",
  "avgAbsoluteError": 0.0003825292,
  "avgSignedError": 0.000373028452,
  "maxAbsoluteError": 0.0124206543
}