{
  "createdTimestamp": "132271832697696905",
  "avgAbsoluteError": 0.000497824454,
  "avgSignedError": -0.0004955515,
  "maxAbsoluteError": 0.00598144531
}