{
  "createdTimestamp": "132271832697696905",
  "avgAbsoluteError": 8.27914555E-05,
  "avgSignedError": 8.27914555E-05,
  "maxAbsoluteError": 0.000153080546
}