{
  "createdTimestamp": "132271832697696905",
  "avgAbsoluteError": 0.6801129,
  "avgSignedError": -0.6801129,
  "maxAbsoluteError": 0.6803589
}