{
  "createdTimestamp": "132271832697696905",
  "avgAbsoluteError": 0.00166227983,
  "avgSignedError": -0.00166195957,
  "maxAbsoluteError": 0.00204467773
}