{
  "createdTimestamp": "132271832697696905",
  "avgAbsoluteError": 0.00052564143,
  "avgSignedError": -0.0005234147,
  "maxAbsoluteError": 0.00579834
}