{
  "createdTimestamp": "132271832697696905",
  "avgAbsoluteError": 4.40057047E-05,
  "avgSignedError": 4.40057047E-05,
  "maxAbsoluteError": 0.000158736686
}