{
  "createdTimestamp": "132271832697696905",
  "avgAbsoluteError": 0.0005120041,
  "avgSignedError": 0.0005120041,
  "maxAbsoluteError": 0.0005294557
}