{
  "createdTimestamp": "132271832697696905",
  "avgAbsoluteError": 10.6786432,
  "avgSignedError": -10.6786432,
  "maxAbsoluteError": 10.682251,
  "avgSettlingTime10Degrees": 79.71974,
  "avgSettlingTime5Degrees": 79.71974,
  "avgSettlingTime2Degrees": 79.71974
}