{
  "createdTimestamp": "132271832697696905",
  "avgAbsoluteError": 0.0380493924,
  "avgSignedError": -0.0380493924,
  "maxAbsoluteError": 0.03829956
}