{
  "createdTimestamp": "132271832697696905",
  "avgAbsoluteError": 0.000248074532,
  "avgSignedError": 0.000248074532,
  "maxAbsoluteError": 0.000263171329
}