{
  "createdTimestamp": "132271832697696905",
  "avgAbsoluteError": 0.00332616852,
  "avgSignedError": -0.00332616852,
  "maxAbsoluteError": 0.005554199
}