{
  "createdTimestamp": "132271832697696905",
  "avgAbsoluteError": 0.000397392636,
  "avgSignedError": -0.000397354219,
  "maxAbsoluteError": 0.0004272461
}