{
  "createdTimestamp": "132271832697696905",
  "avgAbsoluteError": 0.002635043,
  "avgSignedError": 0.002475914,
  "maxAbsoluteError": 0.155639648
}