{
  "createdTimestamp": "132271832697696905",
  "avgAbsoluteError": 0.002846932,
  "avgSignedError": -0.00284686475,
  "maxAbsoluteError": 0.003112793
}