{
  "createdTimestamp": "132271832697696905",
  "avgAbsoluteError": 0.000151438508,
  "avgSignedError": 0.000151438508,
  "maxAbsoluteError": 0.000170961212
}