{
  "createdTimestamp": "132271832697696905",
  "avgAbsoluteError": 9.630128E-05,
  "avgSignedError": 9.630128E-05,
  "maxAbsoluteError": 0.0001355768
}