{
  "createdTimestamp": "132271832697696905",
  "avgAbsoluteError": 0.275415868,
  "avgSignedError": 0.275415868,
  "maxAbsoluteError": 0.275538117
}