{
  "createdTimestamp": "132271832697696905",
  "avgAbsoluteError": 0.00127308688,
  "avgSignedError": -0.001272678,
  "maxAbsoluteError": 0.00170898438
}