{
  "createdTimestamp": "132271832697696905",
  "avgAbsoluteError": 0.0004379268,
  "avgSignedError": -0.000437916169,
  "maxAbsoluteError": 0.0012512207
}