{
  "createdTimestamp": "132271832697696905",
  "avgAbsoluteError": 0.000132734145,
  "avgSignedError": -0.0001325615,
  "maxAbsoluteError": 0.0160217285
}