{
  "createdTimestamp": "132271832697696905",
  "avgAbsoluteError": 36.32994,
  "avgSignedError": 36.32994,
  "maxAbsoluteError": 36.338623,
  "avgSettlingTime2Degrees": 79.71974
}