{
  "createdTimestamp": "132271832697696905",
  "avgAbsoluteError": 5.382659E-05,
  "avgSignedError": 5.382659E-05,
  "maxAbsoluteError": 0.007507324
}