{
  "createdTimestamp": "132271832697696905",
  "avgAbsoluteError": 0.000305524882,
  "avgSignedError": -0.000305506139,
  "maxAbsoluteError": 0.000335693359
}