{
  "createdTimestamp": "132271832697696905",
  "avgAbsoluteError": 0.002393102,
  "avgSignedError": -0.00239283731,
  "maxAbsoluteError": 0.002746582
}