{
  "createdTimestamp": "132271832697696905",
  "avgAbsoluteError": 0.0008618144,
  "avgSignedError": -0.000221835988,
  "maxAbsoluteError": 0.203527868
}