{
  "createdTimestamp": "132271832697696905",
  "avgAbsoluteError": 0.000360052,
  "avgSignedError": -0.000213148727,
  "maxAbsoluteError": 0.421417236
}