{
  "createdTimestamp": "132271832697696905",
  "avgAbsoluteError": 0.188787147,
  "avgSignedError": -0.1887871,
  "maxAbsoluteError": 0.188873291
}