{
  "createdTimestamp": "132271832697696905",
  "avgAbsoluteError": 0.0003309084,
  "avgSignedError": -0.000328432536,
  "maxAbsoluteError": 0.00634765625
}