{
  "createdTimestamp": "132271832697696905",
  "avgAbsoluteError": 0.0919708759,
  "avgSignedError": -0.0919708759,
  "maxAbsoluteError": 0.112426758
}