{
  "createdTimestamp": "132271832697696905",
  "avgAbsoluteError": 0.00126762246,
  "avgSignedError": -0.00126719056,
  "maxAbsoluteError": 0.00268554688
}