{
  "createdTimestamp": "132271832697696905",
  "avgAbsoluteError": 3.463141E-05,
  "avgSignedError": 3.4619894E-05,
  "maxAbsoluteError": 4.81866045E-05
}