{
  "createdTimestamp": "132271832697696905",
  "avgAbsoluteError": 0.000578697945,
  "avgSignedError": 0.000578628853,
  "maxAbsoluteError": 0.3365718
}