{
  "createdTimestamp": "132271832697696905",
  "avgAbsoluteError": 0.000254077,
  "avgSignedError": 0.000254065468,
  "maxAbsoluteError": 0.000271947676
}