{
  "createdTimestamp": "132271832697696905",
  "avgAbsoluteError": 0.000481358118,
  "avgSignedError": -0.00048132753,
  "maxAbsoluteError": 0.168151855
}