{
  "createdTimestamp": "132271832697696905",
  "avgAbsoluteError": 0.0003046566,
  "avgSignedError": -0.000186412071,
  "maxAbsoluteError": 0.215698242
}