{
  "createdTimestamp": "132271832697696905",
  "avgAbsoluteError": 0.000195967776,
  "avgSignedError": -0.00019582035,
  "maxAbsoluteError": 0.00100708008
}