{
  "createdTimestamp": "132271832697696905",
  "avgAbsoluteError": 5.006948E-06,
  "avgSignedError": -3.46887759E-06,
  "maxAbsoluteError": 0.000396728516
}