{
  "createdTimestamp": "132271832697696905",
  "avgAbsoluteError": 0.278937846,
  "avgSignedError": 0.2789377,
  "maxAbsoluteError": 0.279042035
}