{
  "createdTimestamp": "132271832697696905",
  "avgAbsoluteError": 1.08923768E-05,
  "avgSignedError": -9.525606E-06,
  "maxAbsoluteError": 0.0004272461
}