{
  "createdTimestamp": "132271832697696905",
  "avgAbsoluteError": 0.000522552058,
  "avgSignedError": -0.000522531045,
  "maxAbsoluteError": 0.00134277344
}