{
  "createdTimestamp": "132271832697696905",
  "avgAbsoluteError": 0.0005683388,
  "avgSignedError": -0.0005682625,
  "maxAbsoluteError": 0.236328125
}