{
  "createdTimestamp": "132271832697696905",
  "avgAbsoluteError": 0.00755693624,
  "avgSignedError": 0.007556038,
  "maxAbsoluteError": 0.0526225567
}