{
  "createdTimestamp": "132271832697696905",
  "avgAbsoluteError": 1.67318857,
  "avgSignedError": -1.673188,
  "maxAbsoluteError": 1.67379761
}