{
  "createdTimestamp": "132271832697696905",
  "avgAbsoluteError": 7.915351E-09,
  "avgSignedError": 7.915351E-09,
  "maxAbsoluteError": 4.195136E-05
}