{
  "createdTimestamp": "132271832697696905",
  "avgAbsoluteError": 0.0008656405,
  "avgSignedError": -0.0008519578,
  "maxAbsoluteError": 0.0128781348
}