{
  "createdTimestamp": "132271832697696905",
  "avgAbsoluteError": 0.0005822678,
  "avgSignedError": -0.0005821908,
  "maxAbsoluteError": 0.001373291
}