{
  "createdTimestamp": "132271832697696905",
  "avgAbsoluteError": 0.000212589031,
  "avgSignedError": 0.000212589031,
  "maxAbsoluteError": 0.0002306985
}