{
  "createdTimestamp": "132271832697696905",
  "avgAbsoluteError": 18.7375374,
  "avgSignedError": -18.7375374,
  "maxAbsoluteError": 18.74533,
  "avgSettlingTime10Degrees": 79.71974,
  "avgSettlingTime5Degrees": 79.71974,
  "avgSettlingTime2Degrees": 79.71974
}