{
  "createdTimestamp": "132271832697696905",
  "avgAbsoluteError": 5.80589331E-05,
  "avgSignedError": 5.80589331E-05,
  "maxAbsoluteError": 8.462512E-05
}