{
  "createdTimestamp": "132271832697696905",
  "avgAbsoluteError": 3.07326482E-05,
  "avgSignedError": -3.071709E-05,
  "maxAbsoluteError": 0.000366210938
}