{
  "createdTimestamp": "132271832697696905",
  "avgAbsoluteError": 2.83223617E-05,
  "avgSignedError": 2.78272018E-05,
  "maxAbsoluteError": 0.0009460449
}