{
  "createdTimestamp": "132271832697696905",
  "avgAbsoluteError": 5.66298877E-06,
  "avgSignedError": -4.11414749E-06,
  "maxAbsoluteError": 0.0004272461
}