{
  "createdTimestamp": "132271832697696905",
  "avgAbsoluteError": 0.004280643,
  "avgSignedError": -0.004280643,
  "maxAbsoluteError": 0.307434082
}