{
  "createdTimestamp": "132271832697696905",
  "avgAbsoluteError": 3.737533E-05,
  "avgSignedError": -3.73409166E-05,
  "maxAbsoluteError": 9.11959E-05
}