{
  "createdTimestamp": "132271832697696905",
  "avgAbsoluteError": 0.000150296051,
  "avgSignedError": 0.000150042688,
  "maxAbsoluteError": 0.0006713867
}