{
  "createdTimestamp": "132271832697696905",
  "avgAbsoluteError": 0.000131212146,
  "avgSignedError": 0.000131200635,
  "maxAbsoluteError": 0.000149443091
}