{
  "createdTimestamp": "132271832697696905",
  "avgAbsoluteError": 0.0001645116,
  "avgSignedError": 0.000162035649,
  "maxAbsoluteError": 0.002532959
}