{
  "createdTimestamp": "132271832697696905",
  "avgAbsoluteError": 8.61350854E-05,
  "avgSignedError": 8.61350854E-05,
  "maxAbsoluteError": 0.000106695312
}