{
  "createdTimestamp": "132271832697696905",
  "avgAbsoluteError": 6.868771E-05,
  "avgSignedError": 6.868771E-05,
  "maxAbsoluteError": 8.303277E-05
}