{
  "createdTimestamp": "132271832697696905",
  "avgAbsoluteError": 0.000471260864,
  "avgSignedError": 0.000471260864,
  "maxAbsoluteError": 0.000496161461
}