{
  "createdTimestamp": "132271832697696905",
  "avgAbsoluteError": 0.000251205725,
  "avgSignedError": -0.000251205725,
  "maxAbsoluteError": 0.0002746582
}