{
  "createdTimestamp": "132271832697696905",
  "avgAbsoluteError": 0.000119910837,
  "avgSignedError": -0.000103028709,
  "maxAbsoluteError": 0.00482177734
}