{
  "createdTimestamp": "132271832697696905",
  "avgAbsoluteError": 0.0115104243,
  "avgSignedError": -0.0115104243,
  "maxAbsoluteError": 0.0115356445
}