{
  "createdTimestamp": "132271832697696905",
  "avgAbsoluteError": 3.10107243E-05,
  "avgSignedError": -2.99898838E-05,
  "maxAbsoluteError": 0.0007776309
}