{
  "createdTimestamp": "132271832697696905",
  "avgAbsoluteError": 1.62874369E-06,
  "avgSignedError": 1.62874369E-06,
  "maxAbsoluteError": 4.415599E-05
}