{
  "createdTimestamp": "132271832697696905",
  "avgAbsoluteError": 0.000282121,
  "avgSignedError": 0.0002821095,
  "maxAbsoluteError": 0.000301397551
}