{
  "createdTimestamp": "132271832697696905",
  "avgAbsoluteError": 0.00150308281,
  "avgSignedError": 0.00150308281,
  "maxAbsoluteError": 0.00705435872
}