{
  "createdTimestamp": "132271832697696905",
  "avgAbsoluteError": 0.000157903414,
  "avgSignedError": 0.000155876551,
  "maxAbsoluteError": 0.00531005859
}