{
  "createdTimestamp": "132271832697696905",
  "avgAbsoluteError": 0.00319446065,
  "avgSignedError": 0.00319438,
  "maxAbsoluteError": 0.003247828
}