{
  "createdTimestamp": "132271832697696905",
  "avgAbsoluteError": 3.144622E-05,
  "avgSignedError": -3.1178155E-05,
  "maxAbsoluteError": 0.004547119
}