{
  "createdTimestamp": "132271832697696905",
  "avgAbsoluteError": 2.07864118,
  "avgSignedError": -2.07841444,
  "maxAbsoluteError": 2.44790649,
  "avgSettlingTime2Degrees": 79.71974
}