{
  "createdTimestamp": "132271832697696905",
  "avgAbsoluteError": 9.127436E-05,
  "avgSignedError": 9.12628457E-05,
  "maxAbsoluteError": 0.0005499071
}