{
  "createdTimestamp": "132271832697696905",
  "avgAbsoluteError": 0.141630232,
  "avgSignedError": 0.141630232,
  "maxAbsoluteError": 0.1416938
}