{
  "createdTimestamp": "132271832697696905",
  "avgAbsoluteError": 0.000267850322,
  "avgSignedError": -0.0002677735,
  "maxAbsoluteError": 0.236602783
}