{
  "createdTimestamp": "132271832697696905",
  "avgAbsoluteError": 0.00113897934,
  "avgSignedError": -0.00109704933,
  "maxAbsoluteError": 0.1111145
}