{
  "createdTimestamp": "132271832697696905",
  "avgAbsoluteError": 0.000114563409,
  "avgSignedError": 0.0001145519,
  "maxAbsoluteError": 0.0001302724
}