{
  "createdTimestamp": "132271832697696905",
  "avgAbsoluteError": 1.67462158,
  "avgSignedError": -1.67462158,
  "maxAbsoluteError": 1.675293
}