{
  "createdTimestamp": "132271832697696905",
  "avgAbsoluteError": 0.00427949242,
  "avgSignedError": 0.00427949242,
  "maxAbsoluteError": 0.307594538
}