{
  "createdTimestamp": "132271832697696905",
  "avgAbsoluteError": 0.0377253629,
  "avgSignedError": 0.0377253629,
  "maxAbsoluteError": 0.0379943848
}