{
  "createdTimestamp": "132271832697696905",
  "avgAbsoluteError": 0.000530464633,
  "avgSignedError": -0.000530464633,
  "maxAbsoluteError": 0.331848145
}