{
  "createdTimestamp": "132271832697696905",
  "avgAbsoluteError": 0.000493719359,
  "avgSignedError": 0.0004936963,
  "maxAbsoluteError": 0.00126378
}