{
  "createdTimestamp": "132271832697696905",
  "avgAbsoluteError": 0.0004060853,
  "avgSignedError": -0.0004060853,
  "maxAbsoluteError": 0.013458252
}