{
  "createdTimestamp": "132271832697696905",
  "avgAbsoluteError": 0.0009531473,
  "avgSignedError": -0.000940485741,
  "maxAbsoluteError": 0.0121055245
}