{
  "createdTimestamp": "132271832697696905",
  "avgAbsoluteError": 0.09308558,
  "avgSignedError": 0.09308558,
  "maxAbsoluteError": 0.112707913
}