{
  "createdTimestamp": "132271832697696905",
  "avgAbsoluteError": 0.000219985523,
  "avgSignedError": 0.000219985523,
  "maxAbsoluteError": 0.0002393297
}