{
  "createdTimestamp": "132271832697696905",
  "avgAbsoluteError": 36.37575,
  "avgSignedError": -36.37575,
  "maxAbsoluteError": 36.3830261,
  "avgSettlingTime2Degrees": 79.71974
}