{
  "createdTimestamp": "132271832697696905",
  "avgAbsoluteError": 6.997173E-05,
  "avgSignedError": -6.99715238E-05,
  "maxAbsoluteError": 9.15527344E-05
}