{
  "createdTimestamp": "132271832697696905",
  "avgAbsoluteError": 0.000628873357,
  "avgSignedError": 0.000628804264,
  "maxAbsoluteError": 0.001406095
}