{
  "createdTimestamp": "132271832697696905",
  "avgAbsoluteError": 0.000240228648,
  "avgSignedError": 0.000240205612,
  "maxAbsoluteError": 0.000261591
}