{
  "createdTimestamp": "132271832697696905",
  "avgAbsoluteError": 18.7375584,
  "avgSignedError": -18.7375584,
  "maxAbsoluteError": 18.7454529,
  "avgSettlingTime10Degrees": 79.71974,
  "avgSettlingTime5Degrees": 79.71974,
  "avgSettlingTime2Degrees": 79.71974
}