{
  "createdTimestamp": "132271832697696905",
  "avgAbsoluteError": 0.679431438,
  "avgSignedError": 0.679431438,
  "maxAbsoluteError": 0.6797071
}