{
  "createdTimestamp": "132271832697696905",
  "avgAbsoluteError": 9.11943644E-05,
  "avgSignedError": 9.11252646E-05,
  "maxAbsoluteError": 0.000494306034
}