{
  "createdTimestamp": "132271832697696905",
  "avgAbsoluteError": 8.394061E-05,
  "avgSignedError": -8.394061E-05,
  "maxAbsoluteError": 0.000122070313
}