{
  "createdTimestamp": "132271832697696905",
  "avgAbsoluteError": 9.16223653E-05,
  "avgSignedError": -9.157523E-05,
  "maxAbsoluteError": 0.000124906743
}