{
  "createdTimestamp": "132271832697696905",
  "avgAbsoluteError": 0.0004731649,
  "avgSignedError": 0.0004731649,
  "maxAbsoluteError": 0.0127521753
}