{
  "createdTimestamp": "132271832697696905",
  "avgAbsoluteError": 0.00200201524,
  "avgSignedError": 0.00200161221,
  "maxAbsoluteError": 0.00212274
}