{
  "createdTimestamp": "132271832697696905",
  "avgAbsoluteError": 0.0002326352,
  "avgSignedError": 0.000232623686,
  "maxAbsoluteError": 0.00101457245
}