{
  "createdTimestamp": "132271832697696905",
  "avgAbsoluteError": 9.69866451E-05,
  "avgSignedError": 9.69866451E-05,
  "maxAbsoluteError": 0.000113452392
}