{
  "createdTimestamp": "132271832697696905",
  "avgAbsoluteError": 0.000348945672,
  "avgSignedError": 0.000346872752,
  "maxAbsoluteError": 0.005493164
}