{
  "createdTimestamp": "132271832697696905",
  "avgAbsoluteError": 0.275408745,
  "avgSignedError": -0.275408715,
  "maxAbsoluteError": 0.2755432
}