{
  "createdTimestamp": "132271832697696905",
  "avgAbsoluteError": 3.2922635E-05,
  "avgSignedError": -3.28801725E-05,
  "maxAbsoluteError": 0.00011251933
}