{
  "createdTimestamp": "132271832697696905",
  "avgAbsoluteError": 4.3093125E-05,
  "avgSignedError": -4.3093125E-05,
  "maxAbsoluteError": 6.10351563E-05
}