{
  "createdTimestamp": "132271832697696905",
  "avgAbsoluteError": 0.000490416249,
  "avgSignedError": -0.0004903842,
  "maxAbsoluteError": 0.169219971
}