{
  "createdTimestamp": "132271832697696905",
  "avgAbsoluteError": 9.18964142E-05,
  "avgSignedError": 9.182732E-05,
  "maxAbsoluteError": 0.0005119658
}