{
  "createdTimestamp": "132271832697696905",
  "avgAbsoluteError": 0.0004584191,
  "avgSignedError": 0.000457820221,
  "maxAbsoluteError": 0.00158691406
}