{
  "createdTimestamp": "132271832697696905",
  "avgAbsoluteError": 7.908291E-05,
  "avgSignedError": -7.904421E-05,
  "maxAbsoluteError": 0.000102546925
}