{
  "createdTimestamp": "132271832697696905",
  "avgAbsoluteError": 10.6786556,
  "avgSignedError": 10.6786547,
  "maxAbsoluteError": 10.6823483,
  "avgSettlingTime10Degrees": 79.71974,
  "avgSettlingTime5Degrees": 79.71974,
  "avgSettlingTime2Degrees": 79.71974
}