{
  "createdTimestamp": "132271832697696905",
  "avgAbsoluteError": 0.000666429056,
  "avgSignedError": 0.0006195702,
  "maxAbsoluteError": 0.4316101
}