{
  "createdTimestamp": "132271832697696905",
  "avgAbsoluteError": 0.000360449718,
  "avgSignedError": -0.000360398524,
  "maxAbsoluteError": 0.000366210938
}