{
  "createdTimestamp": "132271832697696905",
  "avgAbsoluteError": 0.000200212278,
  "avgSignedError": 0.000198012727,
  "maxAbsoluteError": 0.00582885742
}