{
  "createdTimestamp": "132271832697696905",
  "avgAbsoluteError": 0.00402878644,
  "avgSignedError": 0.00402878644,
  "maxAbsoluteError": 0.006225586
}