{
  "createdTimestamp": "132271832697696905",
  "avgAbsoluteError": 2.44309031E-05,
  "avgSignedError": 2.38781413E-05,
  "maxAbsoluteError": 0.00100708008
}