{
  "createdTimestamp": "132271832697696905",
  "avgAbsoluteError": 0.278237224,
  "avgSignedError": -0.278237,
  "maxAbsoluteError": 0.278381348
}