{
  "createdTimestamp": "132271832697696905",
  "avgAbsoluteError": 1.67330742,
  "avgSignedError": -1.67330682,
  "maxAbsoluteError": 1.67404175
}