{
  "createdTimestamp": "132271832697696905",
  "avgAbsoluteError": 0.00103476853,
  "avgSignedError": 0.00103429647,
  "maxAbsoluteError": 0.0012512207
}