{
  "createdTimestamp": "132271832697696905",
  "avgAbsoluteError": 0.007280363,
  "avgSignedError": 0.007279441,
  "maxAbsoluteError": 0.05215931
}