{
  "createdTimestamp": "132271832697696905",
  "avgAbsoluteError": 0.000168731218,
  "avgSignedError": -0.000168251936,
  "maxAbsoluteError": 0.00127009873
}