{
  "createdTimestamp": "132271832697696905",
  "avgAbsoluteError": 0.00134588941,
  "avgSignedError": -0.00134547311,
  "maxAbsoluteError": 0.00308227539
}