{
  "createdTimestamp": "132271832697696905",
  "avgAbsoluteError": 0.0004937998,
  "avgSignedError": 0.0004937998,
  "maxAbsoluteError": 0.0005098829
}