{
  "createdTimestamp": "132271832697696905",
  "avgAbsoluteError": 0.000133201727,
  "avgSignedError": 0.000133201727,
  "maxAbsoluteError": 0.000210577244
}