{
  "createdTimestamp": "132271832697696905",
  "avgAbsoluteError": 0.000155144633,
  "avgSignedError": -0.000155144284,
  "maxAbsoluteError": 0.000183105469
}