{
  "createdTimestamp": "132271832697696905",
  "avgAbsoluteError": 0.000287479954,
  "avgSignedError": -0.000287471223,
  "maxAbsoluteError": 0.000305175781
}