{
  "createdTimestamp": "132271832697696905",
  "avgAbsoluteError": 0.0009636482,
  "avgSignedError": 5.77367937E-05,
  "maxAbsoluteError": 0.2866516
}