{
  "createdTimestamp": "132271832697696905",
  "avgAbsoluteError": 0.000843232963,
  "avgSignedError": -0.0006700934,
  "maxAbsoluteError": 0.161590576
}