{
  "createdTimestamp": "132271832697696905",
  "avgAbsoluteError": 4.67990722E-05,
  "avgSignedError": -4.660775E-05,
  "maxAbsoluteError": 0.000506995362
}