{
  "createdTimestamp": "132271832697696905",
  "avgAbsoluteError": 0.000168934435,
  "avgSignedError": -0.000168889383,
  "maxAbsoluteError": 0.000183105469
}