{
  "createdTimestamp": "132271832697696905",
  "avgAbsoluteError": 0.000520173751,
  "avgSignedError": 0.0005201622,
  "maxAbsoluteError": 0.000536202569
}