{
  "createdTimestamp": "132271832697696905",
  "avgAbsoluteError": 2.97275947E-05,
  "avgSignedError": -2.96953131E-05,
  "maxAbsoluteError": 8.55429753E-05
}