{
  "createdTimestamp": "132271832697696905",
  "avgAbsoluteError": 0.000260106841,
  "avgSignedError": 0.000260106841,
  "maxAbsoluteError": 0.000274276274
}