{
  "createdTimestamp": "132271832697696905",
  "avgAbsoluteError": 0.00168357242,
  "avgSignedError": 0.00168357242,
  "maxAbsoluteError": 0.00170708913
}