{
  "createdTimestamp": "132271832697696905",
  "avgAbsoluteError": 0.00137109729,
  "avgSignedError": 0.00137109729,
  "maxAbsoluteError": 0.01373291
}