{
  "createdTimestamp": "132271832697696905",
  "avgAbsoluteError": 0.0222600475,
  "avgSignedError": 0.0222600475,
  "maxAbsoluteError": 0.0238037109
}