{
  "createdTimestamp": "132271832697696905",
  "avgAbsoluteError": 0.00144501077,
  "avgSignedError": 0.00144501077,
  "maxAbsoluteError": 0.01449585
}