{
  "createdTimestamp": "132271832697696905",
  "avgAbsoluteError": 0.009491105,
  "avgSignedError": 0.009489746,
  "maxAbsoluteError": 0.009552002
}