{
  "createdTimestamp": "132271832697696905",
  "avgAbsoluteError": 0.0020492936,
  "avgSignedError": 0.0020492936,
  "maxAbsoluteError": 0.002068157
}