{
  "createdTimestamp": "132292734164549775",
  "avgAbsoluteError": 2.90126014,
  "avgSignedError": -2.083439,
  "maxAbsoluteError": 14.2711182
}