{
  "createdTimestamp": "132292734164549775",
  "avgAbsoluteError": 5.29479647,
  "avgSignedError": 1.88829625,
  "maxAbsoluteError": 14.5858459
}