{
  "createdTimestamp": "132292734164549775",
  "avgAbsoluteError": 0.00770032173,
  "avgSignedError": -0.00102713634,
  "maxAbsoluteError": 0.07357728
}