{
  "createdTimestamp": "132292734164549775",
  "avgAbsoluteError": 3.12811613,
  "avgSignedError": 0.2435685,
  "maxAbsoluteError": 13.4637451
}