{
  "createdTimestamp": "132292734164549775",
  "avgAbsoluteError": 12.6109858,
  "avgSignedError": 8.164911,
  "maxAbsoluteError": 31.1727333
}