{
  "createdTimestamp": "132292734164549775",
  "avgAbsoluteError": 0.6005818,
  "avgSignedError": 0.6005818,
  "maxAbsoluteError": 0.602676034
}