{
  "createdTimestamp": "132292734164549775",
  "avgAbsoluteError": 2.58225965,
  "avgSignedError": -0.364416748,
  "maxAbsoluteError": 6.378032
}