{
  "createdTimestamp": "132292734164549775",
  "avgAbsoluteError": 5.06277847,
  "avgSignedError": 0.170614868,
  "maxAbsoluteError": 16.9603577
}