{
  "createdTimestamp": "132292734164549775",
  "avgAbsoluteError": 0.008805383,
  "avgSignedError": -0.005200759,
  "maxAbsoluteError": 0.0223999023
}