{
  "createdTimestamp": "132292734164549775",
  "avgAbsoluteError": 0.008554814,
  "avgSignedError": 0.008554814,
  "maxAbsoluteError": 0.0238575023
}