{
  "createdTimestamp": "132292734164549775",
  "avgAbsoluteError": 1.63786483,
  "avgSignedError": -0.420766979,
  "maxAbsoluteError": 3.24988127
}