{
  "createdTimestamp": "132292734164549775",
  "avgAbsoluteError": 3.00338125,
  "avgSignedError": -3.00338125,
  "maxAbsoluteError": 3.00378418
}