{
  "createdTimestamp": "132292734164549775",
  "avgAbsoluteError": 9.304855,
  "avgSignedError": 0.401640356,
  "maxAbsoluteError": 47.3796
}