{
  "createdTimestamp": "132292734164549775",
  "avgAbsoluteError": 15.8425293,
  "avgSignedError": -0.931191862,
  "maxAbsoluteError": 32.2496033
}