{
  "createdTimestamp": "132292734164549775",
  "avgAbsoluteError": 58.096386,
  "avgSignedError": -15.005661,
  "maxAbsoluteError": 177.096161
}