{
  "createdTimestamp": "132292734164549775",
  "avgAbsoluteError": 57.91134,
  "avgSignedError": -14.2136583,
  "maxAbsoluteError": 179.589157
}