{
  "createdTimestamp": "132292734164549775",
  "avgAbsoluteError": 0.008200652,
  "avgSignedError": -0.00806322,
  "maxAbsoluteError": 0.0173034668
}