{
  "createdTimestamp": "132292734164549775",
  "avgAbsoluteError": 13.993928,
  "avgSignedError": 1.20329893,
  "maxAbsoluteError": 29.1626282
}