{
  "createdTimestamp": "132292734164549775",
  "avgAbsoluteError": 10.1467323,
  "avgSignedError": 0.146287069,
  "maxAbsoluteError": 19.2828674
}