{
  "createdTimestamp": "132292734164549775",
  "avgAbsoluteError": 0.005878307,
  "avgSignedError": -0.00204485469,
  "maxAbsoluteError": 0.0194702148
}