{
  "createdTimestamp": "132292734164549775",
  "avgAbsoluteError": 10.4607344,
  "avgSignedError": 1.24590528,
  "maxAbsoluteError": 46.6009521
}