{
  "createdTimestamp": "132292734164549775",
  "avgAbsoluteError": 0.00332476734,
  "avgSignedError": -0.0013361508,
  "maxAbsoluteError": 0.0116271973
}