{
  "createdTimestamp": "132292734164549775",
  "avgAbsoluteError": 6.099475,
  "avgSignedError": -1.87718368,
  "maxAbsoluteError": 12.1519775
}