{
  "createdTimestamp": "132292734164549775",
  "avgAbsoluteError": 8.17829,
  "avgSignedError": -0.0100236339,
  "maxAbsoluteError": 18.3989868
}