{
  "createdTimestamp": "132292734164549775",
  "avgAbsoluteError": 14.5639858,
  "avgSignedError": -3.005368,
  "maxAbsoluteError": 34.0091858
}