{
  "createdTimestamp": "132292734164549775",
  "avgAbsoluteError": 7.832818,
  "avgSignedError": -2.01314139,
  "maxAbsoluteError": 26.5124817
}