{
  "createdTimestamp": "132292734164549775",
  "avgAbsoluteError": 2.14625955,
  "avgSignedError": 2.12513971,
  "maxAbsoluteError": 3.6896112
}