{
  "createdTimestamp": "132292734164549775",
  "avgAbsoluteError": 17.3187561,
  "avgSignedError": 13.3963175,
  "maxAbsoluteError": 60.70156
}