{
  "createdTimestamp": "132292734164549775",
  "avgAbsoluteError": 0.008206496,
  "avgSignedError": 4.94604355E-05,
  "maxAbsoluteError": 0.018157959
}