{
  "createdTimestamp": "132292734164549775",
  "avgAbsoluteError": 0.008040349,
  "avgSignedError": 0.007611962,
  "maxAbsoluteError": 0.01941211
}