{
  "createdTimestamp": "132292734164549775",
  "avgAbsoluteError": 8.628252,
  "avgSignedError": -3.09084535,
  "maxAbsoluteError": 21.0469666
}