{
  "createdTimestamp": "132292734164549775",
  "avgAbsoluteError": 31.66795,
  "avgSignedError": -6.63187933,
  "maxAbsoluteError": 173.573181
}