{
  "createdTimestamp": "132292734164549775",
  "avgAbsoluteError": 1.48231864,
  "avgSignedError": -0.4570433,
  "maxAbsoluteError": 2.89682
}