{
  "createdTimestamp": "132292734164549775",
  "avgAbsoluteError": 46.3275642,
  "avgSignedError": -14.022048,
  "maxAbsoluteError": 178.517151
}