{
  "createdTimestamp": "132292734164549775",
  "avgAbsoluteError": 24.2123547,
  "avgSignedError": 8.430476,
  "maxAbsoluteError": 166.741241
}