{
  "createdTimestamp": "132292734164549775",
  "avgAbsoluteError": 8.032423,
  "avgSignedError": 4.813298,
  "maxAbsoluteError": 29.2757187
}