{
  "createdTimestamp": "132292734164549775",
  "avgAbsoluteError": 13.7758083,
  "avgSignedError": 13.7758083,
  "maxAbsoluteError": 23.87509
}