{
  "createdTimestamp": "132292734164549775",
  "avgAbsoluteError": 15.3447227,
  "avgSignedError": -0.9928888,
  "maxAbsoluteError": 27.2953815
}