{
  "createdTimestamp": "132292734164549775",
  "avgAbsoluteError": 9.935583,
  "avgSignedError": 4.431213,
  "maxAbsoluteError": 42.8869247
}