{
  "createdTimestamp": "132292734164549775",
  "avgAbsoluteError": 1.63484859,
  "avgSignedError": 1.45234847,
  "maxAbsoluteError": 2.95425653
}