{
  "createdTimestamp": "132292734164549775",
  "avgAbsoluteError": 24.5055313,
  "avgSignedError": -24.5055313,
  "maxAbsoluteError": 27.9093628
}