{
  "createdTimestamp": "132292734164549775",
  "avgAbsoluteError": 3.91094446,
  "avgSignedError": 1.2175802,
  "maxAbsoluteError": 11.5092163
}