{
  "createdTimestamp": "132292734164549775",
  "avgAbsoluteError": 2.81039047,
  "avgSignedError": 2.81039047,
  "maxAbsoluteError": 4.207874
}