{
  "createdTimestamp": "132292734164549775",
  "avgAbsoluteError": 11.9358244,
  "avgSignedError": 11.0523634,
  "maxAbsoluteError": 35.9718971
}