{
  "createdTimestamp": "132292734164549775",
  "avgAbsoluteError": 8.887209,
  "avgSignedError": -1.60927176,
  "maxAbsoluteError": 28.7678833
}