{
  "createdTimestamp": "132292734164549775",
  "avgAbsoluteError": 4.67702055,
  "avgSignedError": -0.9313961,
  "maxAbsoluteError": 11.7633924
}