{
  "createdTimestamp": "132292734164549775",
  "avgAbsoluteError": 10.9710875,
  "avgSignedError": 6.27559042,
  "maxAbsoluteError": 48.4265137
}