{
  "createdTimestamp": "132292734164549775",
  "avgAbsoluteError": 0.0153797921,
  "avgSignedError": 0.000146672552,
  "maxAbsoluteError": 0.03577836
}