{
  "createdTimestamp": "132292734164549775",
  "avgAbsoluteError": 2.1566968,
  "avgSignedError": 0.950629532,
  "maxAbsoluteError": 7.693878
}