{
  "createdTimestamp": "132292734164549775",
  "avgAbsoluteError": 5.90565538,
  "avgSignedError": -2.78211522,
  "maxAbsoluteError": 16.88266
}