{
  "createdTimestamp": "132292734164549775",
  "avgAbsoluteError": 3.802918,
  "avgSignedError": 1.49714029,
  "maxAbsoluteError": 13.7536621
}