{
  "createdTimestamp": "132292734164549775",
  "avgAbsoluteError": 18.3690834,
  "avgSignedError": 1.32892585,
  "maxAbsoluteError": 33.4542542
}