{
  "createdTimestamp": "132292734164549775",
  "avgAbsoluteError": 0.007343008,
  "avgSignedError": 0.0002982962,
  "maxAbsoluteError": 0.0161743164
}