{
  "createdTimestamp": "132292734164549775",
  "avgAbsoluteError": 1.10702145,
  "avgSignedError": 1.10702145,
  "maxAbsoluteError": 1.36941934
}