{
  "createdTimestamp": "132292734164549775",
  "avgAbsoluteError": 0.01252623,
  "avgSignedError": -0.000101772421,
  "maxAbsoluteError": 0.0503540039
}