{
  "createdTimestamp": "132292734164549775",
  "avgAbsoluteError": 0.0113653094,
  "avgSignedError": -0.00107103284,
  "maxAbsoluteError": 0.043904908
}