{
  "createdTimestamp": "132292734164549775",
  "avgAbsoluteError": 15.4724693,
  "avgSignedError": -0.665965736,
  "maxAbsoluteError": 31.2438965
}