{
  "createdTimestamp": "132292734164549775",
  "avgAbsoluteError": 8.660821,
  "avgSignedError": -2.50118423,
  "maxAbsoluteError": 20.2189941
}