{
  "createdTimestamp": "132292734164549775",
  "avgAbsoluteError": 8.226811,
  "avgSignedError": 3.8499434,
  "maxAbsoluteError": 26.134
}