{
  "createdTimestamp": "132292734164549775",
  "avgAbsoluteError": 0.0102642793,
  "avgSignedError": 0.000748498947,
  "maxAbsoluteError": 0.0234758258
}