{
  "createdTimestamp": "132292734164549775",
  "avgAbsoluteError": 0.0103044892,
  "avgSignedError": -0.002010353,
  "maxAbsoluteError": 0.0209017936
}