{
  "createdTimestamp": "132292734164549775",
  "avgAbsoluteError": 0.006617117,
  "avgSignedError": 0.00102983369,
  "maxAbsoluteError": 0.01587742
}