{
  "createdTimestamp": "132292734164549775",
  "avgAbsoluteError": 7.231459,
  "avgSignedError": -0.225052729,
  "maxAbsoluteError": 20.42031
}