{
  "createdTimestamp": "132292734164549775",
  "avgAbsoluteError": 9.534946,
  "avgSignedError": -3.387375,
  "maxAbsoluteError": 34.0067139
}