{
  "createdTimestamp": "132292734164549775",
  "avgAbsoluteError": 0.0105578015,
  "avgSignedError": -0.00111246167,
  "maxAbsoluteError": 0.0273499377
}