{
  "createdTimestamp": "132292734164549775",
  "avgAbsoluteError": 0.00369433081,
  "avgSignedError": 0.00226143026,
  "maxAbsoluteError": 0.0371995978
}