{
  "createdTimestamp": "132292734164549775",
  "avgAbsoluteError": 11.1179485,
  "avgSignedError": 0.9434974,
  "maxAbsoluteError": 29.598547
}