{
  "createdTimestamp": "132292734164549775",
  "avgAbsoluteError": 2.56847477,
  "avgSignedError": 1.53902411,
  "maxAbsoluteError": 14.1143179
}