{
  "createdTimestamp": "132292734164549775",
  "avgAbsoluteError": 23.0863571,
  "avgSignedError": -7.762029,
  "maxAbsoluteError": 164.651184
}