{
  "createdTimestamp": "132292734164549775",
  "avgAbsoluteError": 6.84185266,
  "avgSignedError": 6.83618259,
  "maxAbsoluteError": 20.42407
}