{
  "createdTimestamp": "132292734164549775",
  "avgAbsoluteError": 3.0720067,
  "avgSignedError": 2.79511762,
  "maxAbsoluteError": 11.6623678
}