{
  "createdTimestamp": "132292734164549775",
  "avgAbsoluteError": 6.58903646,
  "avgSignedError": -0.2347439,
  "maxAbsoluteError": 179.773026
}