{
  "createdTimestamp": "132266842192423698",
  "avgAbsoluteError": 0.0327380858,
  "avgSignedError": 0.004490318,
  "maxAbsoluteError": 0.468688965
}