{
  "createdTimestamp": "132266842192423698",
  "avgAbsoluteError": 0.0249559451,
  "avgSignedError": -0.0145290419,
  "maxAbsoluteError": 0.402008057
}