{
  "createdTimestamp": "132266842192423698",
  "avgAbsoluteError": 0.06777956,
  "avgSignedError": -0.0276363268,
  "maxAbsoluteError": 1.27630615
}