{
  "createdTimestamp": "132266842192423698",
  "avgAbsoluteError": 0.00354450825,
  "avgSignedError": -0.0005341544,
  "maxAbsoluteError": 0.121917732
}