{
  "createdTimestamp": "132266842192423698",
  "avgAbsoluteError": 0.005758856,
  "avgSignedError": -0.000481365772,
  "maxAbsoluteError": 0.187438965
}