{
  "createdTimestamp": "132266842192423698",
  "avgAbsoluteError": 0.00521883136,
  "avgSignedError": -0.00165611936,
  "maxAbsoluteError": 0.1076355
}