{
  "createdTimestamp": "132266842192423698",
  "avgAbsoluteError": 0.000331001269,
  "avgSignedError": 0.000220168469,
  "maxAbsoluteError": 0.00378417969
}