{
  "createdTimestamp": "132266842192423698",
  "avgAbsoluteError": 0.03618202,
  "avgSignedError": -0.00398754328,
  "maxAbsoluteError": 0.946777344
}