{
  "createdTimestamp": "132266842192423698",
  "avgAbsoluteError": 0.4355185,
  "avgSignedError": -0.02225373,
  "maxAbsoluteError": 163.3286,
  "avgSettlingTime2Degrees": 0.0360313
}