{
  "createdTimestamp": "132266842192423698",
  "avgAbsoluteError": 0.0004820567,
  "avgSignedError": -0.000276056962,
  "maxAbsoluteError": 0.0243835449
}