{
  "createdTimestamp": "132266842192423698",
  "avgAbsoluteError": 3.82706761,
  "avgSignedError": 0.4406248,
  "maxAbsoluteError": 154.358612,
  "avgSettlingTime5Degrees": 0.0160143,
  "avgSettlingTime2Degrees": 0.03753357
}