{
  "createdTimestamp": "132266842192423698",
  "avgAbsoluteError": 1.47358513,
  "avgSignedError": -0.308439583,
  "maxAbsoluteError": 65.48749,
  "avgSettlingTime2Degrees": 0.0100087505
}