{
  "createdTimestamp": "132266842192423698",
  "avgAbsoluteError": 0.0003138925,
  "avgSignedError": -7.057905E-05,
  "maxAbsoluteError": 0.006439209
}