{
  "createdTimestamp": "132266842192423698",
  "avgAbsoluteError": 0.00335549633,
  "avgSignedError": -0.00267361547,
  "maxAbsoluteError": 0.131378174
}