{
  "createdTimestamp": "132266842192423698",
  "avgAbsoluteError": 0.000168730825,
  "avgSignedError": 5.03307565E-05,
  "maxAbsoluteError": 0.00280761719
}