{
  "createdTimestamp": "132266842192423698",
  "avgAbsoluteError": 2.077786,
  "avgSignedError": 2.077786,
  "maxAbsoluteError": 3.053257
}