{
  "createdTimestamp": "132266842192423698",
  "avgAbsoluteError": 0.035158392,
  "avgSignedError": -0.00390951056,
  "maxAbsoluteError": 0.9347229
}