{
  "createdTimestamp": "132266842192423698",
  "avgAbsoluteError": 0.00035139083,
  "avgSignedError": 6.660553E-05,
  "maxAbsoluteError": 0.00610351563
}