{
  "createdTimestamp": "132266842192423698",
  "avgAbsoluteError": 0.0202377923,
  "avgSignedError": -0.0072254804,
  "maxAbsoluteError": 0.373840332
}