{
  "createdTimestamp": "132266842192423698",
  "avgAbsoluteError": 0.000624666864,
  "avgSignedError": 0.000283830246,
  "maxAbsoluteError": 0.0224609375
}