{
  "createdTimestamp": "132266842192423698",
  "avgAbsoluteError": 36.3388329,
  "avgSignedError": 36.3388329,
  "maxAbsoluteError": 36.3601074
}