{
  "createdTimestamp": "132266842192423698",
  "avgAbsoluteError": 4.456666,
  "avgSignedError": -1.90253532,
  "maxAbsoluteError": 138.416992,
  "avgSettlingTime10Degrees": 0.0110098,
  "avgSettlingTime5Degrees": 0.0560497977,
  "avgSettlingTime2Degrees": 0.0591958538
}