{
  "createdTimestamp": "132266842192423698",
  "avgAbsoluteError": 2.66805077,
  "avgSignedError": -0.6759812,
  "maxAbsoluteError": 29.4504948
}