{
  "createdTimestamp": "132266842192423698",
  "avgAbsoluteError": 1.673801,
  "avgSignedError": -1.673801,
  "maxAbsoluteError": 1.67895508
}