{
  "createdTimestamp": "132266842192423698",
  "avgAbsoluteError": 0.9852936,
  "avgSignedError": -0.166577771,
  "maxAbsoluteError": 8.432648
}