{
  "createdTimestamp": "132266842192423698",
  "avgAbsoluteError": 0.03606296,
  "avgSignedError": -0.006659577,
  "maxAbsoluteError": 0.9005432
}