{
  "createdTimestamp": "132266842192423698",
  "avgAbsoluteError": 0.00640529534,
  "avgSignedError": -0.00591796171,
  "maxAbsoluteError": 0.208404541
}