{
  "createdTimestamp": "132266842192423698",
  "avgAbsoluteError": 1.65862215,
  "avgSignedError": -1.31564212,
  "maxAbsoluteError": 174.6041,
  "avgSettlingTime2Degrees": 0.01301155
}