{
  "createdTimestamp": "132266842192423698",
  "avgAbsoluteError": 0.0005007686,
  "avgSignedError": 0.0004516506,
  "maxAbsoluteError": 0.008453369
}