{
  "createdTimestamp": "132266842192423698",
  "avgAbsoluteError": 0.000137416617,
  "avgSignedError": 7.248475E-05,
  "maxAbsoluteError": 0.0087890625
}