{
  "createdTimestamp": "132266842192423698",
  "avgAbsoluteError": 0.000417959265,
  "avgSignedError": 0.000305268826,
  "maxAbsoluteError": 0.004119873
}