{
  "createdTimestamp": "132266842192423698",
  "avgAbsoluteError": 18.7452965,
  "avgSignedError": -18.7452965,
  "maxAbsoluteError": 18.7785339
}