{
  "createdTimestamp": "132266842192423698",
  "avgAbsoluteError": 2.47228026,
  "avgSignedError": -1.79149938,
  "maxAbsoluteError": 8.538352
}