{
  "createdTimestamp": "132266842192423698",
  "avgAbsoluteError": 0.0002944801,
  "avgSignedError": 0.000167244216,
  "maxAbsoluteError": 0.00393676758
}