{
  "createdTimestamp": "132266842192423698",
  "avgAbsoluteError": 0.000183201308,
  "avgSignedError": 0.000156331342,
  "maxAbsoluteError": 0.00604357151
}