{
  "createdTimestamp": "132266842192423698",
  "avgAbsoluteError": 0.000254363753,
  "avgSignedError": 0.000197950591,
  "maxAbsoluteError": 0.008758545
}