{
  "createdTimestamp": "132266842192423698",
  "avgAbsoluteError": 0.0146180131,
  "avgSignedError": -0.00230495352,
  "maxAbsoluteError": 0.352827162
}