{
  "createdTimestamp": "132266842192423698",
  "avgAbsoluteError": 0.0115327444,
  "avgSignedError": -0.003867463,
  "maxAbsoluteError": 0.252990723
}