{
  "createdTimestamp": "132266842192423698",
  "avgAbsoluteError": 4.68605566,
  "avgSignedError": 2.89283156,
  "maxAbsoluteError": 47.608284,
  "avgSettlingTime2Degrees": 0.0110098
}