{
  "createdTimestamp": "132266842192423698",
  "avgAbsoluteError": 3.06512022,
  "avgSignedError": 2.5566237,
  "maxAbsoluteError": 82.1822052
}