{
  "createdTimestamp": "132266842192423698",
  "avgAbsoluteError": 0.006405447,
  "avgSignedError": -0.005585086,
  "maxAbsoluteError": 0.226318359
}