{
  "createdTimestamp": "132266842192423698",
  "avgAbsoluteError": 0.0024835004,
  "avgSignedError": -0.00186653424,
  "maxAbsoluteError": 0.0992431641
}