{
  "createdTimestamp": "132266842192423698",
  "avgAbsoluteError": 0.00249684951,
  "avgSignedError": 0.00171431364,
  "maxAbsoluteError": 0.0274047852
}