{
  "createdTimestamp": "132266842192423698",
  "avgAbsoluteError": 0.000105492647,
  "avgSignedError": 7.191656E-05,
  "maxAbsoluteError": 0.00617523259
}