{
  "createdTimestamp": "132266842192423698",
  "avgAbsoluteError": 0.0306804255,
  "avgSignedError": 0.000945069944,
  "maxAbsoluteError": 0.869720459
}