{
  "createdTimestamp": "132266842192423698",
  "avgAbsoluteError": 0.0002900986,
  "avgSignedError": 0.000240300811,
  "maxAbsoluteError": 0.007598877
}