{
  "createdTimestamp": "132266842192423698",
  "avgAbsoluteError": 0.275839239,
  "avgSignedError": 0.275839239,
  "maxAbsoluteError": 0.2838742
}