{
  "createdTimestamp": "132266842192423698",
  "avgAbsoluteError": 10.763587,
  "avgSignedError": -8.170601,
  "maxAbsoluteError": 87.29224,
  "avgSettlingTime10Degrees": 0.0110098,
  "avgSettlingTime5Degrees": 0.0560497977,
  "avgSettlingTime2Degrees": 0.0366040878
}