{
  "createdTimestamp": "132266842192423698",
  "avgAbsoluteError": 0.0009383088,
  "avgSignedError": -0.0007023001,
  "maxAbsoluteError": 0.0256347656
}