{
  "createdTimestamp": "132266842192423698",
  "avgAbsoluteError": 0.000142944758,
  "avgSignedError": 9.19235E-05,
  "maxAbsoluteError": 0.00267613563
}