{
  "createdTimestamp": "132266842192423698",
  "avgAbsoluteError": 0.00129504409,
  "avgSignedError": 0.000834855833,
  "maxAbsoluteError": 0.0118103027
}