{
  "createdTimestamp": "132266842192423698",
  "avgAbsoluteError": 1.67388463,
  "avgSignedError": 0.266500324,
  "maxAbsoluteError": 24.779541,
  "avgSettlingTime2Degrees": 0.0110098
}