{
  "createdTimestamp": "132266842192423698",
  "avgAbsoluteError": 0.0219102427,
  "avgSignedError": -0.007916682,
  "maxAbsoluteError": 0.38659668
}