{
  "createdTimestamp": "132266842192423698",
  "avgAbsoluteError": 0.237397924,
  "avgSignedError": 0.024630418,
  "maxAbsoluteError": 29.8434753
}