{
  "createdTimestamp": "132266842192423698",
  "avgAbsoluteError": 0.7000058,
  "avgSignedError": -0.7000058,
  "maxAbsoluteError": 0.774078369
}