{
  "createdTimestamp": "132266842192423698",
  "avgAbsoluteError": 0.03188004,
  "avgSignedError": -0.0106963543,
  "maxAbsoluteError": 0.261261
}