{
  "createdTimestamp": "132266842192423698",
  "avgAbsoluteError": 1.03917944,
  "avgSignedError": 0.370056272,
  "maxAbsoluteError": 110.6263,
  "avgSettlingTime2Degrees": 0.1481319
}