{
  "createdTimestamp": "132266842192423698",
  "avgAbsoluteError": 0.00037888065,
  "avgSignedError": 0.000102840633,
  "maxAbsoluteError": 0.006134033
}