{
  "createdTimestamp": "132266842192423698",
  "avgAbsoluteError": 0.000516286644,
  "avgSignedError": 0.000299061619,
  "maxAbsoluteError": 0.005004883
}