{
  "createdTimestamp": "132266842192423698",
  "avgAbsoluteError": 0.00335354125,
  "avgSignedError": -0.00266071036,
  "maxAbsoluteError": 0.132324219
}