{
  "createdTimestamp": "132266842192423698",
  "avgAbsoluteError": 0.00116574345,
  "avgSignedError": 0.00023675905,
  "maxAbsoluteError": 0.0225219727
}