{
  "createdTimestamp": "132266842192423698",
  "avgAbsoluteError": 0.00341467862,
  "avgSignedError": -0.0027278068,
  "maxAbsoluteError": 0.13381958
}