{
  "createdTimestamp": "132266842192423698",
  "avgAbsoluteError": 10.6823483,
  "avgSignedError": -10.6823483,
  "maxAbsoluteError": 10.715271
}