{
  "createdTimestamp": "132266842192423698",
  "avgAbsoluteError": 0.000288695242,
  "avgSignedError": 0.000181124735,
  "maxAbsoluteError": 0.003566115
}