{
  "createdTimestamp": "132266842192423698",
  "avgAbsoluteError": 0.019696936,
  "avgSignedError": -0.00661996938,
  "maxAbsoluteError": 0.3937683
}