{
  "createdTimestamp": "132266842192423698",
  "avgAbsoluteError": 0.27959156,
  "avgSignedError": 0.27959156,
  "maxAbsoluteError": 0.28799662
}