{
  "createdTimestamp": "132266842192423698",
  "avgAbsoluteError": 1.67526925,
  "avgSignedError": -1.67526925,
  "maxAbsoluteError": 1.67828369
}