{
  "createdTimestamp": "132266842192423698",
  "avgAbsoluteError": 0.320378155,
  "avgSignedError": 0.0102628861,
  "maxAbsoluteError": 4.369248
}