{
  "createdTimestamp": "132266842192423698",
  "avgAbsoluteError": 0.007373072,
  "avgSignedError": -0.00688509364,
  "maxAbsoluteError": 0.227722168
}