{
  "createdTimestamp": "132266842192423698",
  "avgAbsoluteError": 0.00755545124,
  "avgSignedError": -0.006879295,
  "maxAbsoluteError": 0.23034668
}