{
  "createdTimestamp": "132266842192423698",
  "avgAbsoluteError": 0.00557811,
  "avgSignedError": -4.93563857E-05,
  "maxAbsoluteError": 0.0756835938
}