{
  "createdTimestamp": "132266842192423698",
  "avgAbsoluteError": 0.8313962,
  "avgSignedError": -0.0378649868,
  "maxAbsoluteError": 17.4050865,
  "avgSettlingTime2Degrees": 0.0510455
}