{
  "createdTimestamp": "132266842192423698",
  "avgAbsoluteError": 0.0275842268,
  "avgSignedError": 0.00572933629,
  "maxAbsoluteError": 0.160400391
}