{
  "createdTimestamp": "132266842192423698",
  "avgAbsoluteError": 0.00568645354,
  "avgSignedError": -0.0039575547,
  "maxAbsoluteError": 0.055847168
}