{
  "createdTimestamp": "132266842192423698",
  "avgAbsoluteError": 0.00729099661,
  "avgSignedError": -0.00288130413,
  "maxAbsoluteError": 0.08004761
}