{
  "createdTimestamp": "132266842192423698",
  "avgAbsoluteError": 2.338473,
  "avgSignedError": 1.49261379,
  "maxAbsoluteError": 33.71396,
  "avgSettlingTime2Degrees": 0.05380115
}