{
  "createdTimestamp": "132266842192423698",
  "avgAbsoluteError": 0.158934057,
  "avgSignedError": 0.0150210625,
  "maxAbsoluteError": 2.490199
}