{
  "createdTimestamp": "132266842192423698",
  "avgAbsoluteError": 0.676317453,
  "avgSignedError": -0.33499378,
  "maxAbsoluteError": 9.86676
}