{
  "createdTimestamp": "132266842192423698",
  "avgAbsoluteError": 0.0007647215,
  "avgSignedError": -0.0002448733,
  "maxAbsoluteError": 0.008087158
}