{
  "createdTimestamp": "132266842192423698",
  "avgAbsoluteError": 0.619463265,
  "avgSignedError": 0.61825645,
  "maxAbsoluteError": 14.1643639
}