{
  "createdTimestamp": "132266842192423698",
  "avgAbsoluteError": 0.0081338305,
  "avgSignedError": 0.00295198616,
  "maxAbsoluteError": 0.177616358
}