{
  "createdTimestamp": "132266842192423698",
  "avgAbsoluteError": 0.2755392,
  "avgSignedError": -0.2755392,
  "maxAbsoluteError": 0.279754639
}