{
  "createdTimestamp": "132266842192423698",
  "avgAbsoluteError": 0.278439134,
  "avgSignedError": -0.278439134,
  "maxAbsoluteError": 0.2817688
}