{
  "createdTimestamp": "132266842192423698",
  "avgAbsoluteError": 0.000225043,
  "avgSignedError": 7.737136E-05,
  "maxAbsoluteError": 0.002481896
}