{
  "createdTimestamp": "132266842192423698",
  "avgAbsoluteError": 0.000153683883,
  "avgSignedError": -0.000152760636,
  "maxAbsoluteError": 0.0004272461
}