{
  "createdTimestamp": "132266842192423698",
  "avgAbsoluteError": 0.007780011,
  "avgSignedError": 0.00446634227,
  "maxAbsoluteError": 0.1410706
}