{
  "createdTimestamp": "132266842192423698",
  "avgAbsoluteError": 6.89200974,
  "avgSignedError": -6.879144,
  "maxAbsoluteError": 165.293854
}