{
  "createdTimestamp": "132266842192423698",
  "avgAbsoluteError": 0.000378708966,
  "avgSignedError": 4.7524E-05,
  "maxAbsoluteError": 0.005004883
}