{
  "createdTimestamp": "132266842192423698",
  "avgAbsoluteError": 0.0005955854,
  "avgSignedError": -0.0002879962,
  "maxAbsoluteError": 0.0117492676
}