{
  "createdTimestamp": "132266842192423698",
  "avgAbsoluteError": 0.00023945987,
  "avgSignedError": 9.864428E-06,
  "maxAbsoluteError": 0.0036315918
}