{
  "createdTimestamp": "132266842192423698",
  "avgAbsoluteError": 1.42070925,
  "avgSignedError": -0.793912351,
  "maxAbsoluteError": 5.657135
}