{
  "createdTimestamp": "132266842192423698",
  "avgAbsoluteError": 0.667771339,
  "avgSignedError": 0.667771339,
  "maxAbsoluteError": 0.7473296
}