{
  "createdTimestamp": "132266842192423698",
  "avgAbsoluteError": 0.002989838,
  "avgSignedError": 0.00269250176,
  "maxAbsoluteError": 0.08472015
}