{
  "createdTimestamp": "132266842192423698",
  "avgAbsoluteError": 0.000247422169,
  "avgSignedError": -3.749915E-05,
  "maxAbsoluteError": 0.003479004
}