{
  "createdTimestamp": "132266842192423698",
  "avgAbsoluteError": 1.813877,
  "avgSignedError": 1.64541662,
  "maxAbsoluteError": 65.65146,
  "avgSettlingTime2Degrees": 0.0965925
}