{
  "createdTimestamp": "132266842192423698",
  "avgAbsoluteError": 0.03661213,
  "avgSignedError": -0.0123816067,
  "maxAbsoluteError": 1.44360352
}