{
  "createdTimestamp": "132266842192423698",
  "avgAbsoluteError": 1.64029419,
  "avgSignedError": -0.8523799,
  "maxAbsoluteError": 23.9781189
}