{
  "createdTimestamp": "132266842192423698",
  "avgAbsoluteError": 36.382843,
  "avgSignedError": -36.382843,
  "maxAbsoluteError": 36.40799
}