{
  "createdTimestamp": "132266842192423698",
  "avgAbsoluteError": 0.0123058157,
  "avgSignedError": 0.000736545247,
  "maxAbsoluteError": 0.3789673
}