{
  "createdTimestamp": "132266842192423698",
  "avgAbsoluteError": 2.092672,
  "avgSignedError": -2.092672,
  "maxAbsoluteError": 3.6918335
}