{
  "createdTimestamp": "132266842192423698",
  "avgAbsoluteError": 0.00033321415,
  "avgSignedError": 0.0002452184,
  "maxAbsoluteError": 0.002569696
}