{
  "createdTimestamp": "132266842192423698",
  "avgAbsoluteError": 0.106582232,
  "avgSignedError": -0.004156255,
  "maxAbsoluteError": 4.107544
}