{
  "createdTimestamp": "132266842192423698",
  "avgAbsoluteError": 0.00120768277,
  "avgSignedError": 0.00111424923,
  "maxAbsoluteError": 0.03888324
}