{
  "createdTimestamp": "132266842192423698",
  "avgAbsoluteError": 0.0005407654,
  "avgSignedError": -0.000223737457,
  "maxAbsoluteError": 0.009429932
}