{
  "createdTimestamp": "132266842192423698",
  "avgAbsoluteError": 0.0015254051,
  "avgSignedError": 0.00137646589,
  "maxAbsoluteError": 0.05252545
}