{
  "createdTimestamp": "132266842192423698",
  "avgAbsoluteError": 0.000334494136,
  "avgSignedError": -0.000123699923,
  "maxAbsoluteError": 0.00399780273
}