{
  "createdTimestamp": "132266842192423698",
  "avgAbsoluteError": 0.00371826068,
  "avgSignedError": -5.89410447E-05,
  "maxAbsoluteError": 0.059753418
}