{
  "createdTimestamp": "132266842192423698",
  "avgAbsoluteError": 0.000255497143,
  "avgSignedError": -4.066175E-05,
  "maxAbsoluteError": 0.00357055664
}