{
  "createdTimestamp": "132266842192423698",
  "avgAbsoluteError": 0.0331408568,
  "avgSignedError": -0.0121793924,
  "maxAbsoluteError": 1.38079834
}