{
  "createdTimestamp": "132266842192423698",
  "avgAbsoluteError": 1.67531288,
  "avgSignedError": -1.67531288,
  "maxAbsoluteError": 1.67681885
}