{
  "createdTimestamp": "132266842192423698",
  "avgAbsoluteError": 0.00030024696,
  "avgSignedError": 0.000204185737,
  "maxAbsoluteError": 0.00247994647
}