{
  "createdTimestamp": "132266842192423698",
  "avgAbsoluteError": 0.008174465,
  "avgSignedError": 0.0009881774,
  "maxAbsoluteError": 0.181809425
}