{
  "createdTimestamp": "132266842192423698",
  "avgAbsoluteError": 0.103091367,
  "avgSignedError": 0.04852313,
  "maxAbsoluteError": 4.517761
}