{
  "createdTimestamp": "132266842192423698",
  "avgAbsoluteError": 0.0005355656,
  "avgSignedError": 0.0004797866,
  "maxAbsoluteError": 0.00308482372
}