{
  "createdTimestamp": "132266842192423698",
  "avgAbsoluteError": 0.000163042379,
  "avgSignedError": 5.13030645E-05,
  "maxAbsoluteError": 0.00271606445
}