{
  "createdTimestamp": "132266842192423698",
  "avgAbsoluteError": 0.000875044148,
  "avgSignedError": -0.000595825841,
  "maxAbsoluteError": 0.016204834
}