{
  "createdTimestamp": "132266842192423698",
  "avgAbsoluteError": 10.6823282,
  "avgSignedError": 10.6823282,
  "maxAbsoluteError": 10.6884689
}