{
  "createdTimestamp": "132266842192423698",
  "avgAbsoluteError": 0.000218484493,
  "avgSignedError": 0.000210645536,
  "maxAbsoluteError": 0.000836229534
}