{
  "createdTimestamp": "132266842192423698",
  "avgAbsoluteError": 0.007745789,
  "avgSignedError": 0.00171127985,
  "maxAbsoluteError": 0.173493713
}