{
  "createdTimestamp": "132266842192423698",
  "avgAbsoluteError": 0.03903641,
  "avgSignedError": -0.013008316,
  "maxAbsoluteError": 1.45675659
}