{
  "createdTimestamp": "132266842192423698",
  "avgAbsoluteError": 0.0228537917,
  "avgSignedError": 0.00490197958,
  "maxAbsoluteError": 0.236236572
}