{
  "createdTimestamp": "132266842192423698",
  "avgAbsoluteError": 0.000488308549,
  "avgSignedError": 0.0004850007,
  "maxAbsoluteError": 0.00124326861
}