{
  "createdTimestamp": "132266842192423698",
  "avgAbsoluteError": 0.03686591,
  "avgSignedError": -0.0124986162,
  "maxAbsoluteError": 1.415863
}