{
  "createdTimestamp": "132266842192423698",
  "avgAbsoluteError": 1.67409253,
  "avgSignedError": -1.67409253,
  "maxAbsoluteError": 1.67590332
}