{
  "createdTimestamp": "132266842192423698",
  "avgAbsoluteError": 0.2506628,
  "avgSignedError": 0.183785856,
  "maxAbsoluteError": 7.197202,
  "avgSettlingTime2Degrees": 0.0805778
}