{
  "createdTimestamp": "132266842192423698",
  "avgAbsoluteError": 0.002493874,
  "avgSignedError": 0.00232273084,
  "maxAbsoluteError": 0.09488257
}