{
  "createdTimestamp": "132266842192423698",
  "avgAbsoluteError": 18.74533,
  "avgSignedError": -18.74533,
  "maxAbsoluteError": 18.7507629
}