{
  "createdTimestamp": "132266842192423698",
  "avgAbsoluteError": 0.367256761,
  "avgSignedError": 0.0897996947,
  "maxAbsoluteError": 15.6077881
}