{
  "createdTimestamp": "132266842192423698",
  "avgAbsoluteError": 0.00152753014,
  "avgSignedError": 0.00136576639,
  "maxAbsoluteError": 0.052097775
}