{
  "createdTimestamp": "132266842192423698",
  "avgAbsoluteError": 0.47415486,
  "avgSignedError": -0.00166350533,
  "maxAbsoluteError": 20.9160461,
  "avgSettlingTime2Degrees": 0.0965925
}