{
  "createdTimestamp": "132266842192423698",
  "avgAbsoluteError": 0.000323509244,
  "avgSignedError": -0.00026300826,
  "maxAbsoluteError": 0.006958008
}