{
  "createdTimestamp": "132266842192423698",
  "avgAbsoluteError": 0.00299014221,
  "avgSignedError": 0.002668563,
  "maxAbsoluteError": 0.09115899
}