{
  "createdTimestamp": "132266842192423698",
  "avgAbsoluteError": 2.69929934,
  "avgSignedError": 2.0623138,
  "maxAbsoluteError": 46.3373337,
  "avgSettlingTime2Degrees": 0.0110098
}