{
  "createdTimestamp": "132266842192423698",
  "avgAbsoluteError": 0.00291443919,
  "avgSignedError": 0.002753899,
  "maxAbsoluteError": 0.09491351
}