{
  "createdTimestamp": "132266842192423698",
  "avgAbsoluteError": 0.00154019671,
  "avgSignedError": 0.001403898,
  "maxAbsoluteError": 0.0530128777
}