{
  "createdTimestamp": "132266842192423698",
  "avgAbsoluteError": 0.000616203,
  "avgSignedError": -0.000328504975,
  "maxAbsoluteError": 0.0115356445
}