{
  "createdTimestamp": "132266842192423698",
  "avgAbsoluteError": 1.77888393,
  "avgSignedError": -0.08306636,
  "maxAbsoluteError": 62.5358276,
  "avgSettlingTime2Degrees": 0.0110098
}