{
  "createdTimestamp": "132266842192423698",
  "avgAbsoluteError": 9.637041E-05,
  "avgSignedError": 8.585806E-05,
  "maxAbsoluteError": 0.00074185757
}