{
  "createdTimestamp": "132266842192423698",
  "avgAbsoluteError": 0.5896235,
  "avgSignedError": -0.0377552,
  "maxAbsoluteError": 11.7289371,
  "avgSettlingTime2Degrees": 0.0110098
}