{
  "createdTimestamp": "132266842192423698",
  "avgAbsoluteError": 0.000259390334,
  "avgSignedError": 0.0002544966,
  "maxAbsoluteError": 0.0009267358
}