{
  "createdTimestamp": "132266842192423698",
  "avgAbsoluteError": 0.000109865796,
  "avgSignedError": 1.792795E-05,
  "maxAbsoluteError": 0.00253379229
}