{
  "createdTimestamp": "132266842192423698",
  "avgAbsoluteError": 0.0835863054,
  "avgSignedError": -0.003249839,
  "maxAbsoluteError": 1.44415283
}