{
  "createdTimestamp": "132266842192423698",
  "avgAbsoluteError": 0.06667188,
  "avgSignedError": 0.0313487425,
  "maxAbsoluteError": 1.04769766
}