{
  "createdTimestamp": "132266842192423698",
  "avgAbsoluteError": 0.09172409,
  "avgSignedError": 0.00158621452,
  "maxAbsoluteError": 1.8918457
}