{
  "createdTimestamp": "132266842192423698",
  "avgAbsoluteError": 0.0374852046,
  "avgSignedError": -0.0200078245,
  "maxAbsoluteError": 0.302886963
}