{
  "createdTimestamp": "132266842192423698",
  "avgAbsoluteError": 0.0494531244,
  "avgSignedError": 0.0333448648,
  "maxAbsoluteError": 0.45791626
}