{
  "createdTimestamp": "132266842192423698",
  "avgAbsoluteError": 0.07362804,
  "avgSignedError": 0.0101835541,
  "maxAbsoluteError": 1.44421387
}