{
  "createdTimestamp": "132266625328312317",
  "avgAbsoluteError": 5.156722,
  "avgSignedError": -0.110686973,
  "maxAbsoluteError": 179.999359,
  "maxOvershoot": 52.12065,
  "avgSettlingTime10Degrees": 0.123427965,
  "avgSettlingTime5Degrees": 0.21442467,
  "avgSettlingTime2Degrees": 0.306387275,
  "avg10PercentResponseTime": 0.00439979741,
  "avg50PercentResponseTime": 0.0520468839,
  "avgCompleteResponseTime": 0.315389276
}