{
  "createdTimestamp": "132266625328322326",
  "mapping": {
    "LeftUpperLegX": {
      "kp": 5203.902,
      "ki": 0.0,
      "kd": 190.771118
    },
    "LeftUpperLegY": {
      "kp": 5203.902,
      "ki": 0.0,
      "kd": 190.771118
    },
    "LeftUpperLegZ": {
      "kp": 5203.902,
      "ki": 0.0,
      "kd": 190.771118
    },
    "RightUpperLegX": {
      "kp": 5203.902,
      "ki": 0.0,
      "kd": 190.771118
    },
    "RightUpperLegY": {
      "kp": 5203.902,
      "ki": 0.0,
      "kd": 190.771118
    },
    "RightUpperLegZ": {
      "kp": 5203.902,
      "ki": 0.0,
      "kd": 190.771118
    },
    "SpineX": {
      "kp": 23101.1035,
      "ki": 0.0,
      "kd": 1929.62634
    },
    "SpineY": {
      "kp": 23101.1035,
      "ki": 0.0,
      "kd": 1929.62634
    },
    "SpineZ": {
      "kp": 23101.1035,
      "ki": 0.0,
      "kd": 1929.62634
    },
    "LeftLowerLegX": {
      "kp": 5039.433,
      "ki": 0.0,
      "kd": 276.49292
    },
    "LeftLowerLegY": {
      "kp": 5039.433,
      "ki": 0.0,
      "kd": 276.49292
    },
    "LeftLowerLegZ": {
      "kp": 5039.433,
      "ki": 0.0,
      "kd": 276.49292
    },
    "RightLowerLegX": {
      "kp": 5039.433,
      "ki": 0.0,
      "kd": 276.49292
    },
    "RightLowerLegY": {
      "kp": 5039.433,
      "ki": 0.0,
      "kd": 276.49292
    },
    "RightLowerLegZ": {
      "kp": 5039.433,
      "ki": 0.0,
      "kd": 276.49292
    },
    "ChestX": {
      "kp": 29943.81,
      "ki": 0.0,
      "kd": 3074.5144
    },
    "ChestY": {
      "kp": 29943.81,
      "ki": 0.0,
      "kd": 3074.5144
    },
    "ChestZ": {
      "kp": 29943.81,
      "ki": 0.0,
      "kd": 3074.5144
    },
    "LeftFootX": {
      "kp": 5454.63428,
      "ki": 0.0,
      "kd": 1559.02161
    },
    "LeftFootY": {
      "kp": 5454.63428,
      "ki": 0.0,
      "kd": 1559.02161
    },
    "LeftFootZ": {
      "kp": 5454.63428,
      "ki": 0.0,
      "kd": 1559.02161
    },
    "RightFootX": {
      "kp": 5454.63428,
      "ki": 0.0,
      "kd": 1559.02161
    },
    "RightFootY": {
      "kp": 5454.63428,
      "ki": 0.0,
      "kd": 1559.02161
    },
    "RightFootZ": {
      "kp": 5454.63428,
      "ki": 0.0,
      "kd": 1559.02161
    },
    "UpperChestX": {
      "kp": 32541.5254,
      "ki": 0.0,
      "kd": 3036.54517
    },
    "UpperChestY": {
      "kp": 32541.5254,
      "ki": 0.0,
      "kd": 3036.54517
    },
    "UpperChestZ": {
      "kp": 32541.5254,
      "ki": 0.0,
      "kd": 3036.54517
    },
    "NeckX": {
      "kp": 5254.372,
      "ki": 0.0,
      "kd": 530.7471
    },
    "NeckY": {
      "kp": 5254.372,
      "ki": 0.0,
      "kd": 530.7471
    },
    "NeckZ": {
      "kp": 5254.372,
      "ki": 0.0,
      "kd": 530.7471
    },
    "LeftToesX": {
      "kp": 4156.76758,
      "ki": 0.0,
      "kd": 198.8854
    },
    "LeftToesY": {
      "kp": 4156.76758,
      "ki": 0.0,
      "kd": 198.8854
    },
    "LeftToesZ": {
      "kp": 4156.76758,
      "ki": 0.0,
      "kd": 198.8854
    },
    "RightToesX": {
      "kp": 4156.76758,
      "ki": 0.0,
      "kd": 198.8854
    },
    "RightToesY": {
      "kp": 4156.76758,
      "ki": 0.0,
      "kd": 198.8854
    },
    "RightToesZ": {
      "kp": 4156.76758,
      "ki": 0.0,
      "kd": 198.8854
    },
    "HeadX": {
      "kp": 2179.40747,
      "ki": 0.0,
      "kd": 208.016159
    },
    "HeadY": {
      "kp": 2179.40747,
      "ki": 0.0,
      "kd": 208.016159
    },
    "HeadZ": {
      "kp": 2179.40747,
      "ki": 0.0,
      "kd": 208.016159
    },
    "LeftUpperArmX": {
      "kp": 14370.3066,
      "ki": 0.0,
      "kd": 794.3322
    },
    "LeftUpperArmY": {
      "kp": 14370.3066,
      "ki": 0.0,
      "kd": 794.3322
    },
    "LeftUpperArmZ": {
      "kp": 14370.3066,
      "ki": 0.0,
      "kd": 794.3322
    },
    "RightUpperArmX": {
      "kp": 14370.3066,
      "ki": 0.0,
      "kd": 794.3322
    },
    "RightUpperArmY": {
      "kp": 14370.3066,
      "ki": 0.0,
      "kd": 794.3322
    },
    "RightUpperArmZ": {
      "kp": 14370.3066,
      "ki": 0.0,
      "kd": 794.3322
    },
    "LeftLowerArmX": {
      "kp": 22958.3887,
      "ki": 0.0,
      "kd": 1475.48816
    },
    "LeftLowerArmY": {
      "kp": 22958.3887,
      "ki": 0.0,
      "kd": 1475.48816
    },
    "LeftLowerArmZ": {
      "kp": 22958.3887,
      "ki": 0.0,
      "kd": 1475.48816
    },
    "RightLowerArmX": {
      "kp": 10000.0,
      "ki": 0.0,
      "kd": 1000.0
    },
    "RightLowerArmY": {
      "kp": 10000.0,
      "ki": 0.0,
      "kd": 1000.0
    },
    "RightLowerArmZ": {
      "kp": 10000.0,
      "ki": 0.0,
      "kd": 1000.0
    },
    "LeftHandX": {
      "kp": 10000.0,
      "ki": 0.0,
      "kd": 1000.0
    },
    "LeftHandY": {
      "kp": 10000.0,
      "ki": 0.0,
      "kd": 1000.0
    },
    "LeftHandZ": {
      "kp": 10000.0,
      "ki": 0.0,
      "kd": 1000.0
    },
    "RightHandX": {
      "kp": 10000.0,
      "ki": 0.0,
      "kd": 1000.0
    },
    "RightHandY": {
      "kp": 10000.0,
      "ki": 0.0,
      "kd": 1000.0
    },
    "RightHandZ": {
      "kp": 10000.0,
      "ki": 0.0,
      "kd": 1000.0
    },
    "LeftThumbProximalX": {
      "kp": 5233.30029,
      "ki": 0.0,
      "kd": 377.856232
    },
    "LeftThumbProximalY": {
      "kp": 5233.30029,
      "ki": 0.0,
      "kd": 377.856232
    },
    "LeftThumbProximalZ": {
      "kp": 5233.30029,
      "ki": 0.0,
      "kd": 377.856232
    },
    "LeftIndexProximalX": {
      "kp": 6398.46826,
      "ki": 0.0,
      "kd": 348.513367
    },
    "LeftIndexProximalY": {
      "kp": 6398.46826,
      "ki": 0.0,
      "kd": 348.513367
    },
    "LeftIndexProximalZ": {
      "kp": 6398.46826,
      "ki": 0.0,
      "kd": 348.513367
    },
    "LeftMiddleProximalX": {
      "kp": 5503.183,
      "ki": 0.0,
      "kd": 400.783844
    },
    "LeftMiddleProximalY": {
      "kp": 5503.183,
      "ki": 0.0,
      "kd": 400.783844
    },
    "LeftMiddleProximalZ": {
      "kp": 5503.183,
      "ki": 0.0,
      "kd": 400.783844
    },
    "LeftRingProximalX": {
      "kp": 5794.38037,
      "ki": 0.0,
      "kd": 339.782532
    },
    "LeftRingProximalY": {
      "kp": 5794.38037,
      "ki": 0.0,
      "kd": 339.782532
    },
    "LeftRingProximalZ": {
      "kp": 5794.38037,
      "ki": 0.0,
      "kd": 339.782532
    },
    "LeftLittleProximalX": {
      "kp": 4978.76025,
      "ki": 0.0,
      "kd": 315.1764
    },
    "LeftLittleProximalY": {
      "kp": 4978.76025,
      "ki": 0.0,
      "kd": 315.1764
    },
    "LeftLittleProximalZ": {
      "kp": 4978.76025,
      "ki": 0.0,
      "kd": 315.1764
    },
    "RightThumbProximalX": {
      "kp": 5233.30029,
      "ki": 0.0,
      "kd": 377.856232
    },
    "RightThumbProximalY": {
      "kp": 5233.30029,
      "ki": 0.0,
      "kd": 377.856232
    },
    "RightThumbProximalZ": {
      "kp": 5233.30029,
      "ki": 0.0,
      "kd": 377.856232
    },
    "RightIndexProximalX": {
      "kp": 6398.46826,
      "ki": 0.0,
      "kd": 348.513367
    },
    "RightIndexProximalY": {
      "kp": 6398.46826,
      "ki": 0.0,
      "kd": 348.513367
    },
    "RightIndexProximalZ": {
      "kp": 6398.46826,
      "ki": 0.0,
      "kd": 348.513367
    },
    "RightMiddleProximalX": {
      "kp": 5503.183,
      "ki": 0.0,
      "kd": 400.783844
    },
    "RightMiddleProximalY": {
      "kp": 5503.183,
      "ki": 0.0,
      "kd": 400.783844
    },
    "RightMiddleProximalZ": {
      "kp": 5503.183,
      "ki": 0.0,
      "kd": 400.783844
    },
    "RightRingProximalX": {
      "kp": 5794.38037,
      "ki": 0.0,
      "kd": 339.782532
    },
    "RightRingProximalY": {
      "kp": 5794.38037,
      "ki": 0.0,
      "kd": 339.782532
    },
    "RightRingProximalZ": {
      "kp": 5794.38037,
      "ki": 0.0,
      "kd": 339.782532
    },
    "RightLittleProximalX": {
      "kp": 4978.76025,
      "ki": 0.0,
      "kd": 315.1764
    },
    "RightLittleProximalY": {
      "kp": 4978.76025,
      "ki": 0.0,