{
  "createdTimestamp": "132268470311003807",
  "avgAbsoluteError": 0.00207195454,
  "avgSignedError": 0.00205591787,
  "maxAbsoluteError": 0.00439453125
}