{
  "createdTimestamp": "132268470311003807",
  "avgAbsoluteError": 0.000884329434,
  "avgSignedError": -0.000884329434,
  "maxAbsoluteError": 0.00149536133
}