{
  "createdTimestamp": "132268470311003807",
  "avgAbsoluteError": 0.000148743653,
  "avgSignedError": -0.000146421589,
  "maxAbsoluteError": 0.00225830078
}