{
  "createdTimestamp": "132268470311003807",
  "avgAbsoluteError": 3.989639E-05,
  "avgSignedError": -3.989639E-05,
  "maxAbsoluteError": 0.00109863281
}