{
  "createdTimestamp": "132268470311003807",
  "avgAbsoluteError": 0.03785905,
  "avgSignedError": -0.03785905,
  "maxAbsoluteError": 0.03829956
}