{
  "createdTimestamp": "132268470311003807",
  "avgAbsoluteError": 0.278143078,
  "avgSignedError": 0.278141618,
  "maxAbsoluteError": 0.279039025
}