{
  "createdTimestamp": "132268470311003807",
  "avgAbsoluteError": 0.00127520051,
  "avgSignedError": -0.0012717538,
  "maxAbsoluteError": 0.00180053711
}