{
  "createdTimestamp": "132268470311003807",
  "avgAbsoluteError": 0.00021173821,
  "avgSignedError": 0.00021173821,
  "maxAbsoluteError": 0.000230803285
}