{
  "createdTimestamp": "132268470311003807",
  "avgAbsoluteError": 0.000587691145,
  "avgSignedError": -0.0005870412,
  "maxAbsoluteError": 0.00192260742
}