{
  "createdTimestamp": "132268470311003807",
  "avgAbsoluteError": 0.00332432636,
  "avgSignedError": -0.00332432636,
  "maxAbsoluteError": 0.005554199
}