{
  "createdTimestamp": "132268470311003807",
  "avgAbsoluteError": 0.0226135366,
  "avgSignedError": -0.018078642,
  "maxAbsoluteError": 0.3328716
}