{
  "createdTimestamp": "132268470311003807",
  "avgAbsoluteError": 1.66843832,
  "avgSignedError": -1.66843367,
  "maxAbsoluteError": 1.67376709
}