{
  "createdTimestamp": "132268470311003807",
  "avgAbsoluteError": 0.01773356,
  "avgSignedError": 0.01773356,
  "maxAbsoluteError": 0.0281373151
}