{
  "createdTimestamp": "132268470311003807",
  "avgAbsoluteError": 5.7486086E-05,
  "avgSignedError": 5.7486086E-05,
  "maxAbsoluteError": 7.982827E-05
}