{
  "createdTimestamp": "132268470311003807",
  "avgAbsoluteError": 9.600123E-05,
  "avgSignedError": 9.600123E-05,
  "maxAbsoluteError": 0.000142675955
}