{
  "createdTimestamp": "132268470311003807",
  "avgAbsoluteError": 0.0009457431,
  "avgSignedError": -0.0007238794,
  "maxAbsoluteError": 0.03199695
}