{
  "createdTimestamp": "132268470311003807",
  "avgAbsoluteError": 0.000151386324,
  "avgSignedError": 0.000151386324,
  "maxAbsoluteError": 0.0001683927
}