{
  "createdTimestamp": "132268470311003807",
  "avgAbsoluteError": 0.000303092354,
  "avgSignedError": 0.000302995148,
  "maxAbsoluteError": 0.000320367137
}