{
  "createdTimestamp": "132268470311003807",
  "avgAbsoluteError": 18.68547,
  "avgSignedError": -18.68547,
  "maxAbsoluteError": 18.7453,
  "avgSettlingTime10Degrees": 8.418993,
  "avgSettlingTime5Degrees": 8.418993,
  "avgSettlingTime2Degrees": 8.418993
}