{
  "createdTimestamp": "132268470311003807",
  "avgAbsoluteError": 0.354380667,
  "avgSignedError": 0.3539712,
  "maxAbsoluteError": 0.3873291
}