{
  "createdTimestamp": "132268470311003807",
  "avgAbsoluteError": 0.000510712736,
  "avgSignedError": 0.0005106156,
  "maxAbsoluteError": 0.0005309195
}