{
  "createdTimestamp": "132268470311003807",
  "avgAbsoluteError": 0.000202728537,
  "avgSignedError": -0.000201483577,
  "maxAbsoluteError": 0.00158691406
}