{
  "createdTimestamp": "132268470311003807",
  "avgAbsoluteError": 0.08300733,
  "avgSignedError": -0.07900943,
  "maxAbsoluteError": 0.4422937
}