{
  "createdTimestamp": "132268470311003807",
  "avgAbsoluteError": 0.0919382349,
  "avgSignedError": -0.0919382349,
  "maxAbsoluteError": 0.141998291
}