{
  "createdTimestamp": "132268470311003807",
  "avgAbsoluteError": 0.0004431822,
  "avgSignedError": -0.000443091063,
  "maxAbsoluteError": 0.00183105469
}