{
  "createdTimestamp": "132268470311003807",
  "avgAbsoluteError": 8.228253E-06,
  "avgSignedError": -6.25302E-06,
  "maxAbsoluteError": 0.000762939453
}