{
  "createdTimestamp": "132268470311003807",
  "avgAbsoluteError": 0.00129060145,
  "avgSignedError": -0.00128696766,
  "maxAbsoluteError": 0.0129394531
}