{
  "createdTimestamp": "132268470311003807",
  "avgAbsoluteError": 0.003926414,
  "avgSignedError": 0.00392602524,
  "maxAbsoluteError": 0.007385254
}