{
  "createdTimestamp": "132268470311003807",
  "avgAbsoluteError": 6.90263842E-05,
  "avgSignedError": 6.552754E-05,
  "maxAbsoluteError": 0.007507324
}