{
  "createdTimestamp": "132268470311003807",
  "avgAbsoluteError": 0.0003047173,
  "avgSignedError": -0.000304565154,
  "maxAbsoluteError": 0.000335693359
}