{
  "createdTimestamp": "132268470311003807",
  "avgAbsoluteError": 0.00028787824,
  "avgSignedError": -0.000286415918,
  "maxAbsoluteError": 0.0450134277
}