{
  "createdTimestamp": "132268470311003807",
  "avgAbsoluteError": 8.634554E-05,
  "avgSignedError": 8.634554E-05,
  "maxAbsoluteError": 0.000106866559
}