{
  "createdTimestamp": "132268470311003807",
  "avgAbsoluteError": 2.0768373,
  "avgSignedError": 2.07493353,
  "maxAbsoluteError": 3.04684973,
  "avgSettlingTime2Degrees": 8.418993
}