{
  "createdTimestamp": "132268470311003807",
  "avgAbsoluteError": 3.84876148E-05,
  "avgSignedError": -3.819509E-05,
  "maxAbsoluteError": 9.185315E-05
}