{
  "createdTimestamp": "132268470311003807",
  "avgAbsoluteError": 1.66990089,
  "avgSignedError": -1.66990089,
  "maxAbsoluteError": 1.67526245
}