{
  "createdTimestamp": "132268470311003807",
  "avgAbsoluteError": 0.193404838,
  "avgSignedError": -0.193403035,
  "maxAbsoluteError": 0.1977539
}