{
  "createdTimestamp": "132268470311003807",
  "avgAbsoluteError": 0.340336978,
  "avgSignedError": -0.340244859,
  "maxAbsoluteError": 0.394836426
}