{
  "createdTimestamp": "132268470311003807",
  "avgAbsoluteError": 0.0114758732,
  "avgSignedError": -0.0114758732,
  "maxAbsoluteError": 0.0115356445
}