{
  "createdTimestamp": "132268470311003807",
  "avgAbsoluteError": 0.0002472507,
  "avgSignedError": -0.0002472507,
  "maxAbsoluteError": 0.000305175781
}