{
  "createdTimestamp": "132268470311003807",
  "avgAbsoluteError": 0.000124291852,
  "avgSignedError": -0.000106436535,
  "maxAbsoluteError": 0.00482177734
}