{
  "createdTimestamp": "132268470311003807",
  "avgAbsoluteError": 9.144273E-05,
  "avgSignedError": -9.10796E-05,
  "maxAbsoluteError": 0.000114023664
}