{
  "createdTimestamp": "132268470311003807",
  "avgAbsoluteError": 9.518735E-05,
  "avgSignedError": 9.509017E-05,
  "maxAbsoluteError": 0.00090312527
}