{
  "createdTimestamp": "132268470311003807",
  "avgAbsoluteError": 0.244609952,
  "avgSignedError": 0.244609952,
  "maxAbsoluteError": 0.246826172
}