{
  "createdTimestamp": "132268470311003807",
  "avgAbsoluteError": 0.00199367921,
  "avgSignedError": 0.00199027779,
  "maxAbsoluteError": 0.00212549418
}