{
  "createdTimestamp": "132268470311003807",
  "avgAbsoluteError": 3.090855E-05,
  "avgSignedError": -3.061255E-05,
  "maxAbsoluteError": 9.29441E-05
}