{
  "createdTimestamp": "132268470311003807",
  "avgAbsoluteError": 0.000109704888,
  "avgSignedError": -0.000108194508,
  "maxAbsoluteError": 0.000474259839
}