{
  "createdTimestamp": "132268470311003807",
  "avgAbsoluteError": 0.000219559079,
  "avgSignedError": 0.000219559079,
  "maxAbsoluteError": 0.000239945992
}