{
  "createdTimestamp": "132268470311003807",
  "avgAbsoluteError": 1.66994226,
  "avgSignedError": -1.66994226,
  "maxAbsoluteError": 1.67526245
}