{
  "createdTimestamp": "132268470311003807",
  "avgAbsoluteError": 2.07697821,
  "avgSignedError": -2.07506323,
  "maxAbsoluteError": 3.04568481,
  "avgSettlingTime2Degrees": 8.418993
}