{
  "createdTimestamp": "132268470311003807",
  "avgAbsoluteError": 9.52369E-05,
  "avgSignedError": 9.465376E-05,
  "maxAbsoluteError": 0.000825373456
}