{
  "createdTimestamp": "132268470311003807",
  "avgAbsoluteError": 0.00030692204,
  "avgSignedError": 0.000287387054,
  "maxAbsoluteError": 0.006134033
}