{
  "createdTimestamp": "132268470311003807",
  "avgAbsoluteError": 0.000256393949,
  "avgSignedError": 0.000256393949,
  "maxAbsoluteError": 0.0002779245
}