{
  "createdTimestamp": "132268470311003807",
  "avgAbsoluteError": 9.55902942E-05,
  "avgSignedError": 9.55902942E-05,
  "maxAbsoluteError": 0.000109046581
}