{
  "createdTimestamp": "132268470311003807",
  "avgAbsoluteError": 0.000285284,
  "avgSignedError": -0.00028521975,
  "maxAbsoluteError": 0.000305175781
}