{
  "createdTimestamp": "132268470311003807",
  "avgAbsoluteError": 36.30107,
  "avgSignedError": -36.30107,
  "maxAbsoluteError": 36.3830261,
  "avgSettlingTime2Degrees": 0.1801624
}