{
  "createdTimestamp": "132268470311003807",
  "avgAbsoluteError": 0.000529198151,
  "avgSignedError": -0.000529198151,
  "maxAbsoluteError": 0.0397338867
}