{
  "createdTimestamp": "132268470311003807",
  "avgAbsoluteError": 0.343239427,
  "avgSignedError": -0.343142122,
  "maxAbsoluteError": 0.398223877
}