{
  "createdTimestamp": "132268470311003807",
  "avgAbsoluteError": 1.66872609,
  "avgSignedError": -1.6687212,
  "maxAbsoluteError": 1.67404175
}