{
  "createdTimestamp": "132268470311003807",
  "avgAbsoluteError": 0.0131144859,
  "avgSignedError": 0.0130060231,
  "maxAbsoluteError": 0.0340576172
}