{
  "createdTimestamp": "132268470311003807",
  "avgAbsoluteError": 0.0794808939,
  "avgSignedError": 0.07559486,
  "maxAbsoluteError": 0.4395752
}