{
  "createdTimestamp": "132268470311003807",
  "avgAbsoluteError": 0.00170514535,
  "avgSignedError": 0.000702633231,
  "maxAbsoluteError": 0.4316101
}