{
  "createdTimestamp": "132268470311003807",
  "avgAbsoluteError": 0.000354493881,
  "avgSignedError": -0.0003540193,
  "maxAbsoluteError": 0.000366210938
}