{
  "createdTimestamp": "132268470311003807",
  "avgAbsoluteError": 0.00186576112,
  "avgSignedError": 0.000426478247,
  "maxAbsoluteError": 0.2377348
}