{
  "createdTimestamp": "132268470311003807",
  "avgAbsoluteError": 0.000535450759,
  "avgSignedError": 0.0005352564,
  "maxAbsoluteError": 0.00177039392
}