{
  "createdTimestamp": "132268470311003807",
  "avgAbsoluteError": 0.277472079,
  "avgSignedError": -0.27747035,
  "maxAbsoluteError": 0.278381348
}