{
  "createdTimestamp": "132268470311003807",
  "avgAbsoluteError": 0.000634668162,
  "avgSignedError": 0.0006340851,
  "maxAbsoluteError": 0.00195299461
}