{
  "createdTimestamp": "132268470311003807",
  "avgAbsoluteError": 3.38128521E-05,
  "avgSignedError": -3.34424476E-05,
  "maxAbsoluteError": 0.000116307769
}