{
  "createdTimestamp": "132268470311003807",
  "avgAbsoluteError": 0.000116902585,
  "avgSignedError": -0.0001143118,
  "maxAbsoluteError": 0.0008135043
}