{
  "createdTimestamp": "132268470311003807",
  "avgAbsoluteError": 0.00415205862,
  "avgSignedError": -0.00415173545,
  "maxAbsoluteError": 0.008056641
}