{
  "createdTimestamp": "132268470311003807",
  "avgAbsoluteError": 0.0006607054,
  "avgSignedError": 0.0006607054,
  "maxAbsoluteError": 0.00078638
}