{
  "createdTimestamp": "132268470311003807",
  "avgAbsoluteError": 0.000115242328,
  "avgSignedError": 0.000115145143,
  "maxAbsoluteError": 0.000128742919
}