{
  "createdTimestamp": "132268470311003807",
  "avgAbsoluteError": 4.848577E-05,
  "avgSignedError": -4.68573671E-05,
  "maxAbsoluteError": 0.0005113192
}