{
  "createdTimestamp": "132268470311003807",
  "avgAbsoluteError": 9.494906E-05,
  "avgSignedError": 9.43659252E-05,
  "maxAbsoluteError": 0.0008237692
}