{
  "createdTimestamp": "132268470311003807",
  "avgAbsoluteError": 3.68876063E-05,
  "avgSignedError": -2.34672225E-05,
  "maxAbsoluteError": 0.00136911846
}