{
  "createdTimestamp": "132268470311003807",
  "avgAbsoluteError": 7.909445E-05,
  "avgSignedError": -7.874169E-05,
  "maxAbsoluteError": 0.000110768895
}