{
  "createdTimestamp": "132268470311003807",
  "avgAbsoluteError": 0.0013861265,
  "avgSignedError": 0.0013861265,
  "maxAbsoluteError": 0.01373291
}