{
  "createdTimestamp": "132268470311003807",
  "avgAbsoluteError": 0.0222078357,
  "avgSignedError": 0.0222078357,
  "maxAbsoluteError": 0.02368164
}