{
  "createdTimestamp": "132268470311003807",
  "avgAbsoluteError": 0.00165557268,
  "avgSignedError": 0.00165557268,
  "maxAbsoluteError": 0.00168512424
}