{
  "createdTimestamp": "132292734164549775",
  "avgAbsoluteError": 1.36031246,
  "avgSignedError": 0.9679532,
  "maxAbsoluteError": 9.604308
}