{
  "createdTimestamp": "132292734164549775",
  "avgAbsoluteError": 1.63770807,
  "avgSignedError": -0.4570268,
  "maxAbsoluteError": 7.033905
}