{
  "createdTimestamp": "132292734164549775",
  "avgAbsoluteError": 5.44578,
  "avgSignedError": 0.014468018,
  "maxAbsoluteError": 110.262543
}