{
  "createdTimestamp": "132292734164549775",
  "avgAbsoluteError": 3.62036347,
  "avgSignedError": 2.5192523,
  "maxAbsoluteError": 16.7727547
}