{
  "createdTimestamp": "132292734164549775",
  "avgAbsoluteError": 4.62197351,
  "avgSignedError": 1.46636152,
  "maxAbsoluteError": 15.5101986
}