{
  "createdTimestamp": "132292734164549775",
  "avgAbsoluteError": 2.60640764,
  "avgSignedError": 1.79472327,
  "maxAbsoluteError": 5.01115465
}