{
  "createdTimestamp": "132292734164549775",
  "avgAbsoluteError": 6.087441,
  "avgSignedError": -0.238870442,
  "maxAbsoluteError": 38.7862854
}