{
  "createdTimestamp": "132292734164549775",
  "avgAbsoluteError": 7.73535252,
  "avgSignedError": 3.99350071,
  "maxAbsoluteError": 22.6734066
}