{
  "createdTimestamp": "132292734164549775",
  "avgAbsoluteError": 1.689353,
  "avgSignedError": 0.84217304,
  "maxAbsoluteError": 9.579224
}