{
  "createdTimestamp": "132292734164549775",
  "avgAbsoluteError": 10.820941,
  "avgSignedError": 9.354382,
  "maxAbsoluteError": 26.29179
}