{
  "createdTimestamp": "132292734164549775",
  "avgAbsoluteError": 10.3424988,
  "avgSignedError": 9.157352,
  "maxAbsoluteError": 24.6623764
}