{
  "createdTimestamp": "132292734164549775",
  "avgAbsoluteError": 0.00394941261,
  "avgSignedError": 0.00291526061,
  "maxAbsoluteError": 0.0184915215
}