{
  "createdTimestamp": "132292734164549775",
  "avgAbsoluteError": 3.52557921,
  "avgSignedError": 1.840557,
  "maxAbsoluteError": 19.1834755
}