{
  "createdTimestamp": "132292734164549775",
  "avgAbsoluteError": 0.00410421658,
  "avgSignedError": 0.00367008033,
  "maxAbsoluteError": 0.0138983931
}