{
  "createdTimestamp": "132292734164549775",
  "avgAbsoluteError": 0.004022535,
  "avgSignedError": 0.00343531766,
  "maxAbsoluteError": 0.02714388
}