{
  "createdTimestamp": "132292734164549775",
  "avgAbsoluteError": 0.004613709,
  "avgSignedError": 0.00429179939,
  "maxAbsoluteError": 0.0167529248
}