{
  "createdTimestamp": "132292734164549775",
  "avgAbsoluteError": 4.91092443,
  "avgSignedError": 1.65858853,
  "maxAbsoluteError": 19.69751
}