{
  "createdTimestamp": "132292734164549775",
  "avgAbsoluteError": 0.00366014056,
  "avgSignedError": 0.00248767459,
  "maxAbsoluteError": 0.0158327073
}