{
  "createdTimestamp": "132292734164549775",
  "avgAbsoluteError": 6.330057,
  "avgSignedError": 2.74449587,
  "maxAbsoluteError": 22.8166924
}