{
  "createdTimestamp": "132292734164549775",
  "avgAbsoluteError": 0.005908064,
  "avgSignedError": 0.00405486,
  "maxAbsoluteError": 0.05368826
}