{
  "createdTimestamp": "132292734164549775",
  "avgAbsoluteError": 0.008002515,
  "avgSignedError": 0.0005237405,
  "maxAbsoluteError": 0.0313424058
}