{
  "createdTimestamp": "132292734164549775",
  "avgAbsoluteError": 0.00561793847,
  "avgSignedError": 0.0011116747,
  "maxAbsoluteError": 0.022681687
}