{
  "createdTimestamp": "132292734164549775",
  "avgAbsoluteError": 5.52615929,
  "avgSignedError": -0.5218671,
  "maxAbsoluteError": 24.6381836
}