{
  "createdTimestamp": "132292734164549775",
  "avgAbsoluteError": 4.26185465,
  "avgSignedError": 0.595479667,
  "maxAbsoluteError": 15.0630026
}