{
  "createdTimestamp": "132292734164549775",
  "avgAbsoluteError": 10.1821966,
  "avgSignedError": 4.34783459,
  "maxAbsoluteError": 27.0562477
}