{
  "createdTimestamp": "132292734164549775",
  "avgAbsoluteError": 3.37507629,
  "avgSignedError": 0.0958789438,
  "maxAbsoluteError": 13.6464291
}