{
  "createdTimestamp": "132292734164549775",
  "avgAbsoluteError": 5.70285749,
  "avgSignedError": 0.1828464,
  "maxAbsoluteError": 22.1689758
}