{
  "createdTimestamp": "132292734164549775",
  "avgAbsoluteError": 0.003463079,
  "avgSignedError": 0.00112454663,
  "maxAbsoluteError": 0.0330747627
}