{
  "createdTimestamp": "132292734164549775",
  "avgAbsoluteError": 5.896966,
  "avgSignedError": -2.21195364,
  "maxAbsoluteError": 19.8506165
}