{
  "createdTimestamp": "132292734164549775",
  "avgAbsoluteError": 2.740282,
  "avgSignedError": -2.08556247,
  "maxAbsoluteError": 5.91989136
}