{
  "createdTimestamp": "132292734164549775",
  "avgAbsoluteError": 2.517405,
  "avgSignedError": -0.15487498,
  "maxAbsoluteError": 8.502441
}