{
  "createdTimestamp": "132292734164549775",
  "avgAbsoluteError": 5.852343,
  "avgSignedError": -0.111067005,
  "maxAbsoluteError": 33.2416229
}