{
  "createdTimestamp": "132292734164549775",
  "avgAbsoluteError": 1.69632745,
  "avgSignedError": -0.696309745,
  "maxAbsoluteError": 3.24597168
}