{
  "createdTimestamp": "132292734164549775",
  "avgAbsoluteError": 0.00618741,
  "avgSignedError": 0.003726807,
  "maxAbsoluteError": 0.06733664
}