{
  "createdTimestamp": "132292734164549775",
  "avgAbsoluteError": 23.4701672,
  "avgSignedError": 23.1816921,
  "maxAbsoluteError": 91.6833954
}