{
  "createdTimestamp": "132292734164549775",
  "avgAbsoluteError": 1.6535387,
  "avgSignedError": -0.455165654,
  "maxAbsoluteError": 5.8728714
}