{
  "createdTimestamp": "132292734164549775",
  "avgAbsoluteError": 10.5864811,
  "avgSignedError": 2.59633,
  "maxAbsoluteError": 22.0918579
}