{
  "createdTimestamp": "132292734164549775",
  "avgAbsoluteError": 9.15539,
  "avgSignedError": -9.15539,
  "maxAbsoluteError": 15.6342773
}