{
  "createdTimestamp": "132292734164549775",
  "avgAbsoluteError": 0.00335231144,
  "avgSignedError": -0.00142073643,
  "maxAbsoluteError": 0.0160522461
}