{
  "createdTimestamp": "132292734164549775",
  "avgAbsoluteError": 2.95319438,
  "avgSignedError": 0.484393656,
  "maxAbsoluteError": 10.5498343
}