{
  "createdTimestamp": "132292734164549775",
  "avgAbsoluteError": 8.806005,
  "avgSignedError": -5.306103,
  "maxAbsoluteError": 19.1866455
}