{
  "createdTimestamp": "132292734164549775",
  "avgAbsoluteError": 0.00743146241,
  "avgSignedError": -0.00565122627,
  "maxAbsoluteError": 0.03289795
}