{
  "createdTimestamp": "132292734164549775",
  "avgAbsoluteError": 3.75990868,
  "avgSignedError": -0.2610673,
  "maxAbsoluteError": 10.5411377
}