{
  "createdTimestamp": "132292734164549775",
  "avgAbsoluteError": 0.533184767,
  "avgSignedError": -0.267301559,
  "maxAbsoluteError": 1.21936035
}