{
  "createdTimestamp": "132292734164549775",
  "avgAbsoluteError": 0.00571191031,
  "avgSignedError": 0.002029619,
  "maxAbsoluteError": 0.0254211426
}