{
  "createdTimestamp": "132292734164549775",
  "avgAbsoluteError": 0.009576072,
  "avgSignedError": -0.004756853,
  "maxAbsoluteError": 0.0509338379
}