{
  "createdTimestamp": "132292734164549775",
  "avgAbsoluteError": 5.68745661,
  "avgSignedError": -2.06159878,
  "maxAbsoluteError": 13.2879639
}