{
  "createdTimestamp": "132292734164549775",
  "avgAbsoluteError": 0.4893748,
  "avgSignedError": -0.211924031,
  "maxAbsoluteError": 1.14376831
}