{
  "createdTimestamp": "132292734164549775",
  "avgAbsoluteError": 3.13562465,
  "avgSignedError": 2.79008722,
  "maxAbsoluteError": 5.171667
}