{
  "createdTimestamp": "132292734164549775",
  "avgAbsoluteError": 28.5513458,
  "avgSignedError": -28.5513458,
  "maxAbsoluteError": 28.5632629
}