{
  "createdTimestamp": "132292734164549775",
  "avgAbsoluteError": 2.90227985,
  "avgSignedError": 2.90227985,
  "maxAbsoluteError": 4.093034
}