{
  "createdTimestamp": "132292734164549775",
  "avgAbsoluteError": 2.23969769,
  "avgSignedError": 0.1670152,
  "maxAbsoluteError": 9.407776
}