{
  "createdTimestamp": "132292734164549775",
  "avgAbsoluteError": 3.73879933,
  "avgSignedError": 3.73879933,
  "maxAbsoluteError": 4.983451
}