{
  "createdTimestamp": "132292734164549775",
  "avgAbsoluteError": 0.006842747,
  "avgSignedError": -0.00200045947,
  "maxAbsoluteError": 0.0221252441
}