{
  "createdTimestamp": "132292734164549775",
  "avgAbsoluteError": 9.08698,
  "avgSignedError": -3.36807728,
  "maxAbsoluteError": 18.0361328
}