{
  "createdTimestamp": "132292734164549775",
  "avgAbsoluteError": 2.19368982,
  "avgSignedError": -0.6569064,
  "maxAbsoluteError": 8.308534
}