{
  "createdTimestamp": "132292734164549775",
  "avgAbsoluteError": 6.72324276,
  "avgSignedError": -6.72324276,
  "maxAbsoluteError": 7.901123
}