{
  "createdTimestamp": "132292734164549775",
  "avgAbsoluteError": 11.76139,
  "avgSignedError": 10.900054,
  "maxAbsoluteError": 23.59195
}