{
  "createdTimestamp": "132292734164549775",
  "avgAbsoluteError": 0.002356858,
  "avgSignedError": 0.000835901534,
  "maxAbsoluteError": 0.00586519251
}