{
  "createdTimestamp": "132292734164549775",
  "avgAbsoluteError": 0.00286854571,
  "avgSignedError": 0.0009803933,
  "maxAbsoluteError": 0.0105986362
}