{
  "createdTimestamp": "132292734164549775",
  "avgAbsoluteError": 1.15981472,
  "avgSignedError": 0.0937940255,
  "maxAbsoluteError": 4.62438965
}