{
  "createdTimestamp": "132292734164549775",
  "avgAbsoluteError": 6.14161825,
  "avgSignedError": -2.53902388,
  "maxAbsoluteError": 21.8193665
}