{
  "createdTimestamp": "132292734164549775",
  "avgAbsoluteError": 10.72182,
  "avgSignedError": -0.96594733,
  "maxAbsoluteError": 27.6750488
}