{
  "createdTimestamp": "132292734164549775",
  "avgAbsoluteError": 1.68850172,
  "avgSignedError": -0.742345452,
  "maxAbsoluteError": 3.598175
}