{
  "createdTimestamp": "132292734164549775",
  "avgAbsoluteError": 0.01227479,
  "avgSignedError": -0.007268767,
  "maxAbsoluteError": 0.0620422363
}