{
  "createdTimestamp": "132292734164549775",
  "avgAbsoluteError": 8.875425,
  "avgSignedError": -1.91685343,
  "maxAbsoluteError": 26.8735352
}