{
  "createdTimestamp": "132292734164549775",
  "avgAbsoluteError": 6.655339,
  "avgSignedError": -3.66321969,
  "maxAbsoluteError": 13.4443359
}