{
  "createdTimestamp": "132292734164549775",
  "avgAbsoluteError": 1.00516856,
  "avgSignedError": -0.06806872,
  "maxAbsoluteError": 3.52282715
}