{
  "createdTimestamp": "132292734164549775",
  "avgAbsoluteError": 0.0114095444,
  "avgSignedError": -0.007384854,
  "maxAbsoluteError": 0.07977295
}