{
  "createdTimestamp": "132292734164549775",
  "avgAbsoluteError": 13.4687252,
  "avgSignedError": -11.0107985,
  "maxAbsoluteError": 26.1687622
}