{
  "createdTimestamp": "132292734164549775",
  "avgAbsoluteError": 1.70046365,
  "avgSignedError": 1.03871655,
  "maxAbsoluteError": 3.068162
}