{
  "createdTimestamp": "132292734164549775",
  "avgAbsoluteError": 5.2980237,
  "avgSignedError": -2.244094,
  "maxAbsoluteError": 12.97644
}