{
  "createdTimestamp": "132292734164549775",
  "avgAbsoluteError": 40.38159,
  "avgSignedError": -40.38159,
  "maxAbsoluteError": 81.6659546
}