{
  "createdTimestamp": "132292734164549775",
  "avgAbsoluteError": 3.834539,
  "avgSignedError": 3.834539,
  "maxAbsoluteError": 6.38427973
}