{
  "createdTimestamp": "132292734164549775",
  "avgAbsoluteError": 3.9797256,
  "avgSignedError": 0.667895734,
  "maxAbsoluteError": 20.2580261
}