{
  "createdTimestamp": "132292734164549775",
  "avgAbsoluteError": 9.150012,
  "avgSignedError": -3.14179969,
  "maxAbsoluteError": 19.7933655
}