{
  "createdTimestamp": "132292734164549775",
  "avgAbsoluteError": 0.005036873,
  "avgSignedError": -0.00187585107,
  "maxAbsoluteError": 0.0211486816
}