{
  "createdTimestamp": "132292734164549775",
  "avgAbsoluteError": 0.00504886266,
  "avgSignedError": -0.000932090566,
  "maxAbsoluteError": 0.0151367188
}