{
  "createdTimestamp": "132292734164549775",
  "avgAbsoluteError": 2.72534752,
  "avgSignedError": -2.4531002,
  "maxAbsoluteError": 12.2948
}