{
  "createdTimestamp": "132292734164549775",
  "avgAbsoluteError": 1.6304599,
  "avgSignedError": 0.4909134,
  "maxAbsoluteError": 8.584807
}