{
  "createdTimestamp": "132292734164549775",
  "avgAbsoluteError": 2.72723866,
  "avgSignedError": -0.6864405,
  "maxAbsoluteError": 16.3960571
}