{
  "createdTimestamp": "132292734164549775",
  "avgAbsoluteError": 0.875124,
  "avgSignedError": 0.427920967,
  "maxAbsoluteError": 4.53204346
}