{
  "createdTimestamp": "132292734164549775",
  "avgAbsoluteError": 1.547969,
  "avgSignedError": -0.465448946,
  "maxAbsoluteError": 6.420685
}