{
  "createdTimestamp": "132292734164549775",
  "avgAbsoluteError": 0.781878769,
  "avgSignedError": 0.162954271,
  "maxAbsoluteError": 1.78010345
}