{
  "createdTimestamp": "132292734164549775",
  "avgAbsoluteError": 2.37334418,
  "avgSignedError": 1.632866,
  "maxAbsoluteError": 5.313444
}