{
  "createdTimestamp": "132292734164549775",
  "avgAbsoluteError": 5.55387,
  "avgSignedError": -3.589952,
  "maxAbsoluteError": 11.8798218
}