{
  "createdTimestamp": "132292734164549775",
  "avgAbsoluteError": 0.004454363,
  "avgSignedError": 0.004069302,
  "maxAbsoluteError": 0.0193566233
}