{
  "createdTimestamp": "132292734164549775",
  "avgAbsoluteError": 35.5808525,
  "avgSignedError": 6.28951359,
  "maxAbsoluteError": 177.003311
}