{
  "createdTimestamp": "132292734164549775",
  "avgAbsoluteError": 56.6654167,
  "avgSignedError": -6.57704544,
  "maxAbsoluteError": 179.512985
}