{
  "createdTimestamp": "132292734164549775",
  "avgAbsoluteError": 11.3698053,
  "avgSignedError": -6.03549862,
  "maxAbsoluteError": 30.7826843
}