{
  "createdTimestamp": "132292734164549775",
  "avgAbsoluteError": 0.009325364,
  "avgSignedError": -0.009325364,
  "maxAbsoluteError": 0.03652954
}