{
  "createdTimestamp": "132292734164549775",
  "avgAbsoluteError": 0.00359442923,
  "avgSignedError": 0.00213945867,
  "maxAbsoluteError": 0.0360164829
}