{
  "createdTimestamp": "132292734164549775",
  "avgAbsoluteError": 3.91518188,
  "avgSignedError": -0.704603553,
  "maxAbsoluteError": 8.680206
}