{
  "createdTimestamp": "132292734164549775",
  "avgAbsoluteError": 0.00532991253,
  "avgSignedError": 0.004889202,
  "maxAbsoluteError": 0.0178832877
}