{
  "createdTimestamp": "132292734164549775",
  "avgAbsoluteError": 15.9069319,
  "avgSignedError": -15.9069319,
  "maxAbsoluteError": 36.1858521
}