{
  "createdTimestamp": "132292734164549775",
  "avgAbsoluteError": 8.573036,
  "avgSignedError": -7.328945,
  "maxAbsoluteError": 14.9441528
}