{
  "createdTimestamp": "132292734164549775",
  "avgAbsoluteError": 1.48502028,
  "avgSignedError": 1.46539211,
  "maxAbsoluteError": 6.17348051
}