{
  "createdTimestamp": "132292734164549775",
  "avgAbsoluteError": 8.462838,
  "avgSignedError": -5.68963671,
  "maxAbsoluteError": 18.1844177
}