{
  "createdTimestamp": "132292734164549775",
  "avgAbsoluteError": 5.08612871,
  "avgSignedError": -2.86458015,
  "maxAbsoluteError": 19.631073
}