{
  "createdTimestamp": "132292734164549775",
  "avgAbsoluteError": 10.5433264,
  "avgSignedError": 7.564737,
  "maxAbsoluteError": 30.59046
}