{
  "createdTimestamp": "132292734164549775",
  "avgAbsoluteError": 0.00543291168,
  "avgSignedError": -0.000184117351,
  "maxAbsoluteError": 0.0218505859
}