{
  "createdTimestamp": "132292734164549775",
  "avgAbsoluteError": 5.52599335,
  "avgSignedError": 4.414974,
  "maxAbsoluteError": 10.7517366
}