{
  "createdTimestamp": "132292734164549775",
  "avgAbsoluteError": 3.32603383,
  "avgSignedError": 3.32603383,
  "maxAbsoluteError": 5.27635527
}