{
  "createdTimestamp": "132292734164549775",
  "avgAbsoluteError": 0.7960515,
  "avgSignedError": 0.517954648,
  "maxAbsoluteError": 2.97076416
}