{
  "createdTimestamp": "132292734164549775",
  "avgAbsoluteError": 0.00831862353,
  "avgSignedError": 0.00251759123,
  "maxAbsoluteError": 0.0246180389
}