{
  "createdTimestamp": "132292734164549775",
  "avgAbsoluteError": 7.16017246,
  "avgSignedError": -5.532741,
  "maxAbsoluteError": 14.9318237
}