{
  "createdTimestamp": "132292734164549775",
  "avgAbsoluteError": 2.11272359,
  "avgSignedError": 0.622643769,
  "maxAbsoluteError": 12.2872486
}