{
  "createdTimestamp": "132292734164549775",
  "avgAbsoluteError": 0.009061156,
  "avgSignedError": 0.005308392,
  "maxAbsoluteError": 0.0325763039
}