{
  "createdTimestamp": "132292734164549775",
  "avgAbsoluteError": 9.420308,
  "avgSignedError": -9.420308,
  "maxAbsoluteError": 16.7926941
}