{
  "createdTimestamp": "132292734164549775",
  "avgAbsoluteError": 1.86370575,
  "avgSignedError": -1.86370575,
  "maxAbsoluteError": 3.295868
}