{
  "createdTimestamp": "132292734164549775",
  "avgAbsoluteError": 2.42257667,
  "avgSignedError": 2.37268138,
  "maxAbsoluteError": 10.7090006
}