{
  "createdTimestamp": "132292734164549775",
  "avgAbsoluteError": 13.441534,
  "avgSignedError": -13.3209553,
  "maxAbsoluteError": 30.1835632
}