{
  "createdTimestamp": "132292734164549775",
  "avgAbsoluteError": 7.83214235,
  "avgSignedError": -4.775905,
  "maxAbsoluteError": 21.7992554
}