{
  "createdTimestamp": "132292734164549775",
  "avgAbsoluteError": 0.00176993187,
  "avgSignedError": 0.001458473,
  "maxAbsoluteError": 0.0178839974
}