{
  "createdTimestamp": "132292734164549775",
  "avgAbsoluteError": 2.9791224,
  "avgSignedError": -0.514379144,
  "maxAbsoluteError": 6.84671
}