{
  "createdTimestamp": "132292734164549775",
  "avgAbsoluteError": 10.2603655,
  "avgSignedError": -5.908076,
  "maxAbsoluteError": 25.2208557
}