{
  "createdTimestamp": "132292734164549775",
  "avgAbsoluteError": 2.22869825,
  "avgSignedError": -0.057114996,
  "maxAbsoluteError": 4.01742554
}