{
  "createdTimestamp": "132292734164549775",
  "avgAbsoluteError": 0.008161727,
  "avgSignedError": -0.007952452,
  "maxAbsoluteError": 0.0243835449
}