{
  "createdTimestamp": "132292734164549775",
  "avgAbsoluteError": 2.91361427,
  "avgSignedError": 2.90719748,
  "maxAbsoluteError": 6.261387
}