{
  "createdTimestamp": "132292734164549775",
  "avgAbsoluteError": 0.00761807151,
  "avgSignedError": -0.00649451371,
  "maxAbsoluteError": 0.0246582031
}