{
  "createdTimestamp": "132292734164549775",
  "avgAbsoluteError": 13.3237162,
  "avgSignedError": 13.3237162,
  "maxAbsoluteError": 22.4576111
}