{
  "createdTimestamp": "132292734164549775",
  "avgAbsoluteError": 47.8874664,
  "avgSignedError": 20.6527672,
  "maxAbsoluteError": 173.9268
}