{
  "createdTimestamp": "132292734164549775",
  "avgAbsoluteError": 0.00362082082,
  "avgSignedError": -0.00362082082,
  "maxAbsoluteError": 0.01171875
}