{
  "createdTimestamp": "132292734164549775",
  "avgAbsoluteError": 2.8782258,
  "avgSignedError": -2.85692644,
  "maxAbsoluteError": 4.44314575
}