{
  "createdTimestamp": "132292734164549775",
  "avgAbsoluteError": 7.95304155,
  "avgSignedError": 7.063452,
  "maxAbsoluteError": 18.1762886
}