{
  "createdTimestamp": "132292734164549775",
  "avgAbsoluteError": 3.09945917,
  "avgSignedError": -2.94576216,
  "maxAbsoluteError": 8.187439
}