{
  "createdTimestamp": "132292734164549775",
  "avgAbsoluteError": 0.00311654177,
  "avgSignedError": -0.00300941337,
  "maxAbsoluteError": 0.0179748535
}