{
  "createdTimestamp": "132292734164549775",
  "avgAbsoluteError": 11.4264126,
  "avgSignedError": 10.98371,
  "maxAbsoluteError": 21.0140133
}