{
  "createdTimestamp": "132292734164549775",
  "avgAbsoluteError": 6.610428,
  "avgSignedError": 5.271883,
  "maxAbsoluteError": 16.4687634
}