{
  "createdTimestamp": "132292734164549775",
  "avgAbsoluteError": 14.7504072,
  "avgSignedError": 14.7504072,
  "maxAbsoluteError": 20.3029785
}