{
  "createdTimestamp": "132292734164549775",
  "avgAbsoluteError": 5.77662468,
  "avgSignedError": 3.72334671,
  "maxAbsoluteError": 16.4680176
}