{
  "createdTimestamp": "132292734164549775",
  "avgAbsoluteError": 5.19094563,
  "avgSignedError": -4.720221,
  "maxAbsoluteError": 17.6618347
}