{
  "createdTimestamp": "132292734164549775",
  "avgAbsoluteError": 15.3684311,
  "avgSignedError": -9.503623,
  "maxAbsoluteError": 32.6711121
}