{
  "createdTimestamp": "132292734164549775",
  "avgAbsoluteError": 9.9853,
  "avgSignedError": 9.406554,
  "maxAbsoluteError": 16.61454
}