{
  "createdTimestamp": "132292734164549775",
  "avgAbsoluteError": 0.009617406,
  "avgSignedError": -0.00954135,
  "maxAbsoluteError": 0.03125
}