{
  "createdTimestamp": "132292734164549775",
  "avgAbsoluteError": 4.507003,
  "avgSignedError": 3.15152144,
  "maxAbsoluteError": 9.938532
}