{
  "createdTimestamp": "132292734164549775",
  "avgAbsoluteError": 0.00346911023,
  "avgSignedError": -0.00227806787,
  "maxAbsoluteError": 0.0136413574
}