{
  "createdTimestamp": "132292734164549775",
  "avgAbsoluteError": 6.95528173,
  "avgSignedError": 3.061998,
  "maxAbsoluteError": 15.3636475
}