{
  "createdTimestamp": "132292734164549775",
  "avgAbsoluteError": 11.33935,
  "avgSignedError": 11.33935,
  "maxAbsoluteError": 26.4393311
}