{
  "createdTimestamp": "132292734164549775",
  "avgAbsoluteError": 0.009335431,
  "avgSignedError": -0.00922733452,
  "maxAbsoluteError": 0.02368164
}