{
  "createdTimestamp": "132292734164549775",
  "avgAbsoluteError": 6.79750824,
  "avgSignedError": -6.79750824,
  "maxAbsoluteError": 10.9454956
}