{
  "createdTimestamp": "132292734164549775",
  "avgAbsoluteError": 4.994715,
  "avgSignedError": -4.07246828,
  "maxAbsoluteError": 13.9730835
}