{
  "createdTimestamp": "132292734164549775",
  "avgAbsoluteError": 2.11414528,
  "avgSignedError": -0.8402131,
  "maxAbsoluteError": 5.437866
}