{
  "createdTimestamp": "132292734164549775",
  "avgAbsoluteError": 0.006442018,
  "avgSignedError": -0.00611417042,
  "maxAbsoluteError": 0.0221252441
}