{
  "createdTimestamp": "132292734164549775",
  "avgAbsoluteError": 15.5578251,
  "avgSignedError": -15.5578251,
  "maxAbsoluteError": 18.335907
}