{
  "createdTimestamp": "132292734164549775",
  "avgAbsoluteError": 2.55681825,
  "avgSignedError": -2.23861241,
  "maxAbsoluteError": 5.94619751
}