{
  "createdTimestamp": "132292734164549775",
  "avgAbsoluteError": 1.66619992,
  "avgSignedError": 1.64029431,
  "maxAbsoluteError": 3.29292727
}