{
  "createdTimestamp": "132292734164549775",
  "avgAbsoluteError": 66.81232,
  "avgSignedError": 34.131115,
  "maxAbsoluteError": 175.371857
}