{
  "createdTimestamp": "132292734164549775",
  "avgAbsoluteError": 2.1669333,
  "avgSignedError": 0.280667037,
  "maxAbsoluteError": 5.780588
}