{
  "createdTimestamp": "132292734164549775",
  "avgAbsoluteError": 0.91030407,
  "avgSignedError": -0.8438454,
  "maxAbsoluteError": 2.467102
}