{
  "createdTimestamp": "132292734164549775",
  "avgAbsoluteError": 0.5043942,
  "avgSignedError": 0.397109628,
  "maxAbsoluteError": 1.31091869
}