{
  "createdTimestamp": "132292734164549775",
  "avgAbsoluteError": 1.41169751,
  "avgSignedError": 0.428040475,
  "maxAbsoluteError": 3.6232543
}