{
  "createdTimestamp": "132292734164549775",
  "avgAbsoluteError": 4.731721,
  "avgSignedError": 3.020463,
  "maxAbsoluteError": 15.0418062
}