{
  "createdTimestamp": "132271832697696905",
  "avgAbsoluteError": 0.9903445,
  "avgSignedError": -0.300834745,
  "maxAbsoluteError": 36.3830261,
  "avgSettlingTime10Degrees": 79.71974,
  "avgSettlingTime5Degrees": 79.71974,
  "avgSettlingTime2Degrees": 79.7197342
}