{
  "createdTimestamp": "132268416335996553",
  "avgAbsoluteError": 0.000234797262,
  "avgSignedError": 0.000234797262,
  "maxAbsoluteError": 0.0003415739
}