{
  "createdTimestamp": "132268416335996553",
  "avgAbsoluteError": 0.00208083517,
  "avgSignedError": 0.00208083517,
  "maxAbsoluteError": 0.00214209547
}