{
  "createdTimestamp": "132268416335996553",
  "avgAbsoluteError": 0.000885009766,
  "avgSignedError": -0.000885009766,
  "maxAbsoluteError": 0.000885009766
}