{
  "createdTimestamp": "132268416335996553",
  "avgAbsoluteError": 0.0001419008,
  "avgSignedError": -0.0001419008,
  "maxAbsoluteError": 0.000152587891
}