{
  "createdTimestamp": "132268416335996553",
  "avgAbsoluteError": 0.000116964256,
  "avgSignedError": -0.000116964256,
  "maxAbsoluteError": 0.000122070313
}