{
  "createdTimestamp": "132268416335996553",
  "avgAbsoluteError": 8.72045857E-05,
  "avgSignedError": 8.72045857E-05,
  "maxAbsoluteError": 0.000108835513
}