{
  "createdTimestamp": "132268416335996553",
  "avgAbsoluteError": 4.45065634E-05,
  "avgSignedError": 4.45065634E-05,
  "maxAbsoluteError": 6.07839E-05
}