{
  "createdTimestamp": "132268416335996553",
  "avgAbsoluteError": 0.00284917816,
  "avgSignedError": -0.00284917816,
  "maxAbsoluteError": 0.00289917
}