{
  "createdTimestamp": "132268416335996553",
  "avgAbsoluteError": 0.00127948215,
  "avgSignedError": -0.00127948215,
  "maxAbsoluteError": 0.00131225586
}