{
  "createdTimestamp": "132268416335996553",
  "avgAbsoluteError": 0.000150737746,
  "avgSignedError": 0.000150737746,
  "maxAbsoluteError": 0.000174066576
}