{
  "createdTimestamp": "132268416335996553",
  "avgAbsoluteError": 0.173575819,
  "avgSignedError": 0.173575819,
  "maxAbsoluteError": 0.179395437
}