{
  "createdTimestamp": "132268416335996553",
  "avgAbsoluteError": 6.91147652E-05,
  "avgSignedError": 6.91147652E-05,
  "maxAbsoluteError": 7.992669E-05
}