{
  "createdTimestamp": "132268416335996553",
  "avgAbsoluteError": 0.0004710716,
  "avgSignedError": 0.0004710716,
  "maxAbsoluteError": 0.0004857075
}