{
  "createdTimestamp": "132268416335996553",
  "avgAbsoluteError": 0.0025654952,
  "avgSignedError": 0.0025654952,
  "maxAbsoluteError": 0.00268554688
}