{
  "createdTimestamp": "132268416335996553",
  "avgAbsoluteError": 0.000195336252,
  "avgSignedError": -0.000195336252,
  "maxAbsoluteError": 0.000213623047
}