{
  "createdTimestamp": "132268416335996553",
  "avgAbsoluteError": 10.68222,
  "avgSignedError": -10.68222,
  "maxAbsoluteError": 10.682251
}