{
  "createdTimestamp": "132268416335996553",
  "avgAbsoluteError": 5.798985E-05,
  "avgSignedError": 5.798985E-05,
  "maxAbsoluteError": 8.215962E-05
}