{
  "createdTimestamp": "132268416335996553",
  "avgAbsoluteError": 0.000252347963,
  "avgSignedError": -0.000158986222,
  "maxAbsoluteError": 0.0005187988
}