{
  "createdTimestamp": "132268416335996553",
  "avgAbsoluteError": 0.27903077,
  "avgSignedError": 0.27903077,
  "maxAbsoluteError": 0.279039025
}