{
  "createdTimestamp": "132268416335996553",
  "avgAbsoluteError": 0.0005116697,
  "avgSignedError": 0.0005116697,
  "maxAbsoluteError": 0.000526882359
}