{
  "createdTimestamp": "132268416335996553",
  "avgAbsoluteError": 3.34667857E-06,
  "avgSignedError": -1.64063169E-06,
  "maxAbsoluteError": 3.05175781E-05
}