{
  "createdTimestamp": "132268416335996553",
  "avgAbsoluteError": 0.23815906,
  "avgSignedError": 0.23815906,
  "maxAbsoluteError": 0.240386963
}