{
  "createdTimestamp": "132268416335996553",
  "avgAbsoluteError": 0.000254655257,
  "avgSignedError": 0.000254655257,
  "maxAbsoluteError": 0.000269424083
}