{
  "createdTimestamp": "132268416335996553",
  "avgAbsoluteError": 0.000264202477,
  "avgSignedError": -0.000146894236,
  "maxAbsoluteError": 0.000610351563
}