{
  "createdTimestamp": "132268416335996553",
  "avgAbsoluteError": 0.000303178618,
  "avgSignedError": 0.000303178618,
  "maxAbsoluteError": 0.000317564525
}