{
  "createdTimestamp": "132268416335996553",
  "avgAbsoluteError": 0.00015098977,
  "avgSignedError": 0.00015098977,
  "maxAbsoluteError": 0.000162852608
}