{
  "createdTimestamp": "132268416335996553",
  "avgAbsoluteError": 0.275529474,
  "avgSignedError": 0.275529474,
  "maxAbsoluteError": 0.275535464
}