{
  "createdTimestamp": "132268416335996553",
  "avgAbsoluteError": 0.000436864473,
  "avgSignedError": -0.000436864473,
  "maxAbsoluteError": 0.000457763672
}