{
  "createdTimestamp": "132268416335996553",
  "avgAbsoluteError": 0.00012515769,
  "avgSignedError": -0.00012515769,
  "maxAbsoluteError": 0.000183105469
}