{
  "createdTimestamp": "132268416335996553",
  "avgAbsoluteError": 0.09198758,
  "avgSignedError": -0.09198758,
  "maxAbsoluteError": 0.09210205
}