{
  "createdTimestamp": "132268416335996553",
  "avgAbsoluteError": 0.000168555067,
  "avgSignedError": 0.000168555067,
  "maxAbsoluteError": 0.000185968558
}