{
  "createdTimestamp": "132268416335996553",
  "avgAbsoluteError": 0.002356634,
  "avgSignedError": 0.002356634,
  "maxAbsoluteError": 0.00252502179
}