{
  "createdTimestamp": "132268416335996553",
  "avgAbsoluteError": 0.0499690324,
  "avgSignedError": -0.0499690324,
  "maxAbsoluteError": 0.0533447266
}