{
  "createdTimestamp": "132268416335996553",
  "avgAbsoluteError": 0.000158406416,
  "avgSignedError": -0.00015508155,
  "maxAbsoluteError": 0.00048828125
}