{
  "createdTimestamp": "132268416335996553",
  "avgAbsoluteError": 0.2671903,
  "avgSignedError": 0.2671903,
  "maxAbsoluteError": 0.276153564
}