{
  "createdTimestamp": "132268416335996553",
  "avgAbsoluteError": 0.0005249736,
  "avgSignedError": -0.0005249736,
  "maxAbsoluteError": 0.000579834
}