{
  "createdTimestamp": "132268416335996553",
  "avgAbsoluteError": 0.0003057695,
  "avgSignedError": -0.0003057695,
  "maxAbsoluteError": 0.000335693359
}