{
  "createdTimestamp": "132268416335996553",
  "avgAbsoluteError": 0.008926012,
  "avgSignedError": 0.008926012,
  "maxAbsoluteError": 0.0115594864
}