{
  "createdTimestamp": "132268416335996553",
  "avgAbsoluteError": 0.003326416,
  "avgSignedError": -0.003326416,
  "maxAbsoluteError": 0.003326416
}