{
  "createdTimestamp": "132268416335996553",
  "avgAbsoluteError": 9.622894E-05,
  "avgSignedError": 9.622894E-05,
  "maxAbsoluteError": 0.000114241331
}