{
  "createdTimestamp": "132268416335996553",
  "avgAbsoluteError": 5.24933166E-05,
  "avgSignedError": 5.24933166E-05,
  "maxAbsoluteError": 7.116689E-05
}