{
  "createdTimestamp": "132268416335996553",
  "avgAbsoluteError": 0.000249552424,
  "avgSignedError": 0.000249552424,
  "maxAbsoluteError": 0.000261449022
}