{
  "createdTimestamp": "132268416335996553",
  "avgAbsoluteError": 0.00127057626,
  "avgSignedError": -0.00127057626,
  "maxAbsoluteError": 0.00134277344
}