{
  "createdTimestamp": "132268416335996553",
  "avgAbsoluteError": 0.0008643481,
  "avgSignedError": -0.0008643481,
  "maxAbsoluteError": 0.000885009766
}