{
  "createdTimestamp": "132268416335996553",
  "avgAbsoluteError": 0.00961173,
  "avgSignedError": 0.00961173,
  "maxAbsoluteError": 0.0104064941
}