{
  "createdTimestamp": "132268416335996553",
  "avgAbsoluteError": 0.03806563,
  "avgSignedError": -0.03806563,
  "maxAbsoluteError": 0.03829956
}