{
  "createdTimestamp": "132268416335996553",
  "avgAbsoluteError": 0.000862804358,
  "avgSignedError": 0.000440545584,
  "maxAbsoluteError": 0.00201416016
}