{
  "createdTimestamp": "132268416335996553",
  "avgAbsoluteError": 36.33854,
  "avgSignedError": 36.33854,
  "maxAbsoluteError": 36.338623
}