{
  "createdTimestamp": "132268416335996553",
  "avgAbsoluteError": 0.206319258,
  "avgSignedError": -0.206319258,
  "maxAbsoluteError": 0.2177124
}