{
  "createdTimestamp": "132268416335996553",
  "avgAbsoluteError": 0.00399804,
  "avgSignedError": -0.00399804,
  "maxAbsoluteError": 0.00402832031
}