{
  "createdTimestamp": "132268416335996553",
  "avgAbsoluteError": 0.00166457356,
  "avgSignedError": -0.00166457356,
  "maxAbsoluteError": 0.00170898438
}