{
  "createdTimestamp": "132268416335996553",
  "avgAbsoluteError": 1.28655174E-05,
  "avgSignedError": -1.13585511E-05,
  "maxAbsoluteError": 3.05175781E-05
}