{
  "createdTimestamp": "132268416335996553",
  "avgAbsoluteError": 2.07884049,
  "avgSignedError": 2.07884049,
  "maxAbsoluteError": 2.07888985
}