{
  "createdTimestamp": "132268416335996553",
  "avgAbsoluteError": 0.000211379316,
  "avgSignedError": 0.000211379316,
  "maxAbsoluteError": 0.0002265331
}