{
  "createdTimestamp": "132268416335996553",
  "avgAbsoluteError": 8.282824E-05,
  "avgSignedError": 8.282824E-05,
  "maxAbsoluteError": 0.000102508624
}