{
  "createdTimestamp": "132268416335996553",
  "avgAbsoluteError": 0.000130243308,
  "avgSignedError": 0.000130243308,
  "maxAbsoluteError": 0.000144629186
}