{
  "createdTimestamp": "132268416335996553",
  "avgAbsoluteError": 0.000329043629,
  "avgSignedError": -0.000329043629,
  "maxAbsoluteError": 0.000366210938
}