{
  "createdTimestamp": "132268416335996553",
  "avgAbsoluteError": 18.7453079,
  "avgSignedError": -18.7453079,
  "maxAbsoluteError": 18.7453
}