{
  "createdTimestamp": "132268416335996553",
  "avgAbsoluteError": 0.000396847259,
  "avgSignedError": -0.000396847259,
  "maxAbsoluteError": 0.0004272461
}