{
  "createdTimestamp": "132268416335996553",
  "avgAbsoluteError": 0.00239521428,
  "avgSignedError": -0.00239521428,
  "maxAbsoluteError": 0.00244140625
}