{
  "createdTimestamp": "132268416335996553",
  "avgAbsoluteError": 0.0005819714,
  "avgSignedError": -0.0005819714,
  "maxAbsoluteError": 0.000610351563
}