{
  "createdTimestamp": "132268416335996553",
  "avgAbsoluteError": 0.191867456,
  "avgSignedError": -0.191867456,
  "maxAbsoluteError": 0.192077637
}