{
  "createdTimestamp": "132268416335996553",
  "avgAbsoluteError": 1.675234,
  "avgSignedError": -1.675234,
  "maxAbsoluteError": 1.67526245
}