{
  "createdTimestamp": "132268416335996553",
  "avgAbsoluteError": 4.93823154E-06,
  "avgSignedError": -3.61144021E-06,
  "maxAbsoluteError": 3.05175781E-05
}