{
  "createdTimestamp": "132268416335996553",
  "avgAbsoluteError": 0.000496712164,
  "avgSignedError": -0.000496712164,
  "maxAbsoluteError": 0.0005493164
}