{
  "createdTimestamp": "132268416335996553",
  "avgAbsoluteError": 0.0005221237,
  "avgSignedError": -0.0005221237,
  "maxAbsoluteError": 0.0005493164
}