{
  "createdTimestamp": "132268416335996553",
  "avgAbsoluteError": 1.67376554,
  "avgSignedError": -1.67376554,
  "maxAbsoluteError": 1.67376709
}