{
  "createdTimestamp": "132268416335996553",
  "avgAbsoluteError": 0.6915794,
  "avgSignedError": -0.6915794,
  "maxAbsoluteError": 0.692596436
}