{
  "createdTimestamp": "132268416335996553",
  "avgAbsoluteError": 0.0002482967,
  "avgSignedError": -0.0002482967,
  "maxAbsoluteError": 0.0002746582
}