{
  "createdTimestamp": "132268416335996553",
  "avgAbsoluteError": 0.000119309785,
  "avgSignedError": -0.00010274419,
  "maxAbsoluteError": 0.000152587891
}