{
  "createdTimestamp": "132268416335996553",
  "avgAbsoluteError": 0.0115128458,
  "avgSignedError": -0.0115128458,
  "maxAbsoluteError": 0.0115356445
}