{
  "createdTimestamp": "132268416335996553",
  "avgAbsoluteError": 0.241696969,
  "avgSignedError": 0.241696969,
  "maxAbsoluteError": 0.243469238
}