{
  "createdTimestamp": "132268416335996553",
  "avgAbsoluteError": 0.000156150258,
  "avgSignedError": -0.000156150258,
  "maxAbsoluteError": 0.000183105469
}