{
  "createdTimestamp": "132268416335996553",
  "avgAbsoluteError": 0.000204148353,
  "avgSignedError": 0.000204148353,
  "maxAbsoluteError": 0.000210901067
}