{
  "createdTimestamp": "132268416335996553",
  "avgAbsoluteError": 7.765952E-05,
  "avgSignedError": -7.765952E-05,
  "maxAbsoluteError": 9.15527344E-05
}