{
  "createdTimestamp": "132268416335996553",
  "avgAbsoluteError": 0.000109720786,
  "avgSignedError": -0.000109720786,
  "maxAbsoluteError": 0.000122070313
}