{
  "createdTimestamp": "132268416335996553",
  "avgAbsoluteError": 0.0377475135,
  "avgSignedError": 0.0377475135,
  "maxAbsoluteError": 0.0379943848
}