{
  "createdTimestamp": "132268416335996553",
  "avgAbsoluteError": 8.668417E-05,
  "avgSignedError": -8.668417E-05,
  "maxAbsoluteError": 9.15527344E-05
}