{
  "createdTimestamp": "132268416335996553",
  "avgAbsoluteError": 0.000219952417,
  "avgSignedError": 0.000219952417,
  "maxAbsoluteError": 0.00023489249
}