{
  "createdTimestamp": "132268416335996553",
  "avgAbsoluteError": 0.0002830113,
  "avgSignedError": 0.0002830113,
  "maxAbsoluteError": 0.000296509446
}