{
  "createdTimestamp": "132268416335996553",
  "avgAbsoluteError": 9.75526855E-05,
  "avgSignedError": 9.75526855E-05,
  "maxAbsoluteError": 0.0001157341
}