{
  "createdTimestamp": "132268416335996553",
  "avgAbsoluteError": 0.00247061765,
  "avgSignedError": -0.00247061765,
  "maxAbsoluteError": 0.00262451172
}