{
  "createdTimestamp": "132268416335996553",
  "avgAbsoluteError": 0.0006629743,
  "avgSignedError": 0.0006629743,
  "maxAbsoluteError": 0.000680288766
}