{
  "createdTimestamp": "132268416335996553",
  "avgAbsoluteError": 0.000529983139,
  "avgSignedError": 0.000529983139,
  "maxAbsoluteError": 0.000546717958
}