{
  "createdTimestamp": "132268416335996553",
  "avgAbsoluteError": 0.00049417367,
  "avgSignedError": 0.00049417367,
  "maxAbsoluteError": 0.0005069831
}