{
  "createdTimestamp": "132268416335996553",
  "avgAbsoluteError": 0.004025309,
  "avgSignedError": 0.004025309,
  "maxAbsoluteError": 0.00404147
}