{
  "createdTimestamp": "132268416335996553",
  "avgAbsoluteError": 18.745409,
  "avgSignedError": -18.745409,
  "maxAbsoluteError": 18.7454224
}