{
  "createdTimestamp": "132268416335996553",
  "avgAbsoluteError": 0.0009492622,
  "avgSignedError": 0.0009492622,
  "maxAbsoluteError": 0.0009891788
}