{
  "createdTimestamp": "132268416335996553",
  "avgAbsoluteError": 0.000398034725,
  "avgSignedError": -0.000398034725,
  "maxAbsoluteError": 0.0004272461
}