{
  "createdTimestamp": "132268416335996553",
  "avgAbsoluteError": 0.14351216,
  "avgSignedError": 0.14351216,
  "maxAbsoluteError": 0.143648863
}