{
  "createdTimestamp": "132268416335996553",
  "avgAbsoluteError": 0.000132501,
  "avgSignedError": 0.000132501,
  "maxAbsoluteError": 0.000144852413
}