{
  "createdTimestamp": "132268416335996553",
  "avgAbsoluteError": 0.000167787308,
  "avgSignedError": -0.000167787308,
  "maxAbsoluteError": 0.000183105469
}