{
  "createdTimestamp": "132268416335996553",
  "avgAbsoluteError": 9.15527344E-05,
  "avgSignedError": -9.15527344E-05,
  "maxAbsoluteError": 9.15527344E-05
}