{
  "createdTimestamp": "132268416335996553",
  "avgAbsoluteError": 9.17702E-05,
  "avgSignedError": 9.17702E-05,
  "maxAbsoluteError": 0.000102545106
}