{
  "createdTimestamp": "132268416335996553",
  "avgAbsoluteError": 0.688811362,
  "avgSignedError": 0.688811362,
  "maxAbsoluteError": 0.6895978
}