{
  "createdTimestamp": "132268416335996553",
  "avgAbsoluteError": 0.000114437833,
  "avgSignedError": 0.000114437833,
  "maxAbsoluteError": 0.000130722852
}