{
  "createdTimestamp": "132268416335996553",
  "avgAbsoluteError": 0.0005402918,
  "avgSignedError": 0.0005402918,
  "maxAbsoluteError": 0.000579834
}