{
  "createdTimestamp": "132268416335996553",
  "avgAbsoluteError": 10.6823521,
  "avgSignedError": 10.6823521,
  "maxAbsoluteError": 10.6823339
}