{
  "createdTimestamp": "132268416335996553",
  "avgAbsoluteError": 0.000952338451,
  "avgSignedError": -0.000952338451,
  "maxAbsoluteError": 0.0009765625
}