{
  "createdTimestamp": "132268416335996553",
  "avgAbsoluteError": 0.000309408118,
  "avgSignedError": 0.000309408118,
  "maxAbsoluteError": 0.0003445716
}