{
  "createdTimestamp": "132268416335996553",
  "avgAbsoluteError": 0.007753602,
  "avgSignedError": -0.007753602,
  "maxAbsoluteError": 0.009674072
}