{
  "createdTimestamp": "132268416335996553",
  "avgAbsoluteError": 0.000297526334,
  "avgSignedError": 0.000297526334,
  "maxAbsoluteError": 0.000305083435
}