{
  "createdTimestamp": "132268416335996553",
  "avgAbsoluteError": 0.00110587629,
  "avgSignedError": -0.00110587629,
  "maxAbsoluteError": 0.00112915039
}