{
  "createdTimestamp": "132268416335996553",
  "avgAbsoluteError": 0.0006292745,
  "avgSignedError": 0.0006292745,
  "maxAbsoluteError": 0.000650426955
}