{
  "createdTimestamp": "132268416335996553",
  "avgAbsoluteError": 0.00134681084,
  "avgSignedError": -0.00134681084,
  "maxAbsoluteError": 0.00140380859
}