{
  "createdTimestamp": "132268416335996553",
  "avgAbsoluteError": 3.08738126E-05,
  "avgSignedError": -3.08738126E-05,
  "maxAbsoluteError": 6.10351563E-05
}