{
  "createdTimestamp": "132268416335996553",
  "avgAbsoluteError": 0.0473111533,
  "avgSignedError": 0.0473111533,
  "maxAbsoluteError": 0.0504455566
}