{
  "createdTimestamp": "132268416335996553",
  "avgAbsoluteError": 1.67404056,
  "avgSignedError": -1.67404056,
  "maxAbsoluteError": 1.67404175
}