{
  "createdTimestamp": "132268416335996553",
  "avgAbsoluteError": 0.278357118,
  "avgSignedError": -0.278357118,
  "maxAbsoluteError": 0.278381348
}