{
  "createdTimestamp": "132268416335996553",
  "avgAbsoluteError": 9.097269E-05,
  "avgSignedError": 9.097269E-05,
  "maxAbsoluteError": 0.000104293526
}