{
  "createdTimestamp": "132268416335996553",
  "avgAbsoluteError": 0.000116608026,
  "avgSignedError": -0.000116608026,
  "maxAbsoluteError": 0.000122070313
}