{
  "createdTimestamp": "132268416335996553",
  "avgAbsoluteError": 0.00399459852,
  "avgSignedError": 0.00399459852,
  "maxAbsoluteError": 0.004013777
}