{
  "createdTimestamp": "132268416335996553",
  "avgAbsoluteError": 0.000257105625,
  "avgSignedError": 0.000257105625,
  "maxAbsoluteError": 0.000272103
}