{
  "createdTimestamp": "132268416335996553",
  "avgAbsoluteError": 0.0001567924,
  "avgSignedError": 0.0001567924,
  "maxAbsoluteError": 0.000164110621
}