{
  "createdTimestamp": "132268416335996553",
  "avgAbsoluteError": 0.2755127,
  "avgSignedError": -0.2755127,
  "maxAbsoluteError": 0.2755127
}