{
  "createdTimestamp": "132268416335996553",
  "avgAbsoluteError": 4.607323E-05,
  "avgSignedError": -4.607323E-05,
  "maxAbsoluteError": 6.10351563E-05
}