{
  "createdTimestamp": "132268416335996553",
  "avgAbsoluteError": 0.0105920937,
  "avgSignedError": -0.0105920937,
  "maxAbsoluteError": 0.0130004883
}