{
  "createdTimestamp": "132268416335996553",
  "avgAbsoluteError": 0.147203565,
  "avgSignedError": 0.147203565,
  "maxAbsoluteError": 0.151831388
}