{
  "createdTimestamp": "132268416335996553",
  "avgAbsoluteError": 0.00200019823,
  "avgSignedError": 0.00200019823,
  "maxAbsoluteError": 0.00204630662
}