{
  "createdTimestamp": "132268416335996553",
  "avgAbsoluteError": 0.00319289975,
  "avgSignedError": 0.00319289975,
  "maxAbsoluteError": 0.003242518
}