{
  "createdTimestamp": "132268416335996553",
  "avgAbsoluteError": 0.0002877202,
  "avgSignedError": -0.0002877202,
  "maxAbsoluteError": 0.000305175781
}