{
  "createdTimestamp": "132268416335996553",
  "avgAbsoluteError": 0.0931050554,
  "avgSignedError": 0.0931050554,
  "maxAbsoluteError": 0.0932139158
}