{
  "createdTimestamp": "132268416335996553",
  "avgAbsoluteError": 0.00423800154,
  "avgSignedError": 0.00423800154,
  "maxAbsoluteError": 0.00481677055
}