{
  "createdTimestamp": "132268416335996553",
  "avgAbsoluteError": 0.0007625832,
  "avgSignedError": -0.0007625832,
  "maxAbsoluteError": 0.000793457031
}