{
  "createdTimestamp": "132268416335996553",
  "avgAbsoluteError": 0.204279557,
  "avgSignedError": -0.204279557,
  "maxAbsoluteError": 0.215515137
}