{
  "createdTimestamp": "132268416335996553",
  "avgAbsoluteError": 1.67526221,
  "avgSignedError": -1.67526221,
  "maxAbsoluteError": 1.67526245
}