{
  "createdTimestamp": "132268416335996553",
  "avgAbsoluteError": 0.000519657,
  "avgSignedError": 0.000519657,
  "maxAbsoluteError": 0.0005350261
}