{
  "createdTimestamp": "132268416335996553",
  "avgAbsoluteError": 0.00035599884,
  "avgSignedError": -0.00035599884,
  "maxAbsoluteError": 0.000366210938
}