{
  "createdTimestamp": "132268416335996553",
  "avgAbsoluteError": 0.308128268,
  "avgSignedError": 0.308128268,
  "maxAbsoluteError": 0.3190918
}