{
  "createdTimestamp": "132268416335996553",
  "avgAbsoluteError": 2.078998,
  "avgSignedError": -2.078998,
  "maxAbsoluteError": 2.07901
}