{
  "createdTimestamp": "132268416335996553",
  "avgAbsoluteError": 36.3829155,
  "avgSignedError": -36.3829155,
  "maxAbsoluteError": 36.3830261
}