{
  "createdTimestamp": "132268416335996553",
  "avgAbsoluteError": 9.126221E-05,
  "avgSignedError": 9.126221E-05,
  "maxAbsoluteError": 0.000103438164
}