{
  "createdTimestamp": "132268416335996553",
  "avgAbsoluteError": 0.00930323,
  "avgSignedError": -0.00930323,
  "maxAbsoluteError": 0.0100097656
}