{
  "createdTimestamp": "132268416335996553",
  "avgAbsoluteError": 0.000239869434,
  "avgSignedError": 0.000239869434,
  "maxAbsoluteError": 0.000256710744
}