{
  "createdTimestamp": "132268416335996553",
  "avgAbsoluteError": 3.05175781E-05,
  "avgSignedError": -3.05175781E-05,
  "maxAbsoluteError": 3.05175781E-05
}