{
  "createdTimestamp": "132268416335996553",
  "avgAbsoluteError": 0.00137005642,
  "avgSignedError": 0.00137005642,
  "maxAbsoluteError": 0.0015038203
}