{
  "createdTimestamp": "132268416335996553",
  "avgAbsoluteError": 0.00166269811,
  "avgSignedError": 0.00166269811,
  "maxAbsoluteError": 0.00168427383
}