{
  "createdTimestamp": "132268416335996553",
  "avgAbsoluteError": 0.0222613271,
  "avgSignedError": 0.0222613271,
  "maxAbsoluteError": 0.0223999023
}