{
  "createdTimestamp": "132268416335996553",
  "avgAbsoluteError": 0.009490373,
  "avgSignedError": 0.009490373,
  "maxAbsoluteError": 0.009552002
}