{
  "createdTimestamp": "132268416335996553",
  "avgAbsoluteError": 0.00144387037,
  "avgSignedError": 0.00144387037,
  "maxAbsoluteError": 0.00159327628
}