{
  "createdTimestamp": "132268416335996553",
  "avgAbsoluteError": 0.00202159281,
  "avgSignedError": 0.00202159281,
  "maxAbsoluteError": 0.002037985
}