{
  "createdTimestamp": "132266847799605055",
  "avgAbsoluteError": 0.0020060197,
  "avgSignedError": 0.0020060197,
  "maxAbsoluteError": 0.00206772448
}