{
  "createdTimestamp": "132266847799605055",
  "avgAbsoluteError": 0.00162666943,
  "avgSignedError": -0.00162666943,
  "maxAbsoluteError": 0.00164794922
}