{
  "createdTimestamp": "132266847799605055",
  "avgAbsoluteError": 8.904064E-05,
  "avgSignedError": 8.904064E-05,
  "maxAbsoluteError": 0.000177170747
}