{
  "createdTimestamp": "132266847799605055",
  "avgAbsoluteError": 5.938556E-05,
  "avgSignedError": -5.938556E-05,
  "maxAbsoluteError": 6.10351563E-05
}