{
  "createdTimestamp": "132266847799605055",
  "avgAbsoluteError": 0.000111182962,
  "avgSignedError": -0.000111182962,
  "maxAbsoluteError": 0.000122070313
}