{
  "createdTimestamp": "132266847799605055",
  "avgAbsoluteError": 0.000257562526,
  "avgSignedError": 0.000257562526,
  "maxAbsoluteError": 0.000265444862
}