{
  "createdTimestamp": "132266847799605055",
  "avgAbsoluteError": 5.10672253E-05,
  "avgSignedError": 5.10672253E-05,
  "maxAbsoluteError": 7.607479E-05
}