{
  "createdTimestamp": "132266847799605055",
  "avgAbsoluteError": 0.09183234,
  "avgSignedError": -0.09183234,
  "maxAbsoluteError": 0.09194946
}