{
  "createdTimestamp": "132266847799605055",
  "avgAbsoluteError": 0.000130510991,
  "avgSignedError": 0.000130510991,
  "maxAbsoluteError": 0.000140623466
}