{
  "createdTimestamp": "132266847799605055",
  "avgAbsoluteError": 7.110704E-05,
  "avgSignedError": 7.110704E-05,
  "maxAbsoluteError": 8.173628E-05
}