{
  "createdTimestamp": "132266847799605055",
  "avgAbsoluteError": 9.164185E-05,
  "avgSignedError": 9.164185E-05,
  "maxAbsoluteError": 0.00010394393
}