{
  "createdTimestamp": "132266847799605055",
  "avgAbsoluteError": 1.1217272E-05,
  "avgSignedError": -1.1217272E-05,
  "maxAbsoluteError": 3.05175781E-05
}