{
  "createdTimestamp": "132266847799605055",
  "avgAbsoluteError": 9.30981041E-05,
  "avgSignedError": 9.30981041E-05,
  "maxAbsoluteError": 0.000114692775
}