{
  "createdTimestamp": "132266847799605055",
  "avgAbsoluteError": 4.13840971E-05,
  "avgSignedError": 4.13840971E-05,
  "maxAbsoluteError": 4.928686E-05
}