{
  "createdTimestamp": "132266847799605055",
  "avgAbsoluteError": 10.682251,
  "avgSignedError": -10.682251,
  "maxAbsoluteError": 10.682251
}