{
  "createdTimestamp": "132266847799605055",
  "avgAbsoluteError": 0.0006308066,
  "avgSignedError": -0.0006308066,
  "maxAbsoluteError": 0.0006713867
}