{
  "createdTimestamp": "132266847799605055",
  "avgAbsoluteError": 0.000135915878,
  "avgSignedError": 0.000135915878,
  "maxAbsoluteError": 0.000160814554
}