{
  "createdTimestamp": "132266847799605055",
  "avgAbsoluteError": 0.000214953121,
  "avgSignedError": 0.000214953121,
  "maxAbsoluteError": 0.00022555975
}