{
  "createdTimestamp": "132266847799605055",
  "avgAbsoluteError": 0.0005163244,
  "avgSignedError": -0.0005163244,
  "maxAbsoluteError": 0.0005493164
}