{
  "createdTimestamp": "132266847799605055",
  "avgAbsoluteError": 0.00335693359,
  "avgSignedError": -0.00335693359,
  "maxAbsoluteError": 0.00335693359
}