{
  "createdTimestamp": "132266847799605055",
  "avgAbsoluteError": 0.00295855547,
  "avgSignedError": 0.00295855547,
  "maxAbsoluteError": 0.00308227539
}