{
  "createdTimestamp": "132266847799605055",
  "avgAbsoluteError": 0.00027814426,
  "avgSignedError": -0.000169886829,
  "maxAbsoluteError": 0.0005187988
}