{
  "createdTimestamp": "132266847799605055",
  "avgAbsoluteError": 0.0004702243,
  "avgSignedError": 0.0004702243,
  "maxAbsoluteError": 0.00047541465
}