{
  "createdTimestamp": "132266847799605055",
  "avgAbsoluteError": 0.0002214187,
  "avgSignedError": -6.627134E-05,
  "maxAbsoluteError": 0.000366210938
}