{
  "createdTimestamp": "132266847799605055",
  "avgAbsoluteError": 0.680328369,
  "avgSignedError": -0.680328369,
  "maxAbsoluteError": 0.680328369
}