{
  "createdTimestamp": "132266847799605055",
  "avgAbsoluteError": 0.000397718279,
  "avgSignedError": -0.000397718279,
  "maxAbsoluteError": 0.0004272461
}