{
  "createdTimestamp": "132266847799605055",
  "avgAbsoluteError": 0.000415533956,
  "avgSignedError": -0.000415533956,
  "maxAbsoluteError": 0.000457763672
}