{
  "createdTimestamp": "132266847799605055",
  "avgAbsoluteError": 0.000254116982,
  "avgSignedError": 0.000254116982,
  "maxAbsoluteError": 0.000260853267
}