{
  "createdTimestamp": "132266847799605055",
  "avgAbsoluteError": 0.002393238,
  "avgSignedError": -0.002393238,
  "maxAbsoluteError": 0.00244140625
}