{
  "createdTimestamp": "132266847799605055",
  "avgAbsoluteError": 0.000191848347,
  "avgSignedError": -0.000191848347,
  "maxAbsoluteError": 0.000213623047
}