{
  "createdTimestamp": "132266847799605055",
  "avgAbsoluteError": 1.67376709,
  "avgSignedError": -1.67376709,
  "maxAbsoluteError": 1.67376709
}