{
  "createdTimestamp": "132266847799605055",
  "avgAbsoluteError": 7.079598E-06,
  "avgSignedError": -5.12743372E-06,
  "maxAbsoluteError": 3.05175781E-05
}