{
  "createdTimestamp": "132266847799605055",
  "avgAbsoluteError": 0.0007420923,
  "avgSignedError": -7.940789E-05,
  "maxAbsoluteError": 0.005258739
}