{
  "createdTimestamp": "132266847799605055",
  "avgAbsoluteError": 0.00761811947,
  "avgSignedError": 0.00761811947,
  "maxAbsoluteError": 0.00769591331
}