{
  "createdTimestamp": "132266847799605055",
  "avgAbsoluteError": 0.0006751808,
  "avgSignedError": -0.0006751808,
  "maxAbsoluteError": 0.0007324219
}