{
  "createdTimestamp": "132266847799605055",
  "avgAbsoluteError": 36.338623,
  "avgSignedError": 36.338623,
  "maxAbsoluteError": 36.3386536
}