{
  "createdTimestamp": "132266847799605055",
  "avgAbsoluteError": 0.000375613658,
  "avgSignedError": -0.000375613658,
  "maxAbsoluteError": 0.00109863281
}