{
  "createdTimestamp": "132266847799605055",
  "avgAbsoluteError": 0.0005493164,
  "avgSignedError": 0.0005493164,
  "maxAbsoluteError": 0.000640869141
}