{
  "createdTimestamp": "132266847799605055",
  "avgAbsoluteError": 9.19399463E-05,
  "avgSignedError": 9.19399463E-05,
  "maxAbsoluteError": 0.000106567008
}