{
  "createdTimestamp": "132266847799605055",
  "avgAbsoluteError": 5.21613729E-05,
  "avgSignedError": 5.21613729E-05,
  "maxAbsoluteError": 6.867916E-05
}