{
  "createdTimestamp": "132266847799605055",
  "avgAbsoluteError": 0.000297890772,
  "avgSignedError": 0.000297890772,
  "maxAbsoluteError": 0.0003063284
}