{
  "createdTimestamp": "132266847799605055",
  "avgAbsoluteError": 0.279033273,
  "avgSignedError": 0.279033273,
  "maxAbsoluteError": 0.279041171
}