{
  "createdTimestamp": "132266847799605055",
  "avgAbsoluteError": 0.00125649944,
  "avgSignedError": -0.00125649944,
  "maxAbsoluteError": 0.00131225586
}