{
  "createdTimestamp": "132266847799605055",
  "avgAbsoluteError": 0.00281388569,
  "avgSignedError": -0.00281388569,
  "maxAbsoluteError": 0.00286865234
}