{
  "createdTimestamp": "132266847799605055",
  "avgAbsoluteError": 1.67523193,
  "avgSignedError": -1.67523193,
  "maxAbsoluteError": 1.67523193
}