{
  "createdTimestamp": "132266847799605055",
  "avgAbsoluteError": 6.88739465E-06,
  "avgSignedError": -4.98971758E-06,
  "maxAbsoluteError": 3.05175781E-05
}