{
  "createdTimestamp": "132266847799605055",
  "avgAbsoluteError": 0.000134277347,
  "avgSignedError": -0.000134277347,
  "maxAbsoluteError": 0.000183105469
}