{
  "createdTimestamp": "132266847799605055",
  "avgAbsoluteError": 0.0001794561,
  "avgSignedError": 0.0001794561,
  "maxAbsoluteError": 0.000198224559
}