{
  "createdTimestamp": "132266847799605055",
  "avgAbsoluteError": 0.00401149457,
  "avgSignedError": -0.00401149457,
  "maxAbsoluteError": 0.004638672
}