{
  "createdTimestamp": "132266847799605055",
  "avgAbsoluteError": 2.078785,
  "avgSignedError": 2.078785,
  "maxAbsoluteError": 2.078938
}