{
  "createdTimestamp": "132266847799605055",
  "avgAbsoluteError": 0.000828428543,
  "avgSignedError": -0.000828428543,
  "maxAbsoluteError": 0.0008544922
}