{
  "createdTimestamp": "132266847799605055",
  "avgAbsoluteError": 2.64039445E-05,
  "avgSignedError": 2.64039445E-05,
  "maxAbsoluteError": 4.98853224E-05
}