{
  "createdTimestamp": "132266847799605055",
  "avgAbsoluteError": 0.00128652214,
  "avgSignedError": -0.00128652214,
  "maxAbsoluteError": 0.00134277344
}