{
  "createdTimestamp": "132266847799605055",
  "avgAbsoluteError": 0.275532842,
  "avgSignedError": 0.275532842,
  "maxAbsoluteError": 0.275535077
}