{
  "createdTimestamp": "132266847799605055",
  "avgAbsoluteError": 18.7453156,
  "avgSignedError": -18.7453156,
  "maxAbsoluteError": 18.7453
}