{
  "createdTimestamp": "132266847799605055",
  "avgAbsoluteError": 9.74522E-07,
  "avgSignedError": -6.750768E-07,
  "maxAbsoluteError": 3.05175781E-05
}