{
  "createdTimestamp": "132266847799605055",
  "avgAbsoluteError": 0.00166329043,
  "avgSignedError": -0.00166329043,
  "maxAbsoluteError": 0.00170898438
}