{
  "createdTimestamp": "132266847799605055",
  "avgAbsoluteError": 0.188842773,
  "avgSignedError": -0.188842773,
  "maxAbsoluteError": 0.188842773
}