{
  "createdTimestamp": "132266847799605055",
  "avgAbsoluteError": 0.0379132256,
  "avgSignedError": -0.0379132256,
  "maxAbsoluteError": 0.03817749
}