{
  "createdTimestamp": "132266847799605055",
  "avgAbsoluteError": 0.000792609062,
  "avgSignedError": 0.000792609062,
  "maxAbsoluteError": 0.009495258
}