{
  "createdTimestamp": "132266847799605055",
  "avgAbsoluteError": 0.000305340742,
  "avgSignedError": -0.000305340742,
  "maxAbsoluteError": 0.000335693359
}