{
  "createdTimestamp": "132266847799605055",
  "avgAbsoluteError": 0.000106855623,
  "avgSignedError": 0.000106855623,
  "maxAbsoluteError": 0.000123221311
}