{
  "createdTimestamp": "132266847799605055",
  "avgAbsoluteError": 0.000153713874,
  "avgSignedError": 0.000153713874,
  "maxAbsoluteError": 0.000167863123
}