{
  "createdTimestamp": "132266847799605055",
  "avgAbsoluteError": 0.0005163085,
  "avgSignedError": 0.0005163085,
  "maxAbsoluteError": 0.0005268912
}