{
  "createdTimestamp": "132266847799605055",
  "avgAbsoluteError": 0.000398543081,
  "avgSignedError": -0.000398543081,
  "maxAbsoluteError": 0.00112915039
}