{
  "createdTimestamp": "132266847799605055",
  "avgAbsoluteError": 0.0007965913,
  "avgSignedError": 0.0007965913,
  "maxAbsoluteError": 0.0008239746
}