{
  "createdTimestamp": "132266847799605055",
  "avgAbsoluteError": 0.000434009446,
  "avgSignedError": -0.000434009446,
  "maxAbsoluteError": 0.000457763672
}