{
  "createdTimestamp": "132266847799605055",
  "avgAbsoluteError": 0.000558059255,
  "avgSignedError": -0.000558059255,
  "maxAbsoluteError": 0.000579834
}