{
  "createdTimestamp": "132266847799605055",
  "avgAbsoluteError": 0.0117921568,
  "avgSignedError": -0.0117921568,
  "maxAbsoluteError": 0.0118103027
}