{
  "createdTimestamp": "132266847799605055",
  "avgAbsoluteError": 0.000443082245,
  "avgSignedError": -0.000443082245,
  "maxAbsoluteError": 0.000457763672
}