{
  "createdTimestamp": "132266847799605055",
  "avgAbsoluteError": 0.141667783,
  "avgSignedError": 0.141667783,
  "maxAbsoluteError": 0.141669169
}