{
  "createdTimestamp": "132266847799605055",
  "avgAbsoluteError": 0.000246058,
  "avgSignedError": 0.000246058,
  "maxAbsoluteError": 0.00025497278
}