{
  "createdTimestamp": "132266847799605055",
  "avgAbsoluteError": 2.48225224E-05,
  "avgSignedError": 2.48225224E-05,
  "maxAbsoluteError": 4.68982944E-05
}