{
  "createdTimestamp": "132266847799605055",
  "avgAbsoluteError": 0.000107388885,
  "avgSignedError": -0.000107388885,
  "maxAbsoluteError": 0.0008239746
}