{
  "createdTimestamp": "132266847799605055",
  "avgAbsoluteError": 0.0005586617,
  "avgSignedError": 0.0005586617,
  "maxAbsoluteError": 0.000582689943
}