{
  "createdTimestamp": "132266847799605055",
  "avgAbsoluteError": 4.387933E-05,
  "avgSignedError": -4.387933E-05,
  "maxAbsoluteError": 6.10351563E-05
}