{
  "createdTimestamp": "132266847799605055",
  "avgAbsoluteError": 1.67403972,
  "avgSignedError": -1.67403972,
  "maxAbsoluteError": 1.67404175
}