{
  "createdTimestamp": "132266847799605055",
  "avgAbsoluteError": 0.00270682666,
  "avgSignedError": -0.00270682666,
  "maxAbsoluteError": 0.002746582
}