{
  "createdTimestamp": "132266847799605055",
  "avgAbsoluteError": 0.0003661962,
  "avgSignedError": 0.0003661962,
  "maxAbsoluteError": 0.000373960385
}