{
  "createdTimestamp": "132266847799605055",
  "avgAbsoluteError": 0.0005221488,
  "avgSignedError": 0.0005221488,
  "maxAbsoluteError": 0.0005511664
}