{
  "createdTimestamp": "132266847799605055",
  "avgAbsoluteError": 0.27835083,
  "avgSignedError": -0.27835083,
  "maxAbsoluteError": 0.27835083
}