{
  "createdTimestamp": "132266847799605055",
  "avgAbsoluteError": 0.00021552718,
  "avgSignedError": 0.00021552718,
  "maxAbsoluteError": 0.000222337141
}