{
  "createdTimestamp": "132266847799605055",
  "avgAbsoluteError": 36.38296,
  "avgSignedError": -36.38296,
  "maxAbsoluteError": 36.3830566
}