{
  "createdTimestamp": "132266847799605055",
  "avgAbsoluteError": 10.6823435,
  "avgSignedError": 10.6823435,
  "maxAbsoluteError": 10.68233
}