{
  "createdTimestamp": "132266847799605055",
  "avgAbsoluteError": 0.0005275438,
  "avgSignedError": 0.0005275438,
  "maxAbsoluteError": 0.0005388347
}