{
  "createdTimestamp": "132266847799605055",
  "avgAbsoluteError": 0.000243150862,
  "avgSignedError": -0.000243150862,
  "maxAbsoluteError": 0.0002746582
}