{
  "createdTimestamp": "132266847799605055",
  "avgAbsoluteError": 3.05175781E-05,
  "avgSignedError": -3.05175781E-05,
  "maxAbsoluteError": 3.05175781E-05
}