{
  "createdTimestamp": "132266847799605055",
  "avgAbsoluteError": 0.0007509085,
  "avgSignedError": 0.0007509085,
  "maxAbsoluteError": 0.000804852636
}