{
  "createdTimestamp": "132266847799605055",
  "avgAbsoluteError": 0.00027696765,
  "avgSignedError": -0.00027696765,
  "maxAbsoluteError": 0.000305175781
}