{
  "createdTimestamp": "132266847799605055",
  "avgAbsoluteError": 0.000287925272,
  "avgSignedError": 0.000287925272,
  "maxAbsoluteError": 0.0003012898
}