{
  "createdTimestamp": "132266847799605055",
  "avgAbsoluteError": 3.10373725E-05,
  "avgSignedError": 3.10373725E-05,
  "maxAbsoluteError": 4.64635E-05
}