{
  "createdTimestamp": "132266847799605055",
  "avgAbsoluteError": 6.054028E-05,
  "avgSignedError": -6.054028E-05,
  "maxAbsoluteError": 6.10351563E-05
}