{
  "createdTimestamp": "132266847799605055",
  "avgAbsoluteError": 0.000375943579,
  "avgSignedError": -0.000375943579,
  "maxAbsoluteError": 0.00112915039
}