{
  "createdTimestamp": "132266847799605055",
  "avgAbsoluteError": 2.55914551E-06,
  "avgSignedError": 2.55914551E-06,
  "maxAbsoluteError": 2.952068E-06
}