{
  "createdTimestamp": "132266847799605055",
  "avgAbsoluteError": 9.15527344E-05,
  "avgSignedError": -9.15527344E-05,
  "maxAbsoluteError": 9.15527344E-05
}