{
  "createdTimestamp": "132266847799605055",
  "avgAbsoluteError": 0.000121353347,
  "avgSignedError": 0.000121353347,
  "maxAbsoluteError": 0.000133713271
}