{
  "createdTimestamp": "132266847799605055",
  "avgAbsoluteError": 2.07892561,
  "avgSignedError": -2.07892561,
  "maxAbsoluteError": 2.07910156
}