{
  "createdTimestamp": "132266847799605055",
  "avgAbsoluteError": 0.0002634591,
  "avgSignedError": 0.0002634591,
  "maxAbsoluteError": 0.0002713677
}