{
  "createdTimestamp": "132266847799605055",
  "avgAbsoluteError": 18.7453766,
  "avgSignedError": -18.7453766,
  "maxAbsoluteError": 18.7454224
}