{
  "createdTimestamp": "132266847799605055",
  "avgAbsoluteError": 0.00143366633,
  "avgSignedError": -0.00143366633,
  "maxAbsoluteError": 0.00146484375
}