{
  "createdTimestamp": "132266847799605055",
  "avgAbsoluteError": 9.17176949E-05,
  "avgSignedError": -9.17176949E-05,
  "maxAbsoluteError": 0.000122070313
}