{
  "createdTimestamp": "132266847799605055",
  "avgAbsoluteError": 0.00211498071,
  "avgSignedError": 0.00211498071,
  "maxAbsoluteError": 0.002140522
}