{
  "createdTimestamp": "132266847799605055",
  "avgAbsoluteError": 9.258604E-05,
  "avgSignedError": 9.258604E-05,
  "maxAbsoluteError": 0.000108791304
}