{
  "createdTimestamp": "132266847799605055",
  "avgAbsoluteError": 0.2755127,
  "avgSignedError": -0.2755127,
  "maxAbsoluteError": 0.2755127
}