{
  "createdTimestamp": "132266847799605055",
  "avgAbsoluteError": 8.906242E-05,
  "avgSignedError": 8.906242E-05,
  "maxAbsoluteError": 9.600424E-05
}