{
  "createdTimestamp": "132266847799605055",
  "avgAbsoluteError": 0.0368621,
  "avgSignedError": 0.0368621,
  "maxAbsoluteError": 0.0372314453
}