{
  "createdTimestamp": "132266847799605055",
  "avgAbsoluteError": 0.0007754764,
  "avgSignedError": -0.0007754764,
  "maxAbsoluteError": 0.00936889648
}