{
  "createdTimestamp": "132266847799605055",
  "avgAbsoluteError": 0.00304291118,
  "avgSignedError": 0.00304291118,
  "maxAbsoluteError": 0.003105494
}