{
  "createdTimestamp": "132266847799605055",
  "avgAbsoluteError": 0.0012187236,
  "avgSignedError": -0.0012187236,
  "maxAbsoluteError": 0.0012512207
}