{
  "createdTimestamp": "132266847799605055",
  "avgAbsoluteError": 0.00146154454,
  "avgSignedError": -0.00146154454,
  "maxAbsoluteError": 0.00152587891
}