{
  "createdTimestamp": "132266847799605055",
  "avgAbsoluteError": 8.14602463E-05,
  "avgSignedError": 8.14602463E-05,
  "maxAbsoluteError": 0.000131268462
}