{
  "createdTimestamp": "132266847799605055",
  "avgAbsoluteError": 3.67860521E-05,
  "avgSignedError": -3.67860521E-05,
  "maxAbsoluteError": 6.10351563E-05
}