{
  "createdTimestamp": "132266847799605055",
  "avgAbsoluteError": 0.0005025566,
  "avgSignedError": 0.0005025566,
  "maxAbsoluteError": 0.000511669
}