{
  "createdTimestamp": "132266847799605055",
  "avgAbsoluteError": 0.000366210938,
  "avgSignedError": -0.000366210938,
  "maxAbsoluteError": 0.000366210938
}