{
  "createdTimestamp": "132266847799605055",
  "avgAbsoluteError": 0.091987364,
  "avgSignedError": 0.091987364,
  "maxAbsoluteError": 0.092140764
}