{
  "createdTimestamp": "132266847799605055",
  "avgAbsoluteError": 0.000106729043,
  "avgSignedError": -0.000106729043,
  "maxAbsoluteError": 0.000122070313
}