{
  "createdTimestamp": "132266847799605055",
  "avgAbsoluteError": 3.1546886E-05,
  "avgSignedError": 3.1546886E-05,
  "maxAbsoluteError": 4.77820649E-05
}