{
  "createdTimestamp": "132266847799605055",
  "avgAbsoluteError": 0.6797092,
  "avgSignedError": 0.6797092,
  "maxAbsoluteError": 0.679720461
}