{
  "createdTimestamp": "132266847799605055",
  "avgAbsoluteError": 0.007315174,
  "avgSignedError": 0.007315174,
  "maxAbsoluteError": 0.00738883
}