{
  "createdTimestamp": "132266847799605055",
  "avgAbsoluteError": 0.000182775548,
  "avgSignedError": -0.000182775548,
  "maxAbsoluteError": 0.000183105469
}