{
  "createdTimestamp": "132266847799605055",
  "avgAbsoluteError": 0.00182020757,
  "avgSignedError": 0.00182020757,
  "maxAbsoluteError": 0.0018833155
}