{
  "createdTimestamp": "132266847799605055",
  "avgAbsoluteError": 0.000152587891,
  "avgSignedError": -0.000152587891,
  "maxAbsoluteError": 0.000152587891
}