{
  "createdTimestamp": "132266847799605055",
  "avgAbsoluteError": 0.0002562499,
  "avgSignedError": 0.0002562499,
  "maxAbsoluteError": 0.000263736263
}