{
  "createdTimestamp": "132266847799605055",
  "avgAbsoluteError": 0.00424389262,
  "avgSignedError": 0.00424389262,
  "maxAbsoluteError": 0.0042643575
}