{
  "createdTimestamp": "132266847799605055",
  "avgAbsoluteError": 2.83718837E-05,
  "avgSignedError": 2.83718837E-05,
  "maxAbsoluteError": 4.566233E-05
}