{
  "createdTimestamp": "132266847799605055",
  "avgAbsoluteError": 0.000615111552,
  "avgSignedError": 0.000615111552,
  "maxAbsoluteError": 0.0007147789
}