{
  "createdTimestamp": "132266847799605055",
  "avgAbsoluteError": 0.0008983715,
  "avgSignedError": -0.000125699429,
  "maxAbsoluteError": 0.00762939453
}