{
  "createdTimestamp": "132266847799605055",
  "avgAbsoluteError": 0.00401164126,
  "avgSignedError": 0.00401164126,
  "maxAbsoluteError": 0.00462842
}