{
  "createdTimestamp": "132266847799605055",
  "avgAbsoluteError": 1.67525947,
  "avgSignedError": -1.67525947,
  "maxAbsoluteError": 1.67526245
}