{
  "createdTimestamp": "132266847799605055",
  "avgAbsoluteError": 0.0005730706,
  "avgSignedError": 0.0005730706,
  "maxAbsoluteError": 0.000610351563
}