{
  "createdTimestamp": "132266847799605055",
  "avgAbsoluteError": 0.00048884016,
  "avgSignedError": 0.00048884016,
  "maxAbsoluteError": 0.0004968458
}