{
  "createdTimestamp": "132266847799605055",
  "avgAbsoluteError": 0.000423862453,
  "avgSignedError": 0.000423862453,
  "maxAbsoluteError": 0.000448951265
}