{
  "createdTimestamp": "132266847799605055",
  "avgAbsoluteError": 0.00289124413,
  "avgSignedError": 0.00289124413,
  "maxAbsoluteError": 0.00294361031
}