{
  "createdTimestamp": "132266847799605055",
  "avgAbsoluteError": 0.0015686776,
  "avgSignedError": 0.0015686776,
  "maxAbsoluteError": 0.00168117031
}