{
  "createdTimestamp": "132266847799605055",
  "avgAbsoluteError": 0.02237219,
  "avgSignedError": 0.02237219,
  "maxAbsoluteError": 0.0225219727
}