{
  "createdTimestamp": "132266847799605055",
  "avgAbsoluteError": 0.00989049952,
  "avgSignedError": 0.00989049952,
  "maxAbsoluteError": 0.00994873047
}