{
  "createdTimestamp": "132266847799605055",
  "avgAbsoluteError": 0.00361165055,
  "avgSignedError": 0.00361165055,
  "maxAbsoluteError": 0.003649165
}