{
  "createdTimestamp": "132266847799605055",
  "avgAbsoluteError": 0.00172097865,
  "avgSignedError": 0.00172097865,
  "maxAbsoluteError": 0.001848816
}