{
  "createdTimestamp": "132266630467537304",
  "avgAbsoluteError": 5.1609683,
  "avgSignedError": -0.09959152,
  "maxAbsoluteError": 179.99971,
  "maxOvershoot": 173.188431,
  "avgSettlingTime10Degrees": 0.125772417,
  "avgSettlingTime5Degrees": 0.194006711,
  "avgSettlingTime2Degrees": 0.2795266,
  "avg10PercentResponseTime": 0.011737599,
  "avg50PercentResponseTime": 0.0713739246,
  "avgCompleteResponseTime": 0.3091232
}