{
  "createdTimestamp": "132292734164549775",
  "avgAbsoluteError": 21.6037159,
  "avgSignedError": 21.6037159,
  "maxAbsoluteError": 40.3921356
}