{
  "createdTimestamp": "132292734164549775",
  "avgAbsoluteError": 5.55037928,
  "avgSignedError": 5.45817852,
  "maxAbsoluteError": 24.4411926
}