{
  "createdTimestamp": "132292734164549775",
  "avgAbsoluteError": 7.864301,
  "avgSignedError": 0.225209579,
  "maxAbsoluteError": 179.589157
}