{
  "createdTimestamp": "132292734164549775",
  "avgAbsoluteError": 5.97681332,
  "avgSignedError": -1.40406537,
  "maxAbsoluteError": 14.2202454
}