{
  "createdTimestamp": "132292734164549775",
  "avgAbsoluteError": 6.077016,
  "avgSignedError": 0.457815856,
  "maxAbsoluteError": 18.7259521
}