{
  "createdTimestamp": "132292734164549775",
  "avgAbsoluteError": 3.005934,
  "avgSignedError": 0.0276529137,
  "maxAbsoluteError": 9.998535
}