{
  "createdTimestamp": "132292734164549775",
  "avgAbsoluteError": 2.29254127,
  "avgSignedError": 2.29254127,
  "maxAbsoluteError": 2.29312944
}