{
  "createdTimestamp": "132292734164549775",
  "avgAbsoluteError": 15.7810755,
  "avgSignedError": 7.60687637,
  "maxAbsoluteError": 35.36566
}