{
  "createdTimestamp": "132292734164549775",
  "avgAbsoluteError": 0.003978853,
  "avgSignedError": 0.0007622434,
  "maxAbsoluteError": 0.0349222422
}