{
  "createdTimestamp": "132292734164549775",
  "avgAbsoluteError": 11.6044931,
  "avgSignedError": -0.046980992,
  "maxAbsoluteError": 30.7380066
}