{
  "createdTimestamp": "132292734164549775",
  "avgAbsoluteError": 18.6360874,
  "avgSignedError": -6.25549936,
  "maxAbsoluteError": 52.5127563
}