{
  "createdTimestamp": "132292734164549775",
  "avgAbsoluteError": 0.011753818,
  "avgSignedError": -0.01169395,
  "maxAbsoluteError": 0.02456665
}