{
  "createdTimestamp": "132292734164549775",
  "avgAbsoluteError": 7.21386957,
  "avgSignedError": 4.344945,
  "maxAbsoluteError": 26.2129211
}