{
  "createdTimestamp": "132292734164549775",
  "avgAbsoluteError": 0.006224291,
  "avgSignedError": 0.006069136,
  "maxAbsoluteError": 0.01786462
}