{
  "createdTimestamp": "132292734164549775",
  "avgAbsoluteError": 2.14613962,
  "avgSignedError": -0.50228256,
  "maxAbsoluteError": 5.66380739
}