{
  "createdTimestamp": "132292734164549775",
  "avgAbsoluteError": 14.87165,
  "avgSignedError": -14.7686176,
  "maxAbsoluteError": 25.10257
}