{
  "createdTimestamp": "132292734164549775",
  "avgAbsoluteError": 9.421088,
  "avgSignedError": -3.837324,
  "maxAbsoluteError": 20.8009644
}