{
  "createdTimestamp": "132292734164549775",
  "avgAbsoluteError": 9.064251,
  "avgSignedError": -9.02228451,
  "maxAbsoluteError": 17.7920227
}