{
  "createdTimestamp": "132292734164549775",
  "avgAbsoluteError": 0.00369815459,
  "avgSignedError": -0.00030107412,
  "maxAbsoluteError": 0.013671875
}