{
  "createdTimestamp": "132292734164549775",
  "avgAbsoluteError": 1.284164,
  "avgSignedError": 0.123701431,
  "maxAbsoluteError": 3.713623
}