{
  "createdTimestamp": "132292734164549775",
  "avgAbsoluteError": 0.0180170164,
  "avgSignedError": -0.0170901772,
  "maxAbsoluteError": 0.03604126
}