{
  "createdTimestamp": "132292734164549775",
  "avgAbsoluteError": 10.2479191,
  "avgSignedError": -1.333252,
  "maxAbsoluteError": 25.67508
}