{
  "createdTimestamp": "132292734164549775",
  "avgAbsoluteError": 3.09768414,
  "avgSignedError": 1.20887339,
  "maxAbsoluteError": 9.889961
}