{
  "createdTimestamp": "132292734164549775",
  "avgAbsoluteError": 0.25040558,
  "avgSignedError": -0.09606534,
  "maxAbsoluteError": 0.7657776
}