{
  "createdTimestamp": "132292734164549775",
  "avgAbsoluteError": 8.830335,
  "avgSignedError": -2.61094761,
  "maxAbsoluteError": 19.5776367
}