{
  "createdTimestamp": "132292734164549775",
  "avgAbsoluteError": 0.811312854,
  "avgSignedError": 0.709138453,
  "maxAbsoluteError": 1.38460481
}