{
  "createdTimestamp": "132292734164549775",
  "avgAbsoluteError": 0.007190231,
  "avgSignedError": -0.00697962241,
  "maxAbsoluteError": 0.0146484375
}