{
  "createdTimestamp": "132292734164549775",
  "avgAbsoluteError": 0.0053475895,
  "avgSignedError": -0.00155737018,
  "maxAbsoluteError": 0.0202026367
}