{
  "createdTimestamp": "132292734164549775",
  "avgAbsoluteError": 0.006990177,
  "avgSignedError": -0.00413077,
  "maxAbsoluteError": 0.0271911621
}