{
  "createdTimestamp": "132292734164549775",
  "avgAbsoluteError": 7.32839346,
  "avgSignedError": 5.80881357,
  "maxAbsoluteError": 20.71218
}