{
  "createdTimestamp": "132292734164549775",
  "avgAbsoluteError": 4.10615158,
  "avgSignedError": -2.444246,
  "maxAbsoluteError": 11.7308655
}