{
  "createdTimestamp": "132292734164549775",
  "avgAbsoluteError": 5.970744,
  "avgSignedError": -1.77006173,
  "maxAbsoluteError": 26.2997017
}