{
  "createdTimestamp": "132292734164549775",
  "avgAbsoluteError": 32.39983,
  "avgSignedError": 7.913209,
  "maxAbsoluteError": 173.4423
}