{
  "createdTimestamp": "132292734164549775",
  "avgAbsoluteError": 0.008976279,
  "avgSignedError": -0.00750549464,
  "maxAbsoluteError": 0.0248718262
}