{
  "createdTimestamp": "132292734164549775",
  "avgAbsoluteError": 3.64468336,
  "avgSignedError": 1.07276273,
  "maxAbsoluteError": 9.066162
}