{
  "createdTimestamp": "132292734164549775",
  "avgAbsoluteError": 26.07882,
  "avgSignedError": 26.07882,
  "maxAbsoluteError": 26.0791931
}