{
  "createdTimestamp": "132292734164549775",
  "avgAbsoluteError": 5.895952,
  "avgSignedError": 3.37514234,
  "maxAbsoluteError": 24.4772949
}