{
  "createdTimestamp": "132292734164549775",
  "avgAbsoluteError": 2.65302229,
  "avgSignedError": -1.28654253,
  "maxAbsoluteError": 4.20675659
}