{
  "createdTimestamp": "132292734164549775",
  "avgAbsoluteError": 2.16284227,
  "avgSignedError": -2.16284227,
  "maxAbsoluteError": 2.16604614
}