{
  "createdTimestamp": "132292734164549775",
  "avgAbsoluteError": 0.00604195055,
  "avgSignedError": 0.0056723184,
  "maxAbsoluteError": 0.01524839
}