{
  "createdTimestamp": "132292734164549775",
  "avgAbsoluteError": 3.983843,
  "avgSignedError": 1.00570476,
  "maxAbsoluteError": 17.3253727
}