{
  "createdTimestamp": "132292734164549775",
  "avgAbsoluteError": 8.318587,
  "avgSignedError": -5.517569,
  "maxAbsoluteError": 23.8922729
}