{
  "createdTimestamp": "132292734164549775",
  "avgAbsoluteError": 3.45948982,
  "avgSignedError": -0.802082658,
  "maxAbsoluteError": 11.4052429
}