{
  "createdTimestamp": "132292734164549775",
  "avgAbsoluteError": 0.0113436207,
  "avgSignedError": 0.00637638662,
  "maxAbsoluteError": 0.0370128341
}