{
  "createdTimestamp": "132292734164549775",
  "avgAbsoluteError": 16.46268,
  "avgSignedError": 1.19337511,
  "maxAbsoluteError": 29.3013916
}