{
  "createdTimestamp": "132292734164549775",
  "avgAbsoluteError": 24.31517,
  "avgSignedError": 11.2459259,
  "maxAbsoluteError": 58.57257
}