{
  "createdTimestamp": "132292734164549775",
  "avgAbsoluteError": 3.551673,
  "avgSignedError": 3.551673,
  "maxAbsoluteError": 5.124057
}