{
  "createdTimestamp": "132292734164549775",
  "avgAbsoluteError": 2.92818475,
  "avgSignedError": 0.5035975,
  "maxAbsoluteError": 13.7368774
}