{
  "createdTimestamp": "132292734164549775",
  "avgAbsoluteError": 12.6513548,
  "avgSignedError": -4.74972963,
  "maxAbsoluteError": 40.0221558
}