{
  "createdTimestamp": "132292734164549775",
  "avgAbsoluteError": 9.349887,
  "avgSignedError": -0.561701059,
  "maxAbsoluteError": 21.3886318
}