{
  "createdTimestamp": "132292734164549775",
  "avgAbsoluteError": 47.0520134,
  "avgSignedError": -13.9428663,
  "maxAbsoluteError": 176.0745
}