{
  "createdTimestamp": "132292734164549775",
  "avgAbsoluteError": 2.53431,
  "avgSignedError": 0.72292614,
  "maxAbsoluteError": 8.513153
}