{
  "createdTimestamp": "132292734164549775",
  "avgAbsoluteError": 14.0587673,
  "avgSignedError": 3.07724142,
  "maxAbsoluteError": 40.21419
}