{
  "createdTimestamp": "132292734164549775",
  "avgAbsoluteError": 16.69301,
  "avgSignedError": 2.08896017,
  "maxAbsoluteError": 35.5917664
}