{
  "createdTimestamp": "132292734164549775",
  "avgAbsoluteError": 1.95926929,
  "avgSignedError": -1.16229343,
  "maxAbsoluteError": 5.19866943
}