{
  "createdTimestamp": "132292734164549775",
  "avgAbsoluteError": 0.323961169,
  "avgSignedError": 0.230285347,
  "maxAbsoluteError": 0.946023941
}