{
  "createdTimestamp": "132292734164549775",
  "avgAbsoluteError": 0.008515592,
  "avgSignedError": 0.00409482233,
  "maxAbsoluteError": 0.0237368364
}