{
  "createdTimestamp": "132292734164549775",
  "avgAbsoluteError": 0.00384479528,
  "avgSignedError": -0.00135916471,
  "maxAbsoluteError": 0.0115356445
}