{
  "createdTimestamp": "132292734164549775",
  "avgAbsoluteError": 0.009957338,
  "avgSignedError": 0.004531483,
  "maxAbsoluteError": 0.04010719
}