{
  "createdTimestamp": "132292734164549775",
  "avgAbsoluteError": 5.793875,
  "avgSignedError": -0.2566276,
  "maxAbsoluteError": 11.1233568
}