{
  "createdTimestamp": "132292734164549775",
  "avgAbsoluteError": 2.16774821,
  "avgSignedError": -0.0007446904,
  "maxAbsoluteError": 5.410248
}