{
  "createdTimestamp": "132292734164549775",
  "avgAbsoluteError": 0.01173883,
  "avgSignedError": 0.0016959816,
  "maxAbsoluteError": 0.0270738
}