{
  "createdTimestamp": "132292734164549775",
  "avgAbsoluteError": 0.00401094975,
  "avgSignedError": -0.00261050882,
  "maxAbsoluteError": 0.009918213
}