{
  "createdTimestamp": "132292734164549775",
  "avgAbsoluteError": 0.0112332832,
  "avgSignedError": 0.000715271337,
  "maxAbsoluteError": 0.03046489
}