{
  "createdTimestamp": "132292734164549775",
  "avgAbsoluteError": 1.16903615,
  "avgSignedError": 0.166869119,
  "maxAbsoluteError": 3.27449679
}