{
  "createdTimestamp": "132292734164549775",
  "avgAbsoluteError": 2.988847,
  "avgSignedError": 2.83214426,
  "maxAbsoluteError": 6.29254055
}