{
  "createdTimestamp": "132292734164549775",
  "avgAbsoluteError": 10.1480265,
  "avgSignedError": 0.9080725,
  "maxAbsoluteError": 31.96759
}