{
  "createdTimestamp": "132292734164549775",
  "avgAbsoluteError": 0.0034142544,
  "avgSignedError": 0.00129969977,
  "maxAbsoluteError": 0.03744573
}