{
  "createdTimestamp": "132292734164549775",
  "avgAbsoluteError": 0.182205677,
  "avgSignedError": 0.182205677,
  "maxAbsoluteError": 0.5011349
}