{
  "createdTimestamp": "132292734164549775",
  "avgAbsoluteError": 0.009200101,
  "avgSignedError": 0.004775337,
  "maxAbsoluteError": 0.0307680629
}