{
  "createdTimestamp": "132292734164549775",
  "avgAbsoluteError": 4.38185835,
  "avgSignedError": -2.53006268,
  "maxAbsoluteError": 8.586517
}