{
  "createdTimestamp": "132292734164549775",
  "avgAbsoluteError": 20.2762852,
  "avgSignedError": -20.2762852,
  "maxAbsoluteError": 29.1722717
}