{
  "createdTimestamp": "132292734164549775",
  "avgAbsoluteError": 20.9522915,
  "avgSignedError": -12.1073914,
  "maxAbsoluteError": 44.3318176
}