{
  "createdTimestamp": "132292734164549775",
  "avgAbsoluteError": 19.5249557,
  "avgSignedError": 19.5249557,
  "maxAbsoluteError": 36.8097076
}