{
  "createdTimestamp": "132292734164549775",
  "avgAbsoluteError": 5.051526,
  "avgSignedError": -4.89181948,
  "maxAbsoluteError": 15.2275391
}