{
  "createdTimestamp": "132292734164549775",
  "avgAbsoluteError": 1.8275367,
  "avgSignedError": -1.05593455,
  "maxAbsoluteError": 5.809143
}