{
  "createdTimestamp": "132292734164549775",
  "avgAbsoluteError": 21.0281677,
  "avgSignedError": 21.0040531,
  "maxAbsoluteError": 40.69188
}