{
  "createdTimestamp": "132271837684096049",
  "avgAbsoluteError": 0.000884754,
  "avgSignedError": -0.000884754,
  "maxAbsoluteError": 0.00100708008
}