{
  "createdTimestamp": "132271837684096049",
  "avgAbsoluteError": 0.000233796934,
  "avgSignedError": 0.0002328785,
  "maxAbsoluteError": 0.00241088867
}