{
  "createdTimestamp": "132271837684096049",
  "avgAbsoluteError": 0.00208034762,
  "avgSignedError": 0.00208034762,
  "maxAbsoluteError": 0.002942224
}