{
  "createdTimestamp": "132271837684096049",
  "avgAbsoluteError": 3.86323482E-05,
  "avgSignedError": -3.86323482E-05,
  "maxAbsoluteError": 0.00109863281
}