{
  "createdTimestamp": "132271837684096049",
  "avgAbsoluteError": 0.000117077056,
  "avgSignedError": -0.000117077056,
  "maxAbsoluteError": 0.000152587891
}