{
  "createdTimestamp": "132271837684096049",
  "avgAbsoluteError": 0.000141897341,
  "avgSignedError": -0.000141619676,
  "maxAbsoluteError": 0.000728813058
}