{
  "createdTimestamp": "132271837684096049",
  "avgAbsoluteError": 0.0005819016,
  "avgSignedError": -0.0005818238,
  "maxAbsoluteError": 0.00103759766
}