{
  "createdTimestamp": "132271837684096049",
  "avgAbsoluteError": 0.000195625238,
  "avgSignedError": -0.000195476416,
  "maxAbsoluteError": 0.0006713867
}