{
  "createdTimestamp": "132271837684096049",
  "avgAbsoluteError": 0.000151410408,
  "avgSignedError": 0.000151410408,
  "maxAbsoluteError": 0.000167656719
}