{
  "createdTimestamp": "132271837684096049",
  "avgAbsoluteError": 5.827154E-05,
  "avgSignedError": 5.827154E-05,
  "maxAbsoluteError": 8.377223E-05
}