{
  "createdTimestamp": "132271837684096049",
  "avgAbsoluteError": 0.0002481789,
  "avgSignedError": 0.0002481789,
  "maxAbsoluteError": 0.000266344257
}