{
  "createdTimestamp": "132271837684096049",
  "avgAbsoluteError": 0.00332618924,
  "avgSignedError": -0.00332618924,
  "maxAbsoluteError": 0.005554199
}