{
  "createdTimestamp": "132271837684096049",
  "avgAbsoluteError": 0.00016876233,
  "avgSignedError": 0.00016876233,
  "maxAbsoluteError": 0.00019481896
}