{
  "createdTimestamp": "132271837684096049",
  "avgAbsoluteError": 0.000131331064,
  "avgSignedError": 0.000131319437,
  "maxAbsoluteError": 0.000149383544
}