{
  "createdTimestamp": "132271837684096049",
  "avgAbsoluteError": 0.6801108,
  "avgSignedError": -0.6801108,
  "maxAbsoluteError": 0.6803589
}