{
  "createdTimestamp": "132271837684096049",
  "avgAbsoluteError": 0.2754149,
  "avgSignedError": 0.2754149,
  "maxAbsoluteError": 0.275537252
}