{
  "createdTimestamp": "132271837684096049",
  "avgAbsoluteError": 0.00284684147,
  "avgSignedError": -0.00284677371,
  "maxAbsoluteError": 0.002960205
}