{
  "createdTimestamp": "132271837684096049",
  "avgAbsoluteError": 0.000346802059,
  "avgSignedError": -0.000234217761,
  "maxAbsoluteError": 0.421417236
}