{
  "createdTimestamp": "132271837684096049",
  "avgAbsoluteError": 0.188786626,
  "avgSignedError": -0.188786581,
  "maxAbsoluteError": 0.188873291
}