{
  "createdTimestamp": "132271837684096049",
  "avgAbsoluteError": 0.0007877366,
  "avgSignedError": -0.000294736354,
  "maxAbsoluteError": 0.144176185
}