{
  "createdTimestamp": "132271837684096049",
  "avgAbsoluteError": 6.881128E-05,
  "avgSignedError": 6.881128E-05,
  "maxAbsoluteError": 8.387237E-05
}