{
  "createdTimestamp": "132271837684096049",
  "avgAbsoluteError": 0.000421843928,
  "avgSignedError": -0.000421813049,
  "maxAbsoluteError": 0.09899902
}