{
  "createdTimestamp": "132271837684096049",
  "avgAbsoluteError": 0.0003792957,
  "avgSignedError": 0.000376575277,
  "maxAbsoluteError": 0.00750732236
}