{
  "createdTimestamp": "132271837684096049",
  "avgAbsoluteError": 3.43869142E-05,
  "avgSignedError": 3.437529E-05,
  "maxAbsoluteError": 5.090272E-05
}