{
  "createdTimestamp": "132271837684096049",
  "avgAbsoluteError": 5.059256E-06,
  "avgSignedError": -3.48567073E-06,
  "maxAbsoluteError": 0.000209262362
}