{
  "createdTimestamp": "132271837684096049",
  "avgAbsoluteError": 0.000511912163,
  "avgSignedError": 0.000511912163,
  "maxAbsoluteError": 0.0005306159
}