{
  "createdTimestamp": "132271837684096049",
  "avgAbsoluteError": 0.09196368,
  "avgSignedError": -0.09196368,
  "maxAbsoluteError": 0.102111816
}