{
  "createdTimestamp": "132271837684096049",
  "avgAbsoluteError": 10.6785994,
  "avgSignedError": -10.6785994,
  "maxAbsoluteError": 10.682251,
  "avgSettlingTime10Degrees": 82.55776,
  "avgSettlingTime5Degrees": 82.55776,
  "avgSettlingTime2Degrees": 82.55776
}