{
  "createdTimestamp": "132271837684096049",
  "avgAbsoluteError": 0.000305904861,
  "avgSignedError": -0.0001847131,
  "maxAbsoluteError": 0.215698242
}