{
  "createdTimestamp": "132271837684096049",
  "avgAbsoluteError": 0.00127308,
  "avgSignedError": -0.00127266732,
  "maxAbsoluteError": 0.00146484375
}