{
  "createdTimestamp": "132271837684096049",
  "avgAbsoluteError": 0.000498442154,
  "avgSignedError": -0.0004961635,
  "maxAbsoluteError": 0.00598144531
}