{
  "createdTimestamp": "132271837684096049",
  "avgAbsoluteError": 0.000522303,
  "avgSignedError": -0.000522281742,
  "maxAbsoluteError": 0.00100708008
}