{
  "createdTimestamp": "132271837684096049",
  "avgAbsoluteError": 9.631754E-05,
  "avgSignedError": 9.631754E-05,
  "maxAbsoluteError": 0.0001355768
}