{
  "createdTimestamp": "132271837684096049",
  "avgAbsoluteError": 0.0002124963,
  "avgSignedError": 0.0002124963,
  "maxAbsoluteError": 0.000231293292
}