{
  "createdTimestamp": "132271837684096049",
  "avgAbsoluteError": 3.0612624E-05,
  "avgSignedError": -3.059692E-05,
  "maxAbsoluteError": 0.000213623047
}