{
  "createdTimestamp": "132271837684096049",
  "avgAbsoluteError": 8.292332E-05,
  "avgSignedError": 8.292332E-05,
  "maxAbsoluteError": 0.000153080546
}