{
  "createdTimestamp": "132271837684096049",
  "avgAbsoluteError": 2.81925932E-05,
  "avgSignedError": 2.80995828E-05,
  "maxAbsoluteError": 0.000244140625
}