{
  "createdTimestamp": "132271837684096049",
  "avgAbsoluteError": 0.00754400063,
  "avgSignedError": 0.00754309352,
  "maxAbsoluteError": 0.0241677761
}