{
  "createdTimestamp": "132271837684096049",
  "avgAbsoluteError": 0.000128394677,
  "avgSignedError": -0.000128220374,
  "maxAbsoluteError": 0.007293701
}