{
  "createdTimestamp": "132271837684096049",
  "avgAbsoluteError": 8.101453E-09,
  "avgSignedError": 8.101453E-09,
  "maxAbsoluteError": 4.195136E-05
}