{
  "createdTimestamp": "132271837684096049",
  "avgAbsoluteError": 2.07829666,
  "avgSignedError": 2.078069,
  "maxAbsoluteError": 2.25644255,
  "avgSettlingTime2Degrees": 82.55776
}