{
  "createdTimestamp": "132271837684096049",
  "avgAbsoluteError": 0.000150438878,
  "avgSignedError": 0.000150183114,
  "maxAbsoluteError": 0.0006713867
}