{
  "createdTimestamp": "132271837684096049",
  "avgAbsoluteError": 0.00166210253,
  "avgSignedError": -0.00166177913,
  "maxAbsoluteError": 0.00183105469
}