{
  "createdTimestamp": "132271837684096049",
  "avgAbsoluteError": 8.587633E-05,
  "avgSignedError": 8.587633E-05,
  "maxAbsoluteError": 0.000107247593
}