{
  "createdTimestamp": "132271837684096049",
  "avgAbsoluteError": 1.08967579E-05,
  "avgSignedError": -9.483172E-06,
  "maxAbsoluteError": 0.000213623047
}