{
  "createdTimestamp": "132271837684096049",
  "avgAbsoluteError": 3.712093E-05,
  "avgSignedError": -3.70861926E-05,
  "maxAbsoluteError": 9.11959E-05
}