{
  "createdTimestamp": "132271837684096049",
  "avgAbsoluteError": 36.3298378,
  "avgSignedError": 36.3298378,
  "maxAbsoluteError": 36.338623,
  "avgSettlingTime2Degrees": 82.55776
}