{
  "createdTimestamp": "132271837684096049",
  "avgAbsoluteError": 1.67318285,
  "avgSignedError": -1.67318225,
  "maxAbsoluteError": 1.67379761
}