{
  "createdTimestamp": "132271837684096049",
  "avgAbsoluteError": 0.002604899,
  "avgSignedError": 0.00250476645,
  "maxAbsoluteError": 0.155639648
}