{
  "createdTimestamp": "132271837684096049",
  "avgAbsoluteError": 0.0003056619,
  "avgSignedError": -0.000305642956,
  "maxAbsoluteError": 0.000335693359
}