{
  "createdTimestamp": "132271837684096049",
  "avgAbsoluteError": 3.6818732E-05,
  "avgSignedError": -3.6818732E-05,
  "maxAbsoluteError": 6.10351563E-05
}