{
  "createdTimestamp": "132271837684096049",
  "avgAbsoluteError": 0.000458114,
  "avgSignedError": 0.000458044233,
  "maxAbsoluteError": 0.238323212
}