{
  "createdTimestamp": "132271837684096049",
  "avgAbsoluteError": 0.00239286874,
  "avgSignedError": -0.00239260145,
  "maxAbsoluteError": 0.002532959
}