{
  "createdTimestamp": "132271837684096049",
  "avgAbsoluteError": 0.000331234885,
  "avgSignedError": -0.000328816735,
  "maxAbsoluteError": 0.00634765625
}