{
  "createdTimestamp": "132271837684096049",
  "avgAbsoluteError": 0.000254233339,
  "avgSignedError": 0.000254221726,
  "maxAbsoluteError": 0.000273459067
}