{
  "createdTimestamp": "132271837684096049",
  "avgAbsoluteError": 0.278936654,
  "avgSignedError": 0.2789365,
  "maxAbsoluteError": 0.279042274
}