{
  "createdTimestamp": "132271837684096049",
  "avgAbsoluteError": 0.000526303251,
  "avgSignedError": -0.0005240943,
  "maxAbsoluteError": 0.00579834
}