{
  "createdTimestamp": "132271837684096049",
  "avgAbsoluteError": 0.03805159,
  "avgSignedError": -0.03805159,
  "maxAbsoluteError": 0.03829956
}