{
  "createdTimestamp": "132271837684096049",
  "avgAbsoluteError": 5.58697457E-06,
  "avgSignedError": -4.027514E-06,
  "maxAbsoluteError": 0.000213623047
}