{
  "createdTimestamp": "132271837684096049",
  "avgAbsoluteError": 18.7374954,
  "avgSignedError": -18.7374954,
  "maxAbsoluteError": 18.74533,
  "avgSettlingTime10Degrees": 82.55776,
  "avgSettlingTime5Degrees": 82.55776,
  "avgSettlingTime2Degrees": 82.55776
}