{
  "createdTimestamp": "132271837684096049",
  "avgAbsoluteError": 5.36633052E-05,
  "avgSignedError": 5.36633052E-05,
  "maxAbsoluteError": 0.007507324
}