{
  "createdTimestamp": "132271837684096049",
  "avgAbsoluteError": 0.00043745304,
  "avgSignedError": -0.00043744233,
  "maxAbsoluteError": 0.000885009766
}