{
  "createdTimestamp": "132271837684096049",
  "avgAbsoluteError": 4.40235563E-05,
  "avgSignedError": 4.40235563E-05,
  "maxAbsoluteError": 0.000158736686
}