{
  "createdTimestamp": "132271837684096049",
  "avgAbsoluteError": 0.000302446017,
  "avgSignedError": 0.000302446017,
  "maxAbsoluteError": 0.000321821775
}