{
  "createdTimestamp": "132271837684096049",
  "avgAbsoluteError": 0.000163712539,
  "avgSignedError": 0.000162770855,
  "maxAbsoluteError": 0.00100708008
}