{
  "createdTimestamp": "132271837684096049",
  "avgAbsoluteError": 0.000397247815,
  "avgSignedError": -0.00039720902,
  "maxAbsoluteError": 0.0004272461
}