{
  "createdTimestamp": "132271837684096049",
  "avgAbsoluteError": 0.000471389416,
  "avgSignedError": 0.000471389416,
  "maxAbsoluteError": 0.000493071042
}