{
  "createdTimestamp": "132271837684096049",
  "avgAbsoluteError": 1.67462,
  "avgSignedError": -1.67462,
  "maxAbsoluteError": 1.675293
}