{
  "createdTimestamp": "132271837684096049",
  "avgAbsoluteError": 0.000484989,
  "avgSignedError": -0.000484911958,
  "maxAbsoluteError": 0.136016846
}