{
  "createdTimestamp": "132271837684096049",
  "avgAbsoluteError": 0.0041755545,
  "avgSignedError": -0.0041755545,
  "maxAbsoluteError": 0.19934082
}