{
  "createdTimestamp": "132271837684096049",
  "avgAbsoluteError": 0.000861560751,
  "avgSignedError": -0.0008567707,
  "maxAbsoluteError": 0.00631354749
}