{
  "createdTimestamp": "132271837684096049",
  "avgAbsoluteError": 0.00126826111,
  "avgSignedError": -0.00126782514,
  "maxAbsoluteError": 0.00134277344
}