{
  "createdTimestamp": "132271837684096049",
  "avgAbsoluteError": 0.0115101729,
  "avgSignedError": -0.0115101729,
  "maxAbsoluteError": 0.0115356445
}