{
  "createdTimestamp": "132271837684096049",
  "avgAbsoluteError": 0.000251412537,
  "avgSignedError": -0.000251412537,
  "maxAbsoluteError": 0.0002746582
}