{
  "createdTimestamp": "132271837684096049",
  "avgAbsoluteError": 0.000120130389,
  "avgSignedError": -0.000103351318,
  "maxAbsoluteError": 0.00482177734
}