{
  "createdTimestamp": "132271837684096049",
  "avgAbsoluteError": 0.003194258,
  "avgSignedError": 0.00319417682,
  "maxAbsoluteError": 0.00324622844
}