{
  "createdTimestamp": "132271837684096049",
  "avgAbsoluteError": 0.0003489925,
  "avgSignedError": 0.000346899818,
  "maxAbsoluteError": 0.005493164
}