{
  "createdTimestamp": "132271837684096049",
  "avgAbsoluteError": 0.000157934948,
  "avgSignedError": 0.000155912145,
  "maxAbsoluteError": 0.00531005859
}