{
  "createdTimestamp": "132271837684096049",
  "avgAbsoluteError": 9.17775251E-05,
  "avgSignedError": 9.170777E-05,
  "maxAbsoluteError": 0.000328164344
}