{
  "createdTimestamp": "132271837684096049",
  "avgAbsoluteError": 0.00052027154,
  "avgSignedError": 0.0005202599,
  "maxAbsoluteError": 0.0005375079
}