{
  "createdTimestamp": "132271837684096049",
  "avgAbsoluteError": 2.07851386,
  "avgSignedError": -2.07828474,
  "maxAbsoluteError": 2.25634766,
  "avgSettlingTime2Degrees": 82.55776
}