{
  "createdTimestamp": "132271837684096049",
  "avgAbsoluteError": 0.00726744533,
  "avgSignedError": 0.007266515,
  "maxAbsoluteError": 0.0238227844
}