{
  "createdTimestamp": "132271837684096049",
  "avgAbsoluteError": 4.29338725E-05,
  "avgSignedError": -4.29338725E-05,
  "maxAbsoluteError": 6.10351563E-05
}