{
  "createdTimestamp": "132271837684096049",
  "avgAbsoluteError": 0.000240217749,
  "avgSignedError": 0.000240194509,
  "maxAbsoluteError": 0.000260325352
}