{
  "createdTimestamp": "132271837684096049",
  "avgAbsoluteError": 0.278236061,
  "avgSignedError": -0.278235823,
  "maxAbsoluteError": 0.278381348
}