{
  "createdTimestamp": "132271837684096049",
  "avgAbsoluteError": 9.683775E-05,
  "avgSignedError": 9.683775E-05,
  "maxAbsoluteError": 0.000116219642
}