{
  "createdTimestamp": "132271837684096049",
  "avgAbsoluteError": 3.133122E-05,
  "avgSignedError": -3.122691E-05,
  "maxAbsoluteError": 0.004547119
}