{
  "createdTimestamp": "132271837684096049",
  "avgAbsoluteError": 0.00113432389,
  "avgSignedError": -0.00109199446,
  "maxAbsoluteError": 0.1111145
}