{
  "createdTimestamp": "132271837684096049",
  "avgAbsoluteError": 0.004173965,
  "avgSignedError": 0.004173965,
  "maxAbsoluteError": 0.200622559
}