{
  "createdTimestamp": "132271837684096049",
  "avgAbsoluteError": 0.0010345357,
  "avgSignedError": 0.001034059,
  "maxAbsoluteError": 0.0012512207
}