{
  "createdTimestamp": "132271837684096049",
  "avgAbsoluteError": 3.07356968E-05,
  "avgSignedError": -3.02878343E-05,
  "maxAbsoluteError": 0.000457763672
}