{
  "createdTimestamp": "132271837684096049",
  "avgAbsoluteError": 0.00020022814,
  "avgSignedError": 0.000198007692,
  "maxAbsoluteError": 0.00582885742
}