{
  "createdTimestamp": "132271837684096049",
  "avgAbsoluteError": 9.10130257E-05,
  "avgSignedError": 9.094327E-05,
  "maxAbsoluteError": 0.000312119024
}