{
  "createdTimestamp": "132271837684096049",
  "avgAbsoluteError": 0.000232250823,
  "avgSignedError": 0.0002322392,
  "maxAbsoluteError": 0.000687383639
}