{
  "createdTimestamp": "132271837684096049",
  "avgAbsoluteError": 0.0001844405,
  "avgSignedError": -0.000184362973,
  "maxAbsoluteError": 0.136047363
}