{
  "createdTimestamp": "132271837684096049",
  "avgAbsoluteError": 0.00134564587,
  "avgSignedError": -0.00134522561,
  "maxAbsoluteError": 0.00143432617
}