{
  "createdTimestamp": "132271837684096049",
  "avgAbsoluteError": 0.0004934146,
  "avgSignedError": 0.0004933913,
  "maxAbsoluteError": 0.0009740913
}