{
  "createdTimestamp": "132271837684096049",
  "avgAbsoluteError": 2.985958E-05,
  "avgSignedError": -2.982699E-05,
  "maxAbsoluteError": 8.55429753E-05
}