{
  "createdTimestamp": "132271837684096049",
  "avgAbsoluteError": 0.000859899155,
  "avgSignedError": 0.000160540876,
  "maxAbsoluteError": 0.203063965
}