{
  "createdTimestamp": "132271837684096049",
  "avgAbsoluteError": 0.000169222112,
  "avgSignedError": -0.000168738261,
  "maxAbsoluteError": 0.00127009873
}