{
  "createdTimestamp": "132271837684096049",
  "avgAbsoluteError": 7.92373539E-05,
  "avgSignedError": -7.919829E-05,
  "maxAbsoluteError": 0.000102546925
}