{
  "createdTimestamp": "132271837684096049",
  "avgAbsoluteError": 4.679137E-05,
  "avgSignedError": -4.659823E-05,
  "maxAbsoluteError": 0.000506995362
}