{
  "createdTimestamp": "132271837684096049",
  "avgAbsoluteError": 0.000133201233,
  "avgSignedError": 0.000133201233,
  "maxAbsoluteError": 0.000173583641
}