{
  "createdTimestamp": "132271837684096049",
  "avgAbsoluteError": 0.000168305385,
  "avgSignedError": -0.00016825991,
  "maxAbsoluteError": 0.000183105469
}