{
  "createdTimestamp": "132271837684096049",
  "avgAbsoluteError": 0.000114668968,
  "avgSignedError": 0.000114657349,
  "maxAbsoluteError": 0.000128044834
}