{
  "createdTimestamp": "132271837684096049",
  "avgAbsoluteError": 9.162884E-05,
  "avgSignedError": -9.15812561E-05,
  "maxAbsoluteError": 0.000124906743
}