{
  "createdTimestamp": "132271837684096049",
  "avgAbsoluteError": 8.39029963E-05,
  "avgSignedError": -8.39029963E-05,
  "maxAbsoluteError": 9.15527344E-05
}