{
  "createdTimestamp": "132271837684096049",
  "avgAbsoluteError": 0.000949221547,
  "avgSignedError": -0.0009449028,
  "maxAbsoluteError": 0.00590284169
}