{
  "createdTimestamp": "132271837684096049",
  "avgAbsoluteError": 0.0377275757,
  "avgSignedError": 0.0377275757,
  "maxAbsoluteError": 0.0379943848
}