{
  "createdTimestamp": "132271837684096049",
  "avgAbsoluteError": 0.1416299,
  "avgSignedError": 0.1416299,
  "maxAbsoluteError": 0.141693965
}