{
  "createdTimestamp": "132271837684096049",
  "avgAbsoluteError": 0.00047007206,
  "avgSignedError": 0.00047007206,
  "maxAbsoluteError": 0.00738525344
}