{
  "createdTimestamp": "132271837684096049",
  "avgAbsoluteError": 0.00200185715,
  "avgSignedError": 0.0020014504,
  "maxAbsoluteError": 0.002050982
}