{
  "createdTimestamp": "132271837684096049",
  "avgAbsoluteError": 0.0002873056,
  "avgSignedError": -0.0002872968,
  "maxAbsoluteError": 0.000305175781
}