{
  "createdTimestamp": "132271837684096049",
  "avgAbsoluteError": 0.0930785462,
  "avgSignedError": 0.0930785462,
  "maxAbsoluteError": 0.102890491
}