{
  "createdTimestamp": "132271837684096049",
  "avgAbsoluteError": 0.000282107852,
  "avgSignedError": 0.00028209624,
  "maxAbsoluteError": 0.0003021162
}