{
  "createdTimestamp": "132271837684096049",
  "avgAbsoluteError": 3.28990354E-05,
  "avgSignedError": -3.28561728E-05,
  "maxAbsoluteError": 0.00011251933
}