{
  "createdTimestamp": "132271837684096049",
  "avgAbsoluteError": 0.00021996467,
  "avgSignedError": 0.00021996467,
  "maxAbsoluteError": 0.00023834387
}