{
  "createdTimestamp": "132271837684096049",
  "avgAbsoluteError": 18.7375164,
  "avgSignedError": -18.7375164,
  "maxAbsoluteError": 18.7454529,
  "avgSettlingTime10Degrees": 82.55776,
  "avgSettlingTime5Degrees": 82.55776,
  "avgSettlingTime2Degrees": 82.55776
}