{
  "createdTimestamp": "132271837684096049",
  "avgAbsoluteError": 10.6786127,
  "avgSignedError": 10.6786118,
  "maxAbsoluteError": 10.6823463,
  "avgSettlingTime10Degrees": 82.55776,
  "avgSettlingTime5Degrees": 82.55776,
  "avgSettlingTime2Degrees": 82.55776
}