{
  "createdTimestamp": "132271837684096049",
  "avgAbsoluteError": 1.62063782E-06,
  "avgSignedError": 1.62063782E-06,
  "maxAbsoluteError": 4.415599E-05
}