{
  "createdTimestamp": "132271837684096049",
  "avgAbsoluteError": 0.0008140453,
  "avgSignedError": -0.0007000799,
  "maxAbsoluteError": 0.161590576
}