{
  "createdTimestamp": "132271837684096049",
  "avgAbsoluteError": 0.0003606855,
  "avgSignedError": -0.0003606338,
  "maxAbsoluteError": 0.000366210938
}