{
  "createdTimestamp": "132271837684096049",
  "avgAbsoluteError": 1.67330241,
  "avgSignedError": -1.6733017,
  "maxAbsoluteError": 1.67407227
}