{
  "createdTimestamp": "132271837684096049",
  "avgAbsoluteError": 0.0002601772,
  "avgSignedError": 0.0002601772,
  "maxAbsoluteError": 0.000277788728
}