{
  "createdTimestamp": "132271837684096049",
  "avgAbsoluteError": 0.00402884232,
  "avgSignedError": 0.00402884232,
  "maxAbsoluteError": 0.006225586
}