{
  "createdTimestamp": "132271837684096049",
  "avgAbsoluteError": 0.0004936912,
  "avgSignedError": 0.0004936912,
  "maxAbsoluteError": 0.000509836653
}