{
  "createdTimestamp": "132271837684096049",
  "avgAbsoluteError": 9.106695E-05,
  "avgSignedError": 9.105532E-05,
  "maxAbsoluteError": 0.000354004762
}