{
  "createdTimestamp": "132271837684096049",
  "avgAbsoluteError": 0.000430360524,
  "avgSignedError": -0.0004303282,
  "maxAbsoluteError": 0.09988403
}