{
  "createdTimestamp": "132271837684096049",
  "avgAbsoluteError": 6.976038E-05,
  "avgSignedError": -6.976017E-05,
  "maxAbsoluteError": 9.15527344E-05
}