{
  "createdTimestamp": "132271837684096049",
  "avgAbsoluteError": 0.0006285023,
  "avgSignedError": 0.0006284326,
  "maxAbsoluteError": 0.00108939258
}