{
  "createdTimestamp": "132271837684096049",
  "avgAbsoluteError": 0.000155349189,
  "avgSignedError": -0.000155348826,
  "maxAbsoluteError": 0.000183105469
}