{
  "createdTimestamp": "132271837684096049",
  "avgAbsoluteError": 0.001501525,
  "avgSignedError": 0.001501525,
  "maxAbsoluteError": 0.003664434
}