{
  "createdTimestamp": "132271837684096049",
  "avgAbsoluteError": 0.0004116211,
  "avgSignedError": -0.0004116211,
  "maxAbsoluteError": 0.234954834
}