{
  "createdTimestamp": "132271837684096049",
  "avgAbsoluteError": 0.679429,
  "avgSignedError": 0.679429,
  "maxAbsoluteError": 0.679706
}