{
  "createdTimestamp": "132271837684096049",
  "avgAbsoluteError": 2.43505547E-05,
  "avgSignedError": 2.424593E-05,
  "maxAbsoluteError": 0.0002746582
}