{
  "createdTimestamp": "132271837684096049",
  "avgAbsoluteError": 36.37564,
  "avgSignedError": -36.37564,
  "maxAbsoluteError": 36.3830261,
  "avgSettlingTime2Degrees": 82.55776
}