{
  "createdTimestamp": "132271837684096049",
  "avgAbsoluteError": 0.275407761,
  "avgSignedError": -0.275407732,
  "maxAbsoluteError": 0.2755432
}