{
  "createdTimestamp": "132271837684096049",
  "avgAbsoluteError": 0.0004582952,
  "avgSignedError": 0.0004576906,
  "maxAbsoluteError": 0.00158691406
}