{
  "createdTimestamp": "132271837684096049",
  "avgAbsoluteError": 0.0004021868,
  "avgSignedError": -0.0004021868,
  "maxAbsoluteError": 0.00604248047
}