{
  "createdTimestamp": "132271837684096049",
  "avgAbsoluteError": 0.000650658039,
  "avgSignedError": 0.00063637,
  "maxAbsoluteError": 0.4316101
}