{
  "createdTimestamp": "132271837684096049",
  "avgAbsoluteError": 0.00168359815,
  "avgSignedError": 0.00168359815,
  "maxAbsoluteError": 0.00170721568
}