{
  "createdTimestamp": "132271837684096049",
  "avgAbsoluteError": 0.0222582277,
  "avgSignedError": 0.0222582277,
  "maxAbsoluteError": 0.0238037109
}