{
  "createdTimestamp": "132271837684096049",
  "avgAbsoluteError": 0.00137103279,
  "avgSignedError": 0.00137103279,
  "maxAbsoluteError": 0.01373291
}