{
  "createdTimestamp": "132271837684096049",
  "avgAbsoluteError": 0.00204933574,
  "avgSignedError": 0.00204933574,
  "maxAbsoluteError": 0.00206806161
}