{
  "createdTimestamp": "132271837684096049",
  "avgAbsoluteError": 0.00144575,
  "avgSignedError": 0.00144575,
  "maxAbsoluteError": 0.01449585
}