{
  "createdTimestamp": "132271837684096049",
  "avgAbsoluteError": 0.009491094,
  "avgSignedError": 0.009489723,
  "maxAbsoluteError": 0.009552002
}