{
  "createdTimestamp": "132268423392580459",
  "avgAbsoluteError": 0.000234926425,
  "avgSignedError": 0.000233132509,
  "maxAbsoluteError": 0.00241088867
}