{
  "createdTimestamp": "132268423392580459",
  "avgAbsoluteError": 0.000886009831,
  "avgSignedError": -0.000886009831,
  "maxAbsoluteError": 0.00152587891
}