{
  "createdTimestamp": "132268423392580459",
  "avgAbsoluteError": 0.00207686075,
  "avgSignedError": 0.0020662006,
  "maxAbsoluteError": 0.00604248047
}