{
  "createdTimestamp": "132268423392580459",
  "avgAbsoluteError": 1.00381291,
  "avgSignedError": -0.2944533,
  "maxAbsoluteError": 36.3830261,
  "avgSettlingTime10Degrees": 38.93125,
  "avgSettlingTime5Degrees": 38.93125,
  "avgSettlingTime2Degrees": 34.0675964
}