{
  "createdTimestamp": "132268423392580459",
  "avgAbsoluteError": 0.000146112114,
  "avgSignedError": -0.000145619444,
  "maxAbsoluteError": 0.00286865234
}