{
  "createdTimestamp": "132268423392580459",
  "avgAbsoluteError": 0.000117039039,
  "avgSignedError": -0.000117039039,
  "maxAbsoluteError": 0.000335693359
}