{
  "createdTimestamp": "132268423392580459",
  "avgAbsoluteError": 3.87965E-05,
  "avgSignedError": -3.87965E-05,
  "maxAbsoluteError": 0.00109863281
}