{
  "createdTimestamp": "132268423392580459",
  "avgAbsoluteError": 3.41570048E-05,
  "avgSignedError": -3.41570048E-05,
  "maxAbsoluteError": 6.10351563E-05
}