{
  "createdTimestamp": "132268423392580459",
  "avgAbsoluteError": 7.548689E-06,
  "avgSignedError": -5.99864E-06,
  "maxAbsoluteError": 0.0008544922
}