{
  "createdTimestamp": "132268423392580459",
  "avgAbsoluteError": 36.31979,
  "avgSignedError": 36.31979,
  "maxAbsoluteError": 36.338623,
  "avgSettlingTime2Degrees": 38.93125
}