{
  "createdTimestamp": "132268423392580459",
  "avgAbsoluteError": 0.0379856639,
  "avgSignedError": -0.0379794128,
  "maxAbsoluteError": 0.03829956
}