{
  "createdTimestamp": "132268423392580459",
  "avgAbsoluteError": 6.98833765E-06,
  "avgSignedError": -5.28055034E-06,
  "maxAbsoluteError": 0.0008544922
}