{
  "createdTimestamp": "132268423392580459",
  "avgAbsoluteError": 0.000470227242,
  "avgSignedError": 0.000470227242,
  "maxAbsoluteError": 0.000488022779
}