{
  "createdTimestamp": "132268423392580459",
  "avgAbsoluteError": 0.000305449677,
  "avgSignedError": -0.000305417372,
  "maxAbsoluteError": 0.000335693359
}