{
  "createdTimestamp": "132268423392580459",
  "avgAbsoluteError": 0.00039683553,
  "avgSignedError": -0.000396765856,
  "maxAbsoluteError": 0.0004272461
}