{
  "createdTimestamp": "132268423392580459",
  "avgAbsoluteError": 0.00316583784,
  "avgSignedError": 0.00189572922,
  "maxAbsoluteError": 0.307678223
}