{
  "createdTimestamp": "132268423392580459",
  "avgAbsoluteError": 0.000234552819,
  "avgSignedError": -0.000234242543,
  "maxAbsoluteError": 0.05734253
}