{
  "createdTimestamp": "132268423392580459",
  "avgAbsoluteError": 3.246974E-05,
  "avgSignedError": -3.24419743E-05,
  "maxAbsoluteError": 0.0007019043
}