{
  "createdTimestamp": "132268423392580459",
  "avgAbsoluteError": 0.270460635,
  "avgSignedError": 0.270252824,
  "maxAbsoluteError": 0.3873291
}