{
  "createdTimestamp": "132268423392580459",
  "avgAbsoluteError": 0.000933974166,
  "avgSignedError": -0.000772700761,
  "maxAbsoluteError": 0.0405251533
}