{
  "createdTimestamp": "132268423392580459",
  "avgAbsoluteError": 0.0103096347,
  "avgSignedError": 0.0103096347,
  "maxAbsoluteError": 0.0290223248
}