{
  "createdTimestamp": "132268423392580459",
  "avgAbsoluteError": 0.00127824792,
  "avgSignedError": -0.00127751671,
  "maxAbsoluteError": 0.00189208984
}