{
  "createdTimestamp": "132268423392580459",
  "avgAbsoluteError": 1.25431961E-05,
  "avgSignedError": -1.11697773E-05,
  "maxAbsoluteError": 0.000915527344
}