{
  "createdTimestamp": "132268423392580459",
  "avgAbsoluteError": 0.009549073,
  "avgSignedError": -0.00100862782,
  "maxAbsoluteError": 0.025970459
}