{
  "createdTimestamp": "132268423392580459",
  "avgAbsoluteError": 0.0002541445,
  "avgSignedError": 0.000254123879,
  "maxAbsoluteError": 0.0002756193
}