{
  "createdTimestamp": "132268423392580459",
  "avgAbsoluteError": 0.191891313,
  "avgSignedError": -0.19189094,
  "maxAbsoluteError": 0.19821167
}