{
  "createdTimestamp": "132268423392580459",
  "avgAbsoluteError": 0.00034300136,
  "avgSignedError": -0.0002109961,
  "maxAbsoluteError": 0.215698242
}