{
  "createdTimestamp": "132268423392580459",
  "avgAbsoluteError": 0.000512135564,
  "avgSignedError": 0.000512114959,
  "maxAbsoluteError": 0.000534431543
}