{
  "createdTimestamp": "132268423392580459",
  "avgAbsoluteError": 0.00245582056,
  "avgSignedError": 0.00245573814,
  "maxAbsoluteError": 0.00793457
}