{
  "createdTimestamp": "132268423392580459",
  "avgAbsoluteError": 0.0004964717,
  "avgSignedError": -0.000492339,
  "maxAbsoluteError": 0.00598144531
}