{
  "createdTimestamp": "132268423392580459",
  "avgAbsoluteError": 4.42518067E-05,
  "avgSignedError": 4.42518067E-05,
  "maxAbsoluteError": 0.0001652956
}