{
  "createdTimestamp": "132268423392580459",
  "avgAbsoluteError": 10.6747093,
  "avgSignedError": -10.6747084,
  "maxAbsoluteError": 10.682251,
  "avgSettlingTime10Degrees": 38.93125,
  "avgSettlingTime5Degrees": 38.93125,
  "avgSettlingTime2Degrees": 38.93125
}