{
  "createdTimestamp": "132268423392580459",
  "avgAbsoluteError": 0.0007868398,
  "avgSignedError": 9.11001043E-05,
  "maxAbsoluteError": 0.421417236
}