{
  "createdTimestamp": "132268423392580459",
  "avgAbsoluteError": 5.63179565E-05,
  "avgSignedError": 5.39879E-05,
  "maxAbsoluteError": 0.007507324
}