{
  "createdTimestamp": "132268423392580459",
  "avgAbsoluteError": 0.000212092753,
  "avgSignedError": 0.000212092753,
  "maxAbsoluteError": 0.000228404431
}