{
  "createdTimestamp": "132268423392580459",
  "avgAbsoluteError": 0.00128345378,
  "avgSignedError": -0.00128268276,
  "maxAbsoluteError": 0.01727295
}