{
  "createdTimestamp": "132268423392580459",
  "avgAbsoluteError": 0.000149955173,
  "avgSignedError": 0.000149501517,
  "maxAbsoluteError": 0.0006713867
}