{
  "createdTimestamp": "132268423392580459",
  "avgAbsoluteError": 0.0005245597,
  "avgSignedError": -0.000520254951,
  "maxAbsoluteError": 0.00579834
}