{
  "createdTimestamp": "132268423392580459",
  "avgAbsoluteError": 0.000151060114,
  "avgSignedError": 0.000151060114,
  "maxAbsoluteError": 0.000165613659
}