{
  "createdTimestamp": "132268423392580459",
  "avgAbsoluteError": 8.291062E-05,
  "avgSignedError": 8.291062E-05,
  "maxAbsoluteError": 0.000158414565
}