{
  "createdTimestamp": "132268423392580459",
  "avgAbsoluteError": 0.000200156224,
  "avgSignedError": -0.0001998921,
  "maxAbsoluteError": 0.00170898438
}