{
  "createdTimestamp": "132268423392580459",
  "avgAbsoluteError": 0.000168555445,
  "avgSignedError": 0.000168555445,
  "maxAbsoluteError": 0.000187033555
}