{
  "createdTimestamp": "132268423392580459",
  "avgAbsoluteError": 2.080056,
  "avgSignedError": 2.079652,
  "maxAbsoluteError": 3.305337,
  "avgSettlingTime2Degrees": 38.93125
}