{
  "createdTimestamp": "132268423392580459",
  "avgAbsoluteError": 0.1754021,
  "avgSignedError": 0.1754021,
  "maxAbsoluteError": 0.6039939
}