{
  "createdTimestamp": "132268423392580459",
  "avgAbsoluteError": 0.00052685925,
  "avgSignedError": -0.000526822,
  "maxAbsoluteError": 0.001953125
}