{
  "createdTimestamp": "132268423392580459",
  "avgAbsoluteError": 8.585039E-05,
  "avgSignedError": 8.585039E-05,
  "maxAbsoluteError": 0.000107254724
}