{
  "createdTimestamp": "132268423392580459",
  "avgAbsoluteError": 0.214711487,
  "avgSignedError": -0.214691952,
  "maxAbsoluteError": 0.394836426
}