{
  "createdTimestamp": "132268423392580459",
  "avgAbsoluteError": 0.00166468008,
  "avgSignedError": -0.0016641072,
  "maxAbsoluteError": 0.00219726563
}