{
  "createdTimestamp": "132268423392580459",
  "avgAbsoluteError": 0.00239488715,
  "avgSignedError": -0.00239441358,
  "maxAbsoluteError": 0.00286865234
}