{
  "createdTimestamp": "132268423392580459",
  "avgAbsoluteError": 6.90188463E-05,
  "avgSignedError": 6.90188463E-05,
  "maxAbsoluteError": 8.590224E-05
}