{
  "createdTimestamp": "132268423392580459",
  "avgAbsoluteError": 0.0186080113,
  "avgSignedError": 0.008622493,
  "maxAbsoluteError": 0.375865072
}