{
  "createdTimestamp": "132268423392580459",
  "avgAbsoluteError": 0.23707816,
  "avgSignedError": 0.237070486,
  "maxAbsoluteError": 0.2484436
}