{
  "createdTimestamp": "132268423392580459",
  "avgAbsoluteError": 0.27884838,
  "avgSignedError": 0.278848052,
  "maxAbsoluteError": 0.279043376
}