{
  "createdTimestamp": "132268423392580459",
  "avgAbsoluteError": 9.63736456E-05,
  "avgSignedError": 9.63736456E-05,
  "maxAbsoluteError": 0.000142675955
}