{
  "createdTimestamp": "132268423392580459",
  "avgAbsoluteError": 0.00033011855,
  "avgSignedError": -0.000324978377,
  "maxAbsoluteError": 0.00634765625
}