{
  "createdTimestamp": "132268423392580459",
  "avgAbsoluteError": 0.0003033083,
  "avgSignedError": 0.00030328767,
  "maxAbsoluteError": 0.000324831
}