{
  "createdTimestamp": "132268423392580459",
  "avgAbsoluteError": 1.67414868,
  "avgSignedError": -1.67414868,
  "maxAbsoluteError": 1.67526245
}