{
  "createdTimestamp": "132268423392580459",
  "avgAbsoluteError": 0.00607375056,
  "avgSignedError": -0.00607375056,
  "maxAbsoluteError": 0.8267517
}