{
  "createdTimestamp": "132268423392580459",
  "avgAbsoluteError": 1.67268276,
  "avgSignedError": -1.67268193,
  "maxAbsoluteError": 1.67376709
}