{
  "createdTimestamp": "132268423392580459",
  "avgAbsoluteError": 5.818028E-05,
  "avgSignedError": 5.818028E-05,
  "maxAbsoluteError": 8.249651E-05
}