{
  "createdTimestamp": "132268423392580459",
  "avgAbsoluteError": 0.002847814,
  "avgSignedError": -0.002847694,
  "maxAbsoluteError": 0.00317382813
}