{
  "createdTimestamp": "132268423392580459",
  "avgAbsoluteError": 0.000249858684,
  "avgSignedError": 0.000249858684,
  "maxAbsoluteError": 0.0002661902
}