{
  "createdTimestamp": "132268423392580459",
  "avgAbsoluteError": 18.733139,
  "avgSignedError": -18.733139,
  "maxAbsoluteError": 18.7453,
  "avgSettlingTime10Degrees": 38.93125,
  "avgSettlingTime5Degrees": 38.93125,
  "avgSettlingTime2Degrees": 38.93125
}