{
  "createdTimestamp": "132268423392580459",
  "avgAbsoluteError": 0.000441782526,
  "avgSignedError": -0.0004417632,
  "maxAbsoluteError": 0.001953125
}