{
  "createdTimestamp": "132268423392580459",
  "avgAbsoluteError": 0.0524217971,
  "avgSignedError": -0.04967303,
  "maxAbsoluteError": 0.514636159
}