{
  "createdTimestamp": "132268423392580459",
  "avgAbsoluteError": 0.0005860889,
  "avgSignedError": -0.000585951,
  "maxAbsoluteError": 0.00204467773
}