{
  "createdTimestamp": "132268423392580459",
  "avgAbsoluteError": 0.2753388,
  "avgSignedError": 0.275338769,
  "maxAbsoluteError": 0.275538474
}