{
  "createdTimestamp": "132268423392580459",
  "avgAbsoluteError": 0.0007964572,
  "avgSignedError": -0.0003143826,
  "maxAbsoluteError": 0.0847168
}