{
  "createdTimestamp": "132268423392580459",
  "avgAbsoluteError": 0.09206769,
  "avgSignedError": -0.09206769,
  "maxAbsoluteError": 0.154052734
}