{
  "createdTimestamp": "132268423392580459",
  "avgAbsoluteError": 3.76728131E-05,
  "avgSignedError": -3.76107528E-05,
  "maxAbsoluteError": 9.185315E-05
}