{
  "createdTimestamp": "132268423392580459",
  "avgAbsoluteError": 0.00013065376,
  "avgSignedError": 0.00013063314,
  "maxAbsoluteError": 0.000148341758
}