{
  "createdTimestamp": "132268423392580459",
  "avgAbsoluteError": 0.00332590053,
  "avgSignedError": -0.00332590053,
  "maxAbsoluteError": 0.005554199
}