{
  "createdTimestamp": "132268423392580459",
  "avgAbsoluteError": 0.6919785,
  "avgSignedError": -0.6919785,
  "maxAbsoluteError": 0.7141113
}