{
  "createdTimestamp": "132268423392580459",
  "avgAbsoluteError": 0.000120036282,
  "avgSignedError": -0.000102865837,
  "maxAbsoluteError": 0.00482177734
}