{
  "createdTimestamp": "132268423392580459",
  "avgAbsoluteError": 0.000247213,
  "avgSignedError": -0.000247213,
  "maxAbsoluteError": 0.000305175781
}