{
  "createdTimestamp": "132268423392580459",
  "avgAbsoluteError": 0.0115043335,
  "avgSignedError": -0.0115043335,
  "maxAbsoluteError": 0.0115356445
}