{
  "createdTimestamp": "132268423392580459",
  "avgAbsoluteError": 0.013119271,
  "avgSignedError": -0.00678402465,
  "maxAbsoluteError": 0.0340576172
}