{
  "createdTimestamp": "132268423392580459",
  "avgAbsoluteError": 8.568635E-05,
  "avgSignedError": -8.568635E-05,
  "maxAbsoluteError": 9.15527344E-05
}