{
  "createdTimestamp": "132268423392580459",
  "avgAbsoluteError": 0.000109538938,
  "avgSignedError": -0.000109218483,
  "maxAbsoluteError": 0.000474259839
}