{
  "createdTimestamp": "132268423392580459",
  "avgAbsoluteError": 0.313256621,
  "avgSignedError": 0.313109636,
  "maxAbsoluteError": 0.463592529
}