{
  "createdTimestamp": "132268423392580459",
  "avgAbsoluteError": 0.006074272,
  "avgSignedError": 0.006074272,
  "maxAbsoluteError": 0.8272748
}