{
  "createdTimestamp": "132268423392580459",
  "avgAbsoluteError": 0.000167639577,
  "avgSignedError": -0.0001675589,
  "maxAbsoluteError": 0.000183105469
}