{
  "createdTimestamp": "132268423392580459",
  "avgAbsoluteError": 3.28353781E-05,
  "avgSignedError": -3.27567941E-05,
  "maxAbsoluteError": 0.000116307769
}