{
  "createdTimestamp": "132268423392580459",
  "avgAbsoluteError": 1.67415774,
  "avgSignedError": -1.67415774,
  "maxAbsoluteError": 1.675293
}