{
  "createdTimestamp": "132268423392580459",
  "avgAbsoluteError": 0.143517822,
  "avgSignedError": 0.143517822,
  "maxAbsoluteError": 0.1489382
}