{
  "createdTimestamp": "132268423392580459",
  "avgAbsoluteError": 0.01897814,
  "avgSignedError": -0.010853989,
  "maxAbsoluteError": 0.5338135
}