{
  "createdTimestamp": "132268423392580459",
  "avgAbsoluteError": 36.3647461,
  "avgSignedError": -36.3647461,
  "maxAbsoluteError": 36.3830261,
  "avgSettlingTime2Degrees": 0.02202
}