{
  "createdTimestamp": "132268423392580459",
  "avgAbsoluteError": 9.379689E-05,
  "avgSignedError": 9.377627E-05,
  "maxAbsoluteError": 0.0009972539
}