{
  "createdTimestamp": "132268423392580459",
  "avgAbsoluteError": 0.000132708243,
  "avgSignedError": 0.000132708243,
  "maxAbsoluteError": 0.000227302444
}