{
  "createdTimestamp": "132268423392580459",
  "avgAbsoluteError": 0.6890704,
  "avgSignedError": 0.6890704,
  "maxAbsoluteError": 0.708549142
}