{
  "createdTimestamp": "132268423392580459",
  "avgAbsoluteError": 0.00259533781,
  "avgSignedError": -0.00259526912,
  "maxAbsoluteError": 0.008605957
}