{
  "createdTimestamp": "132268423392580459",
  "avgAbsoluteError": 0.000488095684,
  "avgSignedError": -0.000488095684,
  "maxAbsoluteError": 0.05142212
}