{
  "createdTimestamp": "132268423392580459",
  "avgAbsoluteError": 0.000239544446,
  "avgSignedError": 0.000239523826,
  "maxAbsoluteError": 0.000257339852
}