{
  "createdTimestamp": "132268423392580459",
  "avgAbsoluteError": 0.0005342876,
  "avgSignedError": 0.0005342464,
  "maxAbsoluteError": 0.00189666648
}