{
  "createdTimestamp": "132268423392580459",
  "avgAbsoluteError": 9.417559E-05,
  "avgSignedError": 9.405186E-05,
  "maxAbsoluteError": 0.000912599557
}