{
  "createdTimestamp": "132268423392580459",
  "avgAbsoluteError": 0.00199936912,
  "avgSignedError": 0.00199864735,
  "maxAbsoluteError": 0.00212376984
}