{
  "createdTimestamp": "132268423392580459",
  "avgAbsoluteError": 0.00105614529,
  "avgSignedError": 0.000299783656,
  "maxAbsoluteError": 0.4316101
}