{
  "createdTimestamp": "132268423392580459",
  "avgAbsoluteError": 0.147148281,
  "avgSignedError": 0.147148281,
  "maxAbsoluteError": 0.5673623
}