{
  "createdTimestamp": "132268423392580459",
  "avgAbsoluteError": 0.0500127524,
  "avgSignedError": 0.0473099872,
  "maxAbsoluteError": 0.5123291
}