{
  "createdTimestamp": "132268423392580459",
  "avgAbsoluteError": 0.000116901472,
  "avgSignedError": -0.0001163518,
  "maxAbsoluteError": 0.0008135043
}