{
  "createdTimestamp": "132268423392580459",
  "avgAbsoluteError": 4.67636E-05,
  "avgSignedError": -4.64181139E-05,
  "maxAbsoluteError": 0.0005113192
}