{
  "createdTimestamp": "132268423392580459",
  "avgAbsoluteError": 18.7331772,
  "avgSignedError": -18.7331772,
  "maxAbsoluteError": 18.7454529,
  "avgSettlingTime10Degrees": 38.93125,
  "avgSettlingTime5Degrees": 38.93125,
  "avgSettlingTime2Degrees": 38.93125
}