{
  "createdTimestamp": "132268423392580459",
  "avgAbsoluteError": 0.009987703,
  "avgSignedError": -0.009987703,
  "maxAbsoluteError": 0.0297241211
}