{
  "createdTimestamp": "132268423392580459",
  "avgAbsoluteError": 0.00123990036,
  "avgSignedError": -0.001164823,
  "maxAbsoluteError": 0.1111145
}