{
  "createdTimestamp": "132268423392580459",
  "avgAbsoluteError": 0.0002865215,
  "avgSignedError": -0.0002865079,
  "maxAbsoluteError": 0.000305175781
}