{
  "createdTimestamp": "132268423392580459",
  "avgAbsoluteError": 9.628446E-05,
  "avgSignedError": 9.628446E-05,
  "maxAbsoluteError": 0.000114337905
}