{
  "createdTimestamp": "132268423392580459",
  "avgAbsoluteError": 0.0009496709,
  "avgSignedError": 0.000948743,
  "maxAbsoluteError": 0.001373291
}