{
  "createdTimestamp": "132268423392580459",
  "avgAbsoluteError": 0.000282849,
  "avgSignedError": 0.000282828376,
  "maxAbsoluteError": 0.000299566163
}