{
  "createdTimestamp": "132268423392580459",
  "avgAbsoluteError": 0.00140065,
  "avgSignedError": -9.815487E-05,
  "maxAbsoluteError": 0.3061744
}