{
  "createdTimestamp": "132268423392580459",
  "avgAbsoluteError": 0.09317994,
  "avgSignedError": 0.09317994,
  "maxAbsoluteError": 0.152762726
}