{
  "createdTimestamp": "132268423392580459",
  "avgAbsoluteError": 0.000354703778,
  "avgSignedError": -0.0003546031,
  "maxAbsoluteError": 0.000366210938
}