{
  "createdTimestamp": "132268423392580459",
  "avgAbsoluteError": 0.000493631756,
  "avgSignedError": 0.000493631756,
  "maxAbsoluteError": 0.0005096216
}