{
  "createdTimestamp": "132268423392580459",
  "avgAbsoluteError": 9.156032E-05,
  "avgSignedError": -9.14832854E-05,
  "maxAbsoluteError": 0.000122070313
}