{
  "createdTimestamp": "132268423392580459",
  "avgAbsoluteError": 0.000257139152,
  "avgSignedError": 0.000257139152,
  "maxAbsoluteError": 0.0002764564
}