{
  "createdTimestamp": "132268423392580459",
  "avgAbsoluteError": 0.000158864976,
  "avgSignedError": 0.0001551534,
  "maxAbsoluteError": 0.00531005859
}