{
  "createdTimestamp": "132268423392580459",
  "avgAbsoluteError": 1.67289579,
  "avgSignedError": -1.67289484,
  "maxAbsoluteError": 1.67407227
}