{
  "createdTimestamp": "132268423392580459",
  "avgAbsoluteError": 0.0031902804,
  "avgSignedError": 0.003190136,
  "maxAbsoluteError": 0.00324419886
}