{
  "createdTimestamp": "132268423392580459",
  "avgAbsoluteError": 0.00011543357,
  "avgSignedError": 0.00011541295,
  "maxAbsoluteError": 0.0001324588
}