{
  "createdTimestamp": "132268423392580459",
  "avgAbsoluteError": 0.00136492169,
  "avgSignedError": -0.00136417453,
  "maxAbsoluteError": 0.020324707
}