{
  "createdTimestamp": "132268423392580459",
  "avgAbsoluteError": 0.000205741642,
  "avgSignedError": 0.000202030045,
  "maxAbsoluteError": 0.00531005859
}