{
  "createdTimestamp": "132268423392580459",
  "avgAbsoluteError": 3.48367139E-05,
  "avgSignedError": -2.58272848E-05,
  "maxAbsoluteError": 0.00152088969
}