{
  "createdTimestamp": "132268423392580459",
  "avgAbsoluteError": 0.275326431,
  "avgSignedError": -0.275326371,
  "maxAbsoluteError": 0.2755432
}