{
  "createdTimestamp": "132268423392580459",
  "avgAbsoluteError": 0.278161943,
  "avgSignedError": -0.2781616,
  "maxAbsoluteError": 0.278381348
}