{
  "createdTimestamp": "132268423392580459",
  "avgAbsoluteError": 0.000300163985,
  "avgSignedError": 0.00029601928,
  "maxAbsoluteError": 0.006134033
}