{
  "createdTimestamp": "132268423392580459",
  "avgAbsoluteError": 0.0003104523,
  "avgSignedError": 0.000309380033,
  "maxAbsoluteError": 0.00158691406
}