{
  "createdTimestamp": "132268423392580459",
  "avgAbsoluteError": 3.07551782E-05,
  "avgSignedError": -3.06923757E-05,
  "maxAbsoluteError": 9.29441E-05
}