{
  "createdTimestamp": "132268423392580459",
  "avgAbsoluteError": 0.0005190566,
  "avgSignedError": 0.000519015361,
  "maxAbsoluteError": 0.0005379302
}