{
  "createdTimestamp": "132268423392580459",
  "avgAbsoluteError": 0.0006630714,
  "avgSignedError": 0.0006630714,
  "maxAbsoluteError": 0.000787032768
}