{
  "createdTimestamp": "132268423392580459",
  "avgAbsoluteError": 0.239870057,
  "avgSignedError": 0.239870057,
  "maxAbsoluteError": 0.247131348
}