{
  "createdTimestamp": "132268423392580459",
  "avgAbsoluteError": 0.000155299422,
  "avgSignedError": -0.000155299422,
  "maxAbsoluteError": 0.000183105469
}