{
  "createdTimestamp": "132268423392580459",
  "avgAbsoluteError": 3.436461E-05,
  "avgSignedError": -2.92068053E-05,
  "maxAbsoluteError": 0.004547119
}