{
  "createdTimestamp": "132268423392580459",
  "avgAbsoluteError": 0.0040246835,
  "avgSignedError": 0.0040246835,
  "maxAbsoluteError": 0.006225586
}