{
  "createdTimestamp": "132268423392580459",
  "avgAbsoluteError": 2.080304,
  "avgSignedError": -2.07989764,
  "maxAbsoluteError": 3.3039856,
  "avgSettlingTime2Degrees": 38.93125
}