{
  "createdTimestamp": "132268423392580459",
  "avgAbsoluteError": 0.0002195612,
  "avgSignedError": 0.0002195612,
  "maxAbsoluteError": 0.000237331173
}