{
  "createdTimestamp": "132268423392580459",
  "avgAbsoluteError": 10.6747313,
  "avgSignedError": 10.67473,
  "maxAbsoluteError": 10.6823387,
  "avgSettlingTime10Degrees": 38.93125,
  "avgSettlingTime5Degrees": 38.93125,
  "avgSettlingTime2Degrees": 38.93125
}