{
  "createdTimestamp": "132268423392580459",
  "avgAbsoluteError": 0.03766537,
  "avgSignedError": 0.0376571454,
  "maxAbsoluteError": 0.0379943848
}