{
  "createdTimestamp": "132268423392580459",
  "avgAbsoluteError": 0.214679,
  "avgSignedError": -0.214658335,
  "maxAbsoluteError": 0.398223877
}