{
  "createdTimestamp": "132268423392580459",
  "avgAbsoluteError": 0.004633041,
  "avgSignedError": 0.004633041,
  "maxAbsoluteError": 0.09593892
}