{
  "createdTimestamp": "132268423392580459",
  "avgAbsoluteError": 0.00101669191,
  "avgSignedError": -0.0008660571,
  "maxAbsoluteError": 0.03783399
}