{
  "createdTimestamp": "132268423392580459",
  "avgAbsoluteError": 9.361659E-05,
  "avgSignedError": 9.349287E-05,
  "maxAbsoluteError": 0.000905012654
}