{
  "createdTimestamp": "132268423392580459",
  "avgAbsoluteError": 7.906352E-05,
  "avgSignedError": -7.898867E-05,
  "maxAbsoluteError": 0.000110768895
}