{
  "createdTimestamp": "132268423392580459",
  "avgAbsoluteError": 0.000633401971,
  "avgSignedError": 0.0006332782,
  "maxAbsoluteError": 0.00208908529
}