{
  "createdTimestamp": "132268423392580459",
  "avgAbsoluteError": 0.0222524647,
  "avgSignedError": 0.0222524647,
  "maxAbsoluteError": 0.0238952637
}