{
  "createdTimestamp": "132268423392580459",
  "avgAbsoluteError": 0.0013711974,
  "avgSignedError": 0.0013711974,
  "maxAbsoluteError": 0.01373291
}