{
  "createdTimestamp": "132268423392580459",
  "avgAbsoluteError": 0.00166041451,
  "avgSignedError": 0.00166041451,
  "maxAbsoluteError": 0.00168607943
}