{
  "createdTimestamp": "132268423392580459",
  "avgAbsoluteError": 0.002017406,
  "avgSignedError": 0.002017406,
  "maxAbsoluteError": 0.002038405
}