{
  "createdTimestamp": "132268423392580459",
  "avgAbsoluteError": 0.00144519086,
  "avgSignedError": 0.00144519086,
  "maxAbsoluteError": 0.01449585
}