{
  "createdTimestamp": "132268423392580459",
  "avgAbsoluteError": 0.009475644,
  "avgSignedError": 0.00947321,
  "maxAbsoluteError": 0.009552002
}