{
  "createdTimestamp": "132266625328312317",
  "avgAbsoluteError": 5.23730469,
  "avgSignedError": -3.72422814,
  "maxAbsoluteError": 175.301376,
  "avgSettlingTime2Degrees": 0.2282052
}