{
  "createdTimestamp": "132266625328312317",
  "avgAbsoluteError": 3.02895713,
  "avgSignedError": 1.22178638,
  "maxAbsoluteError": 44.502655
}