{
  "createdTimestamp": "132266625328312317",
  "avgAbsoluteError": 1.66549706,
  "avgSignedError": 0.6513771,
  "maxAbsoluteError": 176.686157,
  "avgSettlingTime2Degrees": 0.2842558
}