{
  "createdTimestamp": "132266625328312317",
  "avgAbsoluteError": 4.599193,
  "avgSignedError": -0.5862674,
  "maxAbsoluteError": 28.30774,
  "avgSettlingTime10Degrees": 0.0520467,
  "avgSettlingTime5Degrees": 0.1321187,
  "avgSettlingTime2Degrees": 0.2282052,
  "avg10PercentResponseTime": 0.0,
  "avg50PercentResponseTime": 0.0810727
}