{
  "createdTimestamp": "132266625328312317",
  "avgAbsoluteError": 3.92005658,
  "avgSignedError": 0.09263772,
  "maxAbsoluteError": 23.8324585,
  "avgSettlingTime10Degrees": 0.1451305,
  "avgSettlingTime5Degrees": 0.2282052,
  "avgSettlingTime2Degrees": 0.3112801,
  "avg10PercentResponseTime": 0.0,
  "avg50PercentResponseTime": 0.041037
}