{
  "createdTimestamp": "132266625328312317",
  "avgAbsoluteError": 2.38936615,
  "avgSignedError": 0.0427111574,
  "maxAbsoluteError": 17.7993774,
  "avgSettlingTime2Degrees": 0.0810727
}