{
  "createdTimestamp": "132266625328312317",
  "avgAbsoluteError": 14.289196,
  "avgSignedError": 8.546306,
  "maxAbsoluteError": 83.0300446,
  "avgSettlingTime10Degrees": 0.0810727,
  "avgSettlingTime5Degrees": 0.1451305,
  "avgSettlingTime2Degrees": 0.2282052,
  "avg10PercentResponseTime": 0.0,
  "avg50PercentResponseTime": 0.041037
}