{
  "createdTimestamp": "132266625328312317",
  "avgAbsoluteError": 2.860988,
  "avgSignedError": 1.31025469,
  "maxAbsoluteError": 14.9110069,
  "avgSettlingTime10Degrees": 0.0120105,
  "avgSettlingTime5Degrees": 0.0650592,
  "avgSettlingTime2Degrees": 0.1711539,
  "avg10PercentResponseTime": 0.0,
  "avg50PercentResponseTime": 0.0650592
}