{
  "createdTimestamp": "132266625328312317",
  "avgAbsoluteError": 4.96547031,
  "avgSignedError": -1.5310365,
  "maxAbsoluteError": 53.7045
}