{
  "createdTimestamp": "132266625328312317",
  "avgAbsoluteError": 23.1490726,
  "avgSignedError": 22.0605431,
  "maxAbsoluteError": 45.4158745,
  "avgSettlingTime10Degrees": 0.7249159,
  "avgSettlingTime5Degrees": 0.7249159,
  "avgSettlingTime2Degrees": 0.7249159
}