{
  "createdTimestamp": "132266625328312317",
  "avgAbsoluteError": 14.721817,
  "avgSignedError": 1.34509826,
  "maxAbsoluteError": 177.84996
}