{
  "createdTimestamp": "132266625328312317",
  "avgAbsoluteError": 0.0191471,
  "avgSignedError": 0.005337982,
  "maxAbsoluteError": 0.591946065
}