{
  "createdTimestamp": "132266625328312317",
  "avgAbsoluteError": 6.18365574,
  "avgSignedError": 0.0452271,
  "maxAbsoluteError": 45.8616028,
  "avgSettlingTime10Degrees": 0.1711539,
  "avgSettlingTime5Degrees": 0.2712441,
  "avgSettlingTime2Degrees": 0.381343,
  "avg10PercentResponseTime": 0.0,
  "avg50PercentResponseTime": 0.0810727
}