{
  "createdTimestamp": "132266625328312317",
  "avgAbsoluteError": 9.285441,
  "avgSignedError": 2.34666824,
  "maxAbsoluteError": 43.18329,
  "maxOvershoot": 0.0151901245,
  "avgSettlingTime10Degrees": 0.1050944,
  "avgSettlingTime5Degrees": 0.1711539,
  "avgSettlingTime2Degrees": 0.2402163,
  "avg10PercentResponseTime": 0.0,
  "avg50PercentResponseTime": 0.041037,
  "avgCompleteResponseTime": 0.5244722
}