{
  "createdTimestamp": "132266625328312317",
  "avgAbsoluteError": 2.44359064,
  "avgSignedError": 1.60260177,
  "maxAbsoluteError": 24.2250977
}