{
  "createdTimestamp": "132266625328312317",
  "avgAbsoluteError": 3.07432437,
  "avgSignedError": 0.932422757,
  "maxAbsoluteError": 19.5784988
}