{
  "createdTimestamp": "132266625328312317",
  "avgAbsoluteError": 6.84614038,
  "avgSignedError": 1.81653714,
  "maxAbsoluteError": 64.70711
}