{
  "createdTimestamp": "132266625328312317",
  "avgAbsoluteError": 8.062059,
  "avgSignedError": 2.751252,
  "maxAbsoluteError": 36.87848,
  "maxOvershoot": 0.06159973,
  "avgSettlingTime10Degrees": 0.0810727,
  "avgSettlingTime5Degrees": 0.1321187,
  "avgSettlingTime2Degrees": 0.1841659,
  "avg10PercentResponseTime": 0.0,
  "avg50PercentResponseTime": 0.041037,
  "avgCompleteResponseTime": 0.365329
}