{
  "createdTimestamp": "132266625328312317",
  "avgAbsoluteError": 7.529994,
  "avgSignedError": 0.8283214,
  "maxAbsoluteError": 37.5039368,
  "maxOvershoot": 0.05911255,
  "avgSettlingTime10Degrees": 0.0810727,
  "avgSettlingTime5Degrees": 0.1451305,
  "avgSettlingTime2Degrees": 0.134621248,
  "avg10PercentResponseTime": 0.0,
  "avg50PercentResponseTime": 0.041037,
  "avgCompleteResponseTime": 0.3963567
}