{
  "createdTimestamp": "132266625328312317",
  "avgAbsoluteError": 0.0173445288,
  "avgSignedError": 0.0006268888,
  "maxAbsoluteError": 0.259098947
}