{
  "createdTimestamp": "132266625328312317",
  "avgAbsoluteError": 6.7241416,
  "avgSignedError": -1.09005344,
  "maxAbsoluteError": 39.007843,
  "maxOvershoot": 19.1698875,
  "avgSettlingTime10Degrees": 0.1321187,
  "avgSettlingTime5Degrees": 0.1841659,
  "avgSettlingTime2Degrees": 0.2402163,
  "avgCompleteResponseTime": 0.0250226
}