{
  "createdTimestamp": "132266625328312317",
  "avgAbsoluteError": 0.0203051623,
  "avgSignedError": 0.00430863257,
  "maxAbsoluteError": 0.642156065
}