{
  "createdTimestamp": "132266625328312317",
  "avgAbsoluteError": 0.0176437143,
  "avgSignedError": -0.001691002,
  "maxAbsoluteError": 0.24118042
}