{
  "createdTimestamp": "132266625328312317",
  "avgAbsoluteError": 9.28420448,
  "avgSignedError": -0.346265733,
  "maxAbsoluteError": 179.902435
}