{
  "createdTimestamp": "132266625328312317",
  "avgAbsoluteError": 3.950402,
  "avgSignedError": 2.99319673,
  "maxAbsoluteError": 10.2186728,
  "avgSettlingTime2Degrees": 0.7249159
}