{
  "createdTimestamp": "132266625328312317",
  "avgAbsoluteError": 2.589894,
  "avgSignedError": 1.807073,
  "maxAbsoluteError": 25.0224266
}