{
  "createdTimestamp": "132266625328312317",
  "avgAbsoluteError": 12.8598223,
  "avgSignedError": 6.996665,
  "maxAbsoluteError": 89.9849854,
  "avgSettlingTime10Degrees": 0.0810727,
  "avgSettlingTime5Degrees": 0.1451305,
  "avgSettlingTime2Degrees": 0.2282052,
  "avg10PercentResponseTime": 0.0,
  "avg50PercentResponseTime": 0.0250226
}