{
  "createdTimestamp": "132266625328312317",
  "avgAbsoluteError": 1.83901453,
  "avgSignedError": 1.64280391,
  "maxAbsoluteError": 27.0513535
}