{
  "createdTimestamp": "132266625328312317",
  "avgAbsoluteError": 0.0240518525,
  "avgSignedError": 0.00619676476,
  "maxAbsoluteError": 0.383999228
}