{
  "createdTimestamp": "132266625328312317",
  "avgAbsoluteError": 3.59632421,
  "avgSignedError": -1.70859325,
  "maxAbsoluteError": 33.131958,
  "avgSettlingTime5Degrees": 0.7249159,
  "avgSettlingTime2Degrees": 0.7249159,
  "avg10PercentResponseTime": 0.0,
  "avg50PercentResponseTime": 0.0
}