{
  "createdTimestamp": "132266625328312317",
  "avgAbsoluteError": 0.0278821588,
  "avgSignedError": 0.000199356975,
  "maxAbsoluteError": 0.3171827
}