{
  "createdTimestamp": "132266625328312317",
  "avgAbsoluteError": 7.373331,
  "avgSignedError": -1.24944055,
  "maxAbsoluteError": 81.83538,
  "avgSettlingTime10Degrees": 0.1711539,
  "avgSettlingTime5Degrees": 0.2061855,
  "avgSettlingTime2Degrees": 0.2712441,
  "avg10PercentResponseTime": 0.0950855,
  "avg50PercentResponseTime": 0.1601442
}