{
  "createdTimestamp": "132266625328312317",
  "avgAbsoluteError": 7.70193052,
  "avgSignedError": -0.05802361,
  "maxAbsoluteError": 48.9049377,
  "avgSettlingTime10Degrees": 0.1451305,
  "avgSettlingTime5Degrees": 0.1841659,
  "avgSettlingTime2Degrees": 0.2402163,
  "avg10PercentResponseTime": 0.041037,
  "avg50PercentResponseTime": 0.0810727
}