{
  "createdTimestamp": "132266625328312317",
  "avgAbsoluteError": 9.682889,
  "avgSignedError": -0.836318731,
  "maxAbsoluteError": 178.772491
}