{
  "createdTimestamp": "132266625328312317",
  "avgAbsoluteError": 4.78734255,
  "avgSignedError": -2.64198947,
  "maxAbsoluteError": 40.8432,
  "maxOvershoot": 0.0123889446,
  "avgSettlingTime10Degrees": 0.0650592,
  "avgSettlingTime5Degrees": 0.1321187,
  "avgSettlingTime2Degrees": 0.2061855,
  "avg10PercentResponseTime": 0.0,
  "avg50PercentResponseTime": 0.0,
  "avgCompleteResponseTime": 0.4183772
}