{
  "createdTimestamp": "132266625328312317",
  "avgAbsoluteError": 1.645893,
  "avgSignedError": 0.387345165,
  "maxAbsoluteError": 12.8919373
}