{
  "createdTimestamp": "132266625328312317",
  "avgAbsoluteError": 14.9573336,
  "avgSignedError": 9.647928,
  "maxAbsoluteError": 65.72052,
  "avgSettlingTime10Degrees": 0.0810727,
  "avgSettlingTime5Degrees": 0.1321187,
  "avgSettlingTime2Degrees": 0.2061855,
  "avg10PercentResponseTime": 0.0,
  "avg50PercentResponseTime": 0.0250226
}