{
  "createdTimestamp": "132266625328312317",
  "avgAbsoluteError": 17.5328045,
  "avgSignedError": -2.113081,
  "maxAbsoluteError": 178.137665
}