{
  "createdTimestamp": "132266625328312317",
  "avgAbsoluteError": 1.73000324,
  "avgSignedError": 0.7977789,
  "maxAbsoluteError": 10.7376842
}