{
  "createdTimestamp": "132266625328312317",
  "avgAbsoluteError": 15.4050579,
  "avgSignedError": 10.8589773,
  "maxAbsoluteError": 65.73357,
  "avgSettlingTime10Degrees": 0.1321187,
  "avgSettlingTime5Degrees": 0.2061855,
  "avgSettlingTime2Degrees": 0.3112801,
  "avg10PercentResponseTime": 0.0,
  "avg50PercentResponseTime": 0.041037
}