{
  "createdTimestamp": "132266625328312317",
  "avgAbsoluteError": 0.0341591425,
  "avgSignedError": -0.005628586,
  "maxAbsoluteError": 0.297674954
}