{
  "createdTimestamp": "132266625328312317",
  "avgAbsoluteError": 4.674361,
  "avgSignedError": 0.8939734,
  "maxAbsoluteError": 43.5206,
  "maxOvershoot": 0.08953667,
  "avgSettlingTime10Degrees": 0.1841659,
  "avgSettlingTime5Degrees": 0.2061855,
  "avgSettlingTime2Degrees": 0.2402163,
  "avg10PercentResponseTime": 0.0,
  "avg50PercentResponseTime": 0.0250226,
  "avgCompleteResponseTime": 0.3403058
}