{
  "createdTimestamp": "132266625328312317",
  "avgAbsoluteError": 0.0158292316,
  "avgSignedError": 0.00124571577,
  "maxAbsoluteError": 1.26507568
}