{
  "createdTimestamp": "132266625328312317",
  "avgAbsoluteError": 2.846587,
  "avgSignedError": -0.7907501,
  "maxAbsoluteError": 49.4908447,
  "avgSettlingTime10Degrees": 0.0810727,
  "avgSettlingTime5Degrees": 0.1321187,
  "avgSettlingTime2Degrees": 0.1841659,
  "avg10PercentResponseTime": 0.0,
  "avg50PercentResponseTime": 0.041037
}