{
  "createdTimestamp": "132266625328312317",
  "avgAbsoluteError": 9.351282,
  "avgSignedError": 0.3645054,
  "maxAbsoluteError": 54.1434822
}