{
  "createdTimestamp": "132266625328312317",
  "avgAbsoluteError": 5.719422,
  "avgSignedError": -0.407567531,
  "maxAbsoluteError": 52.3752441
}