{
  "createdTimestamp": "132266625328312317",
  "avgAbsoluteError": 10.934494,
  "avgSignedError": 0.150640368,
  "maxAbsoluteError": 52.9841156,
  "avgSettlingTime10Degrees": 0.3112801,
  "avgSettlingTime5Degrees": 0.5114608,
  "avgSettlingTime2Degrees": 0.7249159,
  "avg10PercentResponseTime": 0.0,
  "avg50PercentResponseTime": 0.1451305
}