{
  "createdTimestamp": "132266625328312317",
  "avgAbsoluteError": 0.0283845253,
  "avgSignedError": 0.00011296921,
  "maxAbsoluteError": 0.300610036
}