{
  "createdTimestamp": "132266625328312317",
  "avgAbsoluteError": 7.21902275,
  "avgSignedError": -0.125468343,
  "maxAbsoluteError": 40.0563354,
  "avgSettlingTime10Degrees": 0.1451305,
  "avgSettlingTime5Degrees": 0.2402163,
  "avgSettlingTime2Degrees": 0.381343,
  "avg10PercentResponseTime": 0.0,
  "avg50PercentResponseTime": 0.0950855
}