{
  "createdTimestamp": "132266625328312317",
  "avgAbsoluteError": 4.39399529,
  "avgSignedError": -0.768425,
  "maxAbsoluteError": 60.9951172
}