{
  "createdTimestamp": "132266625328312317",
  "avgAbsoluteError": 0.0282707345,
  "avgSignedError": -0.00123128132,
  "maxAbsoluteError": 0.263515979
}