{
  "createdTimestamp": "132266625328312317",
  "avgAbsoluteError": 0.02756433,
  "avgSignedError": 0.00383282453,
  "maxAbsoluteError": 0.2870302
}