{
  "createdTimestamp": "132266625328312317",
  "avgAbsoluteError": 0.01744386,
  "avgSignedError": 0.00338153122,
  "maxAbsoluteError": 0.491317064
}