{
  "createdTimestamp": "132266625328312317",
  "avgAbsoluteError": 0.0171576552,
  "avgSignedError": 0.00643721176,
  "maxAbsoluteError": 0.564577937
}