{
  "createdTimestamp": "132266625328312317",
  "avgAbsoluteError": 6.89085245,
  "avgSignedError": 0.203391954,
  "maxAbsoluteError": 39.09555
}