{
  "createdTimestamp": "132266625328312317",
  "avgAbsoluteError": 0.03179099,
  "avgSignedError": 0.003768278,
  "maxAbsoluteError": 0.414299071
}