{
  "createdTimestamp": "132266625328312317",
  "avgAbsoluteError": 0.0193049759,
  "avgSignedError": -0.000408157939,
  "maxAbsoluteError": 0.292208225
}