{
  "createdTimestamp": "132266625328312317",
  "avgAbsoluteError": 1.43109155,
  "avgSignedError": -0.52549845,
  "maxAbsoluteError": 21.39389
}