{
  "createdTimestamp": "132266625328312317",
  "avgAbsoluteError": 0.0240299,
  "avgSignedError": 0.00256626215,
  "maxAbsoluteError": 1.19631958
}