{
  "createdTimestamp": "132266625328312317",
  "avgAbsoluteError": 3.434891,
  "avgSignedError": 0.0236855224,
  "maxAbsoluteError": 27.8319664
}