{
  "createdTimestamp": "132266625328312317",
  "avgAbsoluteError": 7.93732643,
  "avgSignedError": -1.47474372,
  "maxAbsoluteError": 49.5458374
}