{
  "createdTimestamp": "132266625328312317",
  "avgAbsoluteError": 1.907138,
  "avgSignedError": -0.812322259,
  "maxAbsoluteError": 23.1135864
}