{
  "createdTimestamp": "132266625328312317",
  "avgAbsoluteError": 0.0272263661,
  "avgSignedError": -0.00630488154,
  "maxAbsoluteError": 0.209655762
}