{
  "createdTimestamp": "132266625328312317",
  "avgAbsoluteError": 8.124664,
  "avgSignedError": 1.92279267,
  "maxAbsoluteError": 37.44657,
  "maxOvershoot": 0.05821228,
  "avgSettlingTime10Degrees": 0.0810727,
  "avgSettlingTime5Degrees": 0.1321187,
  "avgSettlingTime2Degrees": 0.123611405,
  "avg10PercentResponseTime": 0.0,
  "avg50PercentResponseTime": 0.041037,
  "avgCompleteResponseTime": 0.381343
}