{
  "createdTimestamp": "132266625328312317",
  "avgAbsoluteError": 5.1598587,
  "avgSignedError": -0.349384218,
  "maxAbsoluteError": 26.9337158
}