{
  "createdTimestamp": "132266625328312317",
  "avgAbsoluteError": 11.65921,
  "avgSignedError": -9.611129,
  "maxAbsoluteError": 28.10556,
  "avgSettlingTime2Degrees": 0.7249159
}