{
  "createdTimestamp": "132266625328312317",
  "avgAbsoluteError": 7.38750648,
  "avgSignedError": -0.141219527,
  "maxAbsoluteError": 42.90341,
  "avgSettlingTime10Degrees": 0.1711539,
  "avgSettlingTime5Degrees": 0.2402163,
  "avgSettlingTime2Degrees": 0.365329,
  "avg10PercentResponseTime": 0.0,
  "avg50PercentResponseTime": 0.0810727
}