{
  "createdTimestamp": "132266625328312317",
  "avgAbsoluteError": 6.9317584,
  "avgSignedError": -6.4307003,
  "maxAbsoluteError": 24.8202515,
  "avgSettlingTime2Degrees": 0.7249159
}