{
  "createdTimestamp": "132266625328312317",
  "avgAbsoluteError": 9.700769,
  "avgSignedError": -3.551764,
  "maxAbsoluteError": 65.05841
}