{
  "createdTimestamp": "132266625328312317",
  "avgAbsoluteError": 5.79414272,
  "avgSignedError": -5.465889,
  "maxAbsoluteError": 31.7058716
}