{
  "createdTimestamp": "132266625328312317",
  "avgAbsoluteError": 4.289492,
  "avgSignedError": -0.8853677,
  "maxAbsoluteError": 21.2993164,
  "avgSettlingTime2Degrees": 0.7249159,
  "avg10PercentResponseTime": 0.0,
  "avg50PercentResponseTime": 0.0
}