{
  "createdTimestamp": "132266625328312317",
  "avgAbsoluteError": 0.0182703044,
  "avgSignedError": -0.00264486647,
  "maxAbsoluteError": 0.24786377
}