{
  "createdTimestamp": "132266625328312317",
  "avgAbsoluteError": 2.297044,
  "avgSignedError": -0.0193111412,
  "maxAbsoluteError": 24.680542,
  "maxOvershoot": 24.680542,
  "avgSettlingTime10Degrees": 0.2061855,
  "avgSettlingTime5Degrees": 0.2842558,
  "avgSettlingTime2Degrees": 0.381343,
  "avg10PercentResponseTime": 0.0,
  "avgCompleteResponseTime": 0.0250226
}