{
  "createdTimestamp": "132266625328312317",
  "avgAbsoluteError": 3.47054815,
  "avgSignedError": -0.2996952,
  "maxAbsoluteError": 23.7591553
}