{
  "createdTimestamp": "132266625328312317",
  "avgAbsoluteError": 2.61060762,
  "avgSignedError": -0.7842505,
  "maxAbsoluteError": 15.5845642,
  "maxOvershoot": 0.0263977051,
  "avgSettlingTime2Degrees": 0.0250226,
  "avg10PercentResponseTime": 0.0,
  "avg50PercentResponseTime": 0.0,
  "avgCompleteResponseTime": 0.1211084
}