{
  "createdTimestamp": "132266625328312317",
  "avgAbsoluteError": 0.0195672344,
  "avgSignedError": 0.00409463048,
  "maxAbsoluteError": 0.435109973
}