{
  "createdTimestamp": "132266625328312317",
  "avgAbsoluteError": 11.279994,
  "avgSignedError": -6.14505243,
  "maxAbsoluteError": 79.7768555,
  "avgSettlingTime10Degrees": 0.0810727,
  "avgSettlingTime5Degrees": 0.1451305,
  "avgSettlingTime2Degrees": 0.134621248,
  "avg10PercentResponseTime": 0.0,
  "avg50PercentResponseTime": 0.041037
}