{
  "createdTimestamp": "132266625328312317",
  "avgAbsoluteError": 6.62657261,
  "avgSignedError": -1.62229168,
  "maxAbsoluteError": 37.26056,
  "maxOvershoot": 0.0306396484,
  "avgSettlingTime10Degrees": 0.0810727,
  "avgSettlingTime5Degrees": 0.1451305,
  "avgSettlingTime2Degrees": 0.2061855,
  "avg10PercentResponseTime": 0.0,
  "avg50PercentResponseTime": 0.041037,
  "avgCompleteResponseTime": 0.4594134
}