{
  "createdTimestamp": "132266625328312317",
  "avgAbsoluteError": 7.53178024,
  "avgSignedError": -0.627270758,
  "maxAbsoluteError": 59.41214
}