{
  "createdTimestamp": "132266625328312317",
  "avgAbsoluteError": 5.95983171,
  "avgSignedError": 5.659736,
  "maxAbsoluteError": 31.3610535,
  "avgSettlingTime5Degrees": 0.7249159,
  "avgSettlingTime2Degrees": 0.7249159
}