{
  "createdTimestamp": "132266625328312317",
  "avgAbsoluteError": 21.5238457,
  "avgSignedError": -16.0709515,
  "maxAbsoluteError": 160.0504,
  "avgSettlingTime5Degrees": 0.1321187,
  "avgSettlingTime2Degrees": 0.1711539
}