{
  "createdTimestamp": "132266625328312317",
  "avgAbsoluteError": 4.13950872,
  "avgSignedError": 3.34658146,
  "maxAbsoluteError": 31.7590885,
  "avgSettlingTime5Degrees": 0.7249159,
  "avgSettlingTime2Degrees": 0.7249159
}