{
  "createdTimestamp": "132266625328312317",
  "avgAbsoluteError": 0.0192556959,
  "avgSignedError": -0.004073829,
  "maxAbsoluteError": 0.385314941
}