{
  "createdTimestamp": "132266625328312317",
  "avgAbsoluteError": 14.0687551,
  "avgSignedError": -4.30645657,
  "maxAbsoluteError": 78.19153,
  "avgSettlingTime10Degrees": 0.1711539,
  "avgSettlingTime5Degrees": 0.2282052,
  "avgSettlingTime2Degrees": 0.3242918,
  "avg10PercentResponseTime": 0.0,
  "avg50PercentResponseTime": 0.0950855
}