{
  "createdTimestamp": "132266625328312317",
  "avgAbsoluteError": 0.02125634,
  "avgSignedError": 0.00100873329,
  "maxAbsoluteError": 0.4354248
}