{
  "createdTimestamp": "132266625328312317",
  "avgAbsoluteError": 2.0389533,
  "avgSignedError": 0.1666792,
  "maxAbsoluteError": 5.93707275
}