{
  "createdTimestamp": "132266625328312317",
  "avgAbsoluteError": 1.01513147,
  "avgSignedError": -0.4892288,
  "maxAbsoluteError": 8.003113
}