{
  "createdTimestamp": "132266625328312317",
  "avgAbsoluteError": 7.26741457,
  "avgSignedError": -0.211870074,
  "maxAbsoluteError": 41.8877869,
  "avgSettlingTime10Degrees": 0.1711539,
  "avgSettlingTime5Degrees": 0.2842558,
  "avgSettlingTime2Degrees": 0.2472227,
  "avg10PercentResponseTime": 0.0,
  "avg50PercentResponseTime": 0.0950855
}