{
  "createdTimestamp": "132266625328312317",
  "avgAbsoluteError": 7.1281805,
  "avgSignedError": -2.00304747,
  "maxAbsoluteError": 41.16561,
  "maxOvershoot": 0.0288085938,
  "avgSettlingTime10Degrees": 0.0810727,
  "avgSettlingTime5Degrees": 0.1321187,
  "avgSettlingTime2Degrees": 0.2061855,
  "avg10PercentResponseTime": 0.0,
  "avg50PercentResponseTime": 0.0250226,
  "avgCompleteResponseTime": 0.4433995
}