{
  "createdTimestamp": "132266625328312317",
  "avgAbsoluteError": 4.34769154,
  "avgSignedError": 0.144741237,
  "maxAbsoluteError": 23.9966736
}