{
  "createdTimestamp": "132266625328312317",
  "avgAbsoluteError": 3.000081,
  "avgSignedError": -2.15711141,
  "maxAbsoluteError": 17.44934,
  "avgSettlingTime10Degrees": 0.0120105,
  "avgSettlingTime5Degrees": 0.0810727,
  "avgSettlingTime2Degrees": 0.1711539,
  "avg10PercentResponseTime": 0.0,
  "avg50PercentResponseTime": 0.0650592
}