{
  "createdTimestamp": "132266625328312317",
  "avgAbsoluteError": 13.7441025,
  "avgSignedError": -8.593382,
  "maxAbsoluteError": 59.7148438,
  "avgSettlingTime10Degrees": 0.0650592,
  "avgSettlingTime5Degrees": 0.1321187,
  "avgSettlingTime2Degrees": 0.112601593,
  "avg10PercentResponseTime": 0.0,
  "avg50PercentResponseTime": 0.041037
}