{
  "createdTimestamp": "132266625328312317",
  "avgAbsoluteError": 1.18247724,
  "avgSignedError": 0.647181,
  "maxAbsoluteError": 4.739069
}