{
  "createdTimestamp": "132266625328312317",
  "avgAbsoluteError": 0.0200987123,
  "avgSignedError": 0.00319180638,
  "maxAbsoluteError": 0.563232243
}