{
  "createdTimestamp": "132266625328312317",
  "avgAbsoluteError": 6.39239073,
  "avgSignedError": 0.196984634,
  "maxAbsoluteError": 26.60141
}