{
  "createdTimestamp": "132266625328312317",
  "avgAbsoluteError": 0.0304244645,
  "avgSignedError": -0.00249587768,
  "maxAbsoluteError": 0.347727478
}