{
  "createdTimestamp": "132266625328312317",
  "avgAbsoluteError": 3.50200653,
  "avgSignedError": 1.21016407,
  "maxAbsoluteError": 10.9748535,
  "avgSettlingTime2Degrees": 0.7249159,
  "avg10PercentResponseTime": 0.0,
  "avg50PercentResponseTime": 0.0
}