{
  "createdTimestamp": "132266625328312317",
  "avgAbsoluteError": 7.02191,
  "avgSignedError": -0.2972993,
  "maxAbsoluteError": 47.6017761,
  "avgSettlingTime10Degrees": 0.1451305,
  "avgSettlingTime5Degrees": 0.2282052,
  "avgSettlingTime2Degrees": 0.203183144,
  "avg10PercentResponseTime": 0.0,
  "avg50PercentResponseTime": 0.0810727
}