{
  "createdTimestamp": "132266625328312317",
  "avgAbsoluteError": 13.3656569,
  "avgSignedError": -8.444436,
  "maxAbsoluteError": 59.6584473,
  "avgSettlingTime10Degrees": 0.1321187,
  "avgSettlingTime5Degrees": 0.2061855,
  "avgSettlingTime2Degrees": 0.3112801,
  "avg10PercentResponseTime": 0.0,
  "avg50PercentResponseTime": 0.0650592
}