{
  "createdTimestamp": "132266625328312317",
  "avgAbsoluteError": 7.1499567,
  "avgSignedError": -1.80453765,
  "maxAbsoluteError": 50.1636963,
  "maxOvershoot": 9.287483,
  "avgSettlingTime10Degrees": 0.0520467,
  "avgSettlingTime5Degrees": 0.1451305,
  "avgSettlingTime2Degrees": 0.2061855,
  "avg10PercentResponseTime": 0.0,
  "avg50PercentResponseTime": 0.041037,
  "avgCompleteResponseTime": 0.0810727
}