{
  "createdTimestamp": "132266625328312317",
  "avgAbsoluteError": 5.89405155,
  "avgSignedError": -0.304877877,
  "maxAbsoluteError": 45.3960266,
  "avgSettlingTime10Degrees": 0.1451305,
  "avgSettlingTime5Degrees": 0.2402163,
  "avgSettlingTime2Degrees": 0.211190149,
  "avg10PercentResponseTime": 0.0,
  "avg50PercentResponseTime": 0.0950855
}