{
  "createdTimestamp": "132266625328312317",
  "avgAbsoluteError": 1.27139664,
  "avgSignedError": -0.141965687,
  "maxAbsoluteError": 12.2299194,
  "avgSettlingTime10Degrees": 0.0120105,
  "avgSettlingTime5Degrees": 0.0810727,
  "avgSettlingTime2Degrees": 0.1451305,
  "avg10PercentResponseTime": 0.0,
  "avg50PercentResponseTime": 0.041037
}