{
  "createdTimestamp": "132266625328312317",
  "avgAbsoluteError": 0.01761548,
  "avgSignedError": -0.00159575068,
  "maxAbsoluteError": 0.3667533
}