{
  "createdTimestamp": "132266625328312317",
  "avgAbsoluteError": 8.458664,
  "avgSignedError": -2.71548486,
  "maxAbsoluteError": 44.56241,
  "maxOvershoot": 0.00799560547,
  "avgSettlingTime10Degrees": 0.1050944,
  "avgSettlingTime5Degrees": 0.1711539,
  "avgSettlingTime2Degrees": 0.2402163,
  "avg10PercentResponseTime": 0.0,
  "avg50PercentResponseTime": 0.0250226,
  "avgCompleteResponseTime": 0.5815235
}