{
  "createdTimestamp": "132266625328312317",
  "avgAbsoluteError": 10.3483372,
  "avgSignedError": -0.414464384,
  "maxAbsoluteError": 59.67932,
  "avgSettlingTime10Degrees": 0.2842558,
  "avgSettlingTime5Degrees": 0.4844362,
  "avgSettlingTime2Degrees": 0.382976621,
  "avg10PercentResponseTime": 0.0,
  "avg50PercentResponseTime": 0.1451305
}