{
  "createdTimestamp": "132266625328312317",
  "avgAbsoluteError": 1.4954102,
  "avgSignedError": 0.9034472,
  "maxAbsoluteError": 6.88539028
}