{
  "createdTimestamp": "132266625328312317",
  "avgAbsoluteError": 0.0141551131,
  "avgSignedError": -0.002674866,
  "maxAbsoluteError": 0.446141124
}