{
  "createdTimestamp": "132266625328312317",
  "avgAbsoluteError": 0.029957559,
  "avgSignedError": 0.006350695,
  "maxAbsoluteError": 0.358900875
}