{
  "createdTimestamp": "132266625328312317",
  "avgAbsoluteError": 0.0248463061,
  "avgSignedError": 0.006623845,
  "maxAbsoluteError": 0.285728455
}