{
  "createdTimestamp": "132266625328312317",
  "avgAbsoluteError": 0.02134155,
  "avgSignedError": 0.00218230183,
  "maxAbsoluteError": 0.687788
}