{
  "createdTimestamp": "132266625328312317",
  "avgAbsoluteError": 20.9207439,
  "avgSignedError": 2.781895,
  "maxAbsoluteError": 179.999252
}