{
  "createdTimestamp": "132266625328312317",
  "avgAbsoluteError": 0.0176005159,
  "avgSignedError": -0.0043425113,
  "maxAbsoluteError": 0.3336715
}