{
  "createdTimestamp": "132266625328312317",
  "avgAbsoluteError": 0.0292471144,
  "avgSignedError": 0.005777661,
  "maxAbsoluteError": 0.434646219
}