{
  "createdTimestamp": "132266625328312317",
  "avgAbsoluteError": 8.589699,
  "avgSignedError": 3.80196667,
  "maxAbsoluteError": 46.68749
}