{
  "createdTimestamp": "132266625328312317",
  "avgAbsoluteError": 6.051489,
  "avgSignedError": 1.89346468,
  "maxAbsoluteError": 34.5528374
}