{
  "createdTimestamp": "132266625328312317",
  "avgAbsoluteError": 0.0230160188,
  "avgSignedError": 0.00113498815,
  "maxAbsoluteError": 0.6147877
}