{
  "createdTimestamp": "132266625328312317",
  "avgAbsoluteError": 8.667698,
  "avgSignedError": 7.985981,
  "maxAbsoluteError": 34.7231674
}