{
  "createdTimestamp": "132266625328312317",
  "avgAbsoluteError": 4.61160755,
  "avgSignedError": -0.617769957,
  "maxAbsoluteError": 20.0702114
}