{
  "createdTimestamp": "132266625328312317",
  "avgAbsoluteError": 0.0312572941,
  "avgSignedError": 0.00652325852,
  "maxAbsoluteError": 0.443751276
}