{
  "createdTimestamp": "132266625328312317",
  "avgAbsoluteError": 13.81152,
  "avgSignedError": -12.8633518,
  "maxAbsoluteError": 34.3899841
}