{
  "createdTimestamp": "132266625328312317",
  "avgAbsoluteError": 1.54679763,
  "avgSignedError": -1.04925454,
  "maxAbsoluteError": 9.240082
}