{
  "createdTimestamp": "132266625328312317",
  "avgAbsoluteError": 5.39300346,
  "avgSignedError": 1.84389579,
  "maxAbsoluteError": 48.2472229,
  "avgSettlingTime5Degrees": 0.1321187,
  "avgSettlingTime2Degrees": 0.1711539
}