{
  "createdTimestamp": "132266625328312317",
  "avgAbsoluteError": 5.234036,
  "avgSignedError": -1.05378819,
  "maxAbsoluteError": 57.355896,
  "maxOvershoot": 52.12065,
  "avgSettlingTime10Degrees": 0.2061855,
  "avgSettlingTime5Degrees": 0.2402163,
  "avgSettlingTime2Degrees": 0.3112801,
  "avg10PercentResponseTime": 0.0,
  "avgCompleteResponseTime": 0.0250226
}