{
  "createdTimestamp": "132266625328312317",
  "avgAbsoluteError": 2.36271667,
  "avgSignedError": 0.707902431,
  "maxAbsoluteError": 41.25166,
  "avgSettlingTime10Degrees": 0.0520467,
  "avgSettlingTime5Degrees": 0.1050944,
  "avgSettlingTime2Degrees": 0.0980884,
  "avg10PercentResponseTime": 0.0,
  "avg50PercentResponseTime": 0.041037
}