{
  "createdTimestamp": "132266625328312317",
  "avgAbsoluteError": 4.591601,
  "avgSignedError": -1.71625638,
  "maxAbsoluteError": 51.3470764,
  "maxOvershoot": 0.00382532668,
  "avgSettlingTime10Degrees": 0.0120105,
  "avgSettlingTime5Degrees": 0.0520467,
  "avgSettlingTime2Degrees": 0.1321187,
  "avg10PercentResponseTime": 0.0,
  "avg50PercentResponseTime": 0.0250226,
  "avgCompleteResponseTime": 0.4844362
}