{
  "createdTimestamp": "132266625328312317",
  "avgAbsoluteError": 16.8916931,
  "avgSignedError": 1.44441628,
  "maxAbsoluteError": 179.999359
}