{
  "createdTimestamp": "132266625328312317",
  "avgAbsoluteError": 0.02449267,
  "avgSignedError": -0.00459291926,
  "maxAbsoluteError": 0.320373535
}