{
  "createdTimestamp": "132266625328312317",
  "avgAbsoluteError": 8.953485,
  "avgSignedError": 3.882614,
  "maxAbsoluteError": 178.537521,
  "maxOvershoot": 0.00204889174,
  "avgSettlingTime10Degrees": 0.0650592,
  "avgSettlingTime5Degrees": 0.0810727,
  "avgSettlingTime2Degrees": 0.1321187,
  "avg10PercentResponseTime": 0.0250226,
  "avg50PercentResponseTime": 0.0250226,
  "avgCompleteResponseTime": 0.4183772
}