{
  "createdTimestamp": "132266625328312317",
  "avgAbsoluteError": 0.0268266983,
  "avgSignedError": -0.00206042873,
  "maxAbsoluteError": 0.282210439
}