{
  "createdTimestamp": "132266625328312317",
  "avgAbsoluteError": 5.54831553,
  "avgSignedError": -1.3377105,
  "maxAbsoluteError": 25.0190735
}