{
  "createdTimestamp": "132266625328312317",
  "avgAbsoluteError": 10.158597,
  "avgSignedError": -4.736061,
  "maxAbsoluteError": 178.300522,
  "maxOvershoot": 1.73564,
  "avgSettlingTime10Degrees": 0.0250226,
  "avgSettlingTime5Degrees": 0.0250226,
  "avgSettlingTime2Degrees": 0.0250226,
  "avg10PercentResponseTime": 0.0250226,
  "avg50PercentResponseTime": 0.0250226,
  "avgCompleteResponseTime": 0.0650592
}