{
  "createdTimestamp": "132266625328312317",
  "avgAbsoluteError": 5.78406,
  "avgSignedError": 1.00663531,
  "maxAbsoluteError": 40.31885,
  "avgSettlingTime10Degrees": 0.0520467,
  "avgSettlingTime5Degrees": 0.1050944,
  "avgSettlingTime2Degrees": 0.381343,
  "avg10PercentResponseTime": 0.0250226,
  "avg50PercentResponseTime": 0.0810727
}