{
  "createdTimestamp": "132266625328312317",
  "avgAbsoluteError": 0.0298737269,
  "avgSignedError": 0.000714814058,
  "maxAbsoluteError": 0.319038957
}