{
  "createdTimestamp": "132266625328312317",
  "avgAbsoluteError": 7.33563137,
  "avgSignedError": -3.05092335,
  "maxAbsoluteError": 46.0845032,
  "maxOvershoot": 0.03201294,
  "avgSettlingTime10Degrees": 0.0810727,
  "avgSettlingTime5Degrees": 0.1050944,
  "avgSettlingTime2Degrees": 0.1841659,
  "avg10PercentResponseTime": 0.0,
  "avg50PercentResponseTime": 0.0250226,
  "avgCompleteResponseTime": 0.4183772
}