{
  "createdTimestamp": "132266625328312317",
  "avgAbsoluteError": 2.284465,
  "avgSignedError": 0.6527862,
  "maxAbsoluteError": 7.42960453
}