{
  "createdTimestamp": "132266625328312317",
  "avgAbsoluteError": 0.03166226,
  "avgSignedError": -0.004360623,
  "maxAbsoluteError": 1.34515381
}