{
  "createdTimestamp": "132266625328312317",
  "avgAbsoluteError": 7.299312,
  "avgSignedError": 0.873429239,
  "maxAbsoluteError": 68.7540741
}