{
  "createdTimestamp": "132266625328312317",
  "avgAbsoluteError": 13.7093153,
  "avgSignedError": -8.130735,
  "maxAbsoluteError": 72.1413,
  "avgSettlingTime10Degrees": 0.0810727,
  "avgSettlingTime5Degrees": 0.1451305,
  "avgSettlingTime2Degrees": 0.134621248,
  "avg10PercentResponseTime": 0.0,
  "avg50PercentResponseTime": 0.041037
}