{
  "createdTimestamp": "132266625328312317",
  "avgAbsoluteError": 9.858044,
  "avgSignedError": 0.436617434,
  "maxAbsoluteError": 36.60138
}