{
  "createdTimestamp": "132266625328312317",
  "avgAbsoluteError": 1.79800677,
  "avgSignedError": -1.02519715,
  "maxAbsoluteError": 14.586853,
  "maxOvershoot": 0.01687622,
  "avgSettlingTime5Degrees": 0.0250226,
  "avgSettlingTime2Degrees": 0.0650592,
  "avg10PercentResponseTime": 0.0,
  "avg50PercentResponseTime": 0.041037,
  "avgCompleteResponseTime": 0.4183772
}