{
  "createdTimestamp": "132266625328312317",
  "avgAbsoluteError": 4.1533494,
  "avgSignedError": 3.24861336,
  "maxAbsoluteError": 10.1640177,
  "avgSettlingTime2Degrees": 0.7249159
}