{
  "createdTimestamp": "132266625328312317",
  "avgAbsoluteError": 8.841562,
  "avgSignedError": -6.559003,
  "maxAbsoluteError": 101.635193
}