{
  "createdTimestamp": "132266625328312317",
  "avgAbsoluteError": 6.532377,
  "avgSignedError": 5.02049732,
  "maxAbsoluteError": 88.08356,
  "avgSettlingTime5Degrees": 0.1711539,
  "avgSettlingTime2Degrees": 0.2712441
}