{
  "createdTimestamp": "132266625328312317",
  "avgAbsoluteError": 2.384321,
  "avgSignedError": 0.888630748,
  "maxAbsoluteError": 101.852905
}