{
  "createdTimestamp": "132266625328312317",
  "avgAbsoluteError": 1.46156657,
  "avgSignedError": 0.5548043,
  "maxAbsoluteError": 51.4447937,
  "avgSettlingTime2Degrees": 0.2712441
}