{
  "createdTimestamp": "132266625328312317",
  "avgAbsoluteError": 2.21790433,
  "avgSignedError": 0.2248062,
  "maxAbsoluteError": 82.19687
}