{
  "createdTimestamp": "132266625328312317",
  "avgAbsoluteError": 4.36457825,
  "avgSignedError": -3.29290557,
  "maxAbsoluteError": 50.0292969
}