{
  "createdTimestamp": "132266630467537304",
  "avgAbsoluteError": 1.66304159,
  "avgSignedError": 0.598728359,
  "maxAbsoluteError": 176.594269,
  "avgSettlingTime2Degrees": 0.3473127
}