{
  "createdTimestamp": "132266630467537304",
  "avgAbsoluteError": 3.052308,
  "avgSignedError": 1.21602607,
  "maxAbsoluteError": 44.40268
}