{
  "createdTimestamp": "132266630467537304",
  "avgAbsoluteError": 5.220794,
  "avgSignedError": -3.68557668,
  "maxAbsoluteError": 175.269073,
  "avgSettlingTime2Degrees": 0.2802525
}