{
  "createdTimestamp": "132266630467537304",
  "avgAbsoluteError": 4.614663,
  "avgSignedError": -0.5811835,
  "maxAbsoluteError": 27.5809326,
  "avgSettlingTime10Degrees": 0.0670604,
  "avgSettlingTime5Degrees": 0.1461316,
  "avgSettlingTime2Degrees": 0.2442201,
  "avg10PercentResponseTime": 0.0170148,
  "avg50PercentResponseTime": 0.0970875
}