{
  "createdTimestamp": "132266630467537304",
  "avgAbsoluteError": 3.94137859,
  "avgSignedError": 0.126552358,
  "maxAbsoluteError": 33.27414,
  "avgSettlingTime10Degrees": 0.1591434,
  "avgSettlingTime5Degrees": 0.2442201,
  "avgSettlingTime2Degrees": 0.319289,
  "avg10PercentResponseTime": 0.0170148,
  "avg50PercentResponseTime": 0.0560505
}