{
  "createdTimestamp": "132266630467537304",
  "avgAbsoluteError": 2.388132,
  "avgSignedError": 0.03500851,
  "maxAbsoluteError": 18.23529,
  "avgSettlingTime5Degrees": 0.0,
  "avgSettlingTime2Degrees": 0.1080972
}