{
  "createdTimestamp": "132266630467537304",
  "avgAbsoluteError": 0.0195017755,
  "avgSignedError": -0.000240941474,
  "maxAbsoluteError": 0.297389328
}