{
  "createdTimestamp": "132266630467537304",
  "avgAbsoluteError": 8.097998,
  "avgSignedError": 2.77864313,
  "maxAbsoluteError": 47.9158249,
  "maxOvershoot": 0.0620956421,
  "avgSettlingTime10Degrees": 0.1080972,
  "avgSettlingTime5Degrees": 0.1461316,
  "avgSettlingTime2Degrees": 0.106095649,
  "avg10PercentResponseTime": 0.0170148,
  "avg50PercentResponseTime": 0.0560505,
  "avgCompleteResponseTime": 0.3745916
}