{
  "createdTimestamp": "132266630467537304",
  "avgAbsoluteError": 0.0160173327,
  "avgSignedError": 0.00131075061,
  "maxAbsoluteError": 1.271759
}