{
  "createdTimestamp": "132266630467537304",
  "avgAbsoluteError": 5.72832251,
  "avgSignedError": -0.427068055,
  "maxAbsoluteError": 52.59134
}