{
  "createdTimestamp": "132266630467537304",
  "avgAbsoluteError": 7.9704504,
  "avgSignedError": -1.481361,
  "maxAbsoluteError": 53.6207275
}