{
  "createdTimestamp": "132266630467537304",
  "avgAbsoluteError": 0.0318696722,
  "avgSignedError": 0.00386429555,
  "maxAbsoluteError": 0.4143013
}