{
  "createdTimestamp": "132266630467537304",
  "avgAbsoluteError": 2.86645222,
  "avgSignedError": 1.31476784,
  "maxAbsoluteError": 15.269022,
  "avgSettlingTime10Degrees": 0.0290262,
  "avgSettlingTime5Degrees": 0.0810732,
  "avgSettlingTime2Degrees": 0.1881694,
  "avg10PercentResponseTime": 0.0170148,
  "avg50PercentResponseTime": 0.0810732
}