{
  "createdTimestamp": "132266630467537304",
  "avgAbsoluteError": 7.444094,
  "avgSignedError": -0.105953187,
  "maxAbsoluteError": 42.2195435,
  "avgSettlingTime10Degrees": 0.1881694,
  "avgSettlingTime5Degrees": 0.2682417,
  "avgSettlingTime2Degrees": 0.3886041,
  "avg10PercentResponseTime": 0.0170148,
  "avg50PercentResponseTime": 0.0970875
}