{
  "createdTimestamp": "132266630467537304",
  "avgAbsoluteError": 2.87735724,
  "avgSignedError": -0.814253151,
  "maxAbsoluteError": 49.6039734
}