{
  "createdTimestamp": "132266630467537304",
  "avgAbsoluteError": 5.786332,
  "avgSignedError": -5.46277666,
  "maxAbsoluteError": 31.7058411,
  "avgSettlingTime2Degrees": 0.7329144
}