{
  "createdTimestamp": "132266630467537304",
  "avgAbsoluteError": 0.0173690822,
  "avgSignedError": 0.000592339144,
  "maxAbsoluteError": 0.241852209
}