{
  "createdTimestamp": "132266630467537304",
  "avgAbsoluteError": 2.58560443,
  "avgSignedError": 1.81070769,
  "maxAbsoluteError": 24.8496189
}