{
  "createdTimestamp": "132266630467537304",
  "avgAbsoluteError": 4.744864,
  "avgSignedError": -2.5779314,
  "maxAbsoluteError": 40.8770142,
  "maxOvershoot": 0.0123867942,
  "avgSettlingTime10Degrees": 0.0810732,
  "avgSettlingTime5Degrees": 0.1461316,
  "avgSettlingTime2Degrees": 0.218197,
  "avg10PercentResponseTime": 0.0,
  "avg50PercentResponseTime": 0.0,
  "avgCompleteResponseTime": 0.440651
}