{
  "createdTimestamp": "132266630467537304",
  "avgAbsoluteError": 0.0283747837,
  "avgSignedError": -0.00125660084,
  "maxAbsoluteError": 0.2564135
}