{
  "createdTimestamp": "132266630467537304",
  "avgAbsoluteError": 1.73577654,
  "avgSignedError": 0.782188654,
  "maxAbsoluteError": 10.5891638,
  "avgSettlingTime5Degrees": 0.0290262,
  "avgSettlingTime2Degrees": 0.0670604
}