{
  "createdTimestamp": "132266630467537304",
  "avgAbsoluteError": 0.0279409047,
  "avgSignedError": 0.000326904352,
  "maxAbsoluteError": 0.317320079
}