{
  "createdTimestamp": "132266630467537304",
  "avgAbsoluteError": 11.6570463,
  "avgSignedError": -9.614912,
  "maxAbsoluteError": 28.10611,
  "avgSettlingTime2Degrees": 0.7329144
}