{
  "createdTimestamp": "132266630467537304",
  "avgAbsoluteError": 1.83897221,
  "avgSignedError": 1.64257872,
  "maxAbsoluteError": 27.0233116
}