{
  "createdTimestamp": "132266630467537304",
  "avgAbsoluteError": 0.0271895621,
  "avgSignedError": -0.00631225575,
  "maxAbsoluteError": 0.210388184
}