{
  "createdTimestamp": "132266630467537304",
  "avgAbsoluteError": 9.631793,
  "avgSignedError": -0.7963349,
  "maxAbsoluteError": 179.604568
}