{
  "createdTimestamp": "132266630467537304",
  "avgAbsoluteError": 0.0341923125,
  "avgSignedError": -0.00569324475,
  "maxAbsoluteError": 0.297451973
}