{
  "createdTimestamp": "132266630467537304",
  "avgAbsoluteError": 5.15920448,
  "avgSignedError": -0.368185252,
  "maxAbsoluteError": 27.01587
}