{
  "createdTimestamp": "132266630467537304",
  "avgAbsoluteError": 9.643012,
  "avgSignedError": -3.47085118,
  "maxAbsoluteError": 64.7161255
}