{
  "createdTimestamp": "132266630467537304",
  "avgAbsoluteError": 6.93588257,
  "avgSignedError": -6.43643141,
  "maxAbsoluteError": 24.8191528,
  "avgSettlingTime2Degrees": 0.7329144
}