{
  "createdTimestamp": "132266630467537304",
  "avgAbsoluteError": 0.0283843782,
  "avgSignedError": 8.594058E-05,
  "maxAbsoluteError": 0.300466061
}