{
  "createdTimestamp": "132266630467537304",
  "avgAbsoluteError": 0.0174216069,
  "avgSignedError": 0.00351739768,
  "maxAbsoluteError": 0.4912217
}