{
  "createdTimestamp": "132266630467537304",
  "avgAbsoluteError": 7.26762962,
  "avgSignedError": -0.08691941,
  "maxAbsoluteError": 39.7514648,
  "avgSettlingTime10Degrees": 0.1591434,
  "avgSettlingTime5Degrees": 0.2682417,
  "avgSettlingTime2Degrees": 0.3986133,
  "avg10PercentResponseTime": 0.0170148,
  "avg50PercentResponseTime": 0.123111
}