{
  "createdTimestamp": "132266630467537304",
  "avgAbsoluteError": 1.9104073,
  "avgSignedError": -0.7967121,
  "maxAbsoluteError": 23.4389954
}