{
  "createdTimestamp": "132266630467537304",
  "avgAbsoluteError": 9.414802,
  "avgSignedError": 0.393286735,
  "maxAbsoluteError": 54.1305733
}