{
  "createdTimestamp": "132266630467537304",
  "avgAbsoluteError": 9.318213,
  "avgSignedError": 2.38982987,
  "maxAbsoluteError": 48.31077,
  "maxOvershoot": 0.0156135559,
  "avgSettlingTime10Degrees": 0.123111,
  "avgSettlingTime5Degrees": 0.1881694,
  "avgSettlingTime2Degrees": 0.2682417,
  "avg10PercentResponseTime": 0.0170148,
  "avg50PercentResponseTime": 0.0560505,
  "avgCompleteResponseTime": 0.5367375
}