{
  "createdTimestamp": "132266630467537304",
  "avgAbsoluteError": 7.55797958,
  "avgSignedError": 0.8782838,
  "maxAbsoluteError": 47.77676,
  "maxOvershoot": 0.05984497,
  "avgSettlingTime10Degrees": 0.1080972,
  "avgSettlingTime5Degrees": 0.1591434,
  "avgSettlingTime2Degrees": 0.140626788,
  "avg10PercentResponseTime": 0.0170148,
  "avg50PercentResponseTime": 0.0560505,
  "avgCompleteResponseTime": 0.4156287
}