{
  "createdTimestamp": "132266630467537304",
  "avgAbsoluteError": 3.94247651,
  "avgSignedError": 2.99650955,
  "maxAbsoluteError": 10.191411
}