{
  "createdTimestamp": "132266630467537304",
  "avgAbsoluteError": 14.5843067,
  "avgSignedError": 0.879263639,
  "maxAbsoluteError": 179.999237
}