{
  "createdTimestamp": "132266630467537304",
  "avgAbsoluteError": 4.973937,
  "avgSignedError": -1.51814985,
  "maxAbsoluteError": 53.0207825
}