{
  "createdTimestamp": "132266630467537304",
  "avgAbsoluteError": 1.43437219,
  "avgSignedError": -0.526986659,
  "maxAbsoluteError": 21.3450928
}