{
  "createdTimestamp": "132266630467537304",
  "avgAbsoluteError": 4.411898,
  "avgSignedError": -0.7350164,
  "maxAbsoluteError": 61.0180359
}