{
  "createdTimestamp": "132266630467537304",
  "avgAbsoluteError": 7.74121141,
  "avgSignedError": -0.00326706469,
  "maxAbsoluteError": 51.9064636,
  "avgSettlingTime10Degrees": 0.1591434,
  "avgSettlingTime5Degrees": 0.2021822,
  "avgSettlingTime2Degrees": 0.2682417,
  "avg10PercentResponseTime": 0.0560505,
  "avg50PercentResponseTime": 0.0970875
}