{
  "createdTimestamp": "132266630467537304",
  "avgAbsoluteError": 7.38594532,
  "avgSignedError": -1.25063312,
  "maxAbsoluteError": 81.8072739,
  "avgSettlingTime10Degrees": 0.1881694,
  "avgSettlingTime5Degrees": 0.218197,
  "avgSettlingTime2Degrees": 0.2802525,
  "avg10PercentResponseTime": 0.0,
  "avg50PercentResponseTime": 0.1761587
}