{
  "createdTimestamp": "132266630467537304",
  "avgAbsoluteError": 15.3815517,
  "avgSignedError": 10.8707018,
  "maxAbsoluteError": 65.74079,
  "avgSettlingTime10Degrees": 0.1461316,
  "avgSettlingTime5Degrees": 0.218197,
  "avgSettlingTime2Degrees": 0.319289,
  "avg10PercentResponseTime": 0.0,
  "avg50PercentResponseTime": 0.0560505
}