{
  "createdTimestamp": "132266630467537304",
  "avgAbsoluteError": 6.895671,
  "avgSignedError": 0.193384379,
  "maxAbsoluteError": 39.4313049
}