{
  "createdTimestamp": "132266630467537304",
  "avgAbsoluteError": 12.8409376,
  "avgSignedError": 7.02392626,
  "maxAbsoluteError": 90.11424,
  "avgSettlingTime10Degrees": 0.1080972,
  "avgSettlingTime5Degrees": 0.1591434,
  "avgSettlingTime2Degrees": 0.2442201,
  "avg10PercentResponseTime": 0.0,
  "avg50PercentResponseTime": 0.0430391
}