{
  "createdTimestamp": "132266630467537304",
  "avgAbsoluteError": 0.01842288,
  "avgSignedError": -0.0027004648,
  "maxAbsoluteError": 0.2425232
}