{
  "createdTimestamp": "132266630467537304",
  "avgAbsoluteError": 10.9505634,
  "avgSignedError": 0.171011224,
  "maxAbsoluteError": 53.3725929,
  "avgSettlingTime10Degrees": 0.319289,
  "avgSettlingTime5Degrees": 0.5207243,
  "avgSettlingTime2Degrees": 0.7329144,
  "avg10PercentResponseTime": 0.0,
  "avg50PercentResponseTime": 0.1591434
}