{
  "createdTimestamp": "132266630467537304",
  "avgAbsoluteError": 1.651982,
  "avgSignedError": 0.376582831,
  "maxAbsoluteError": 12.9484863
}