{
  "createdTimestamp": "132266630467537304",
  "avgAbsoluteError": 8.1475935,
  "avgSignedError": 1.97530127,
  "maxAbsoluteError": 48.3205872,
  "maxOvershoot": 0.05878067,
  "avgSettlingTime10Degrees": 0.1080972,
  "avgSettlingTime5Degrees": 0.1461316,
  "avgSettlingTime2Degrees": 0.1341211,
  "avg10PercentResponseTime": 0.0170148,
  "avg50PercentResponseTime": 0.0560505,
  "avgCompleteResponseTime": 0.3986133
}