{
  "createdTimestamp": "132266630467537304",
  "avgAbsoluteError": 4.28216648,
  "avgSignedError": -0.8881002,
  "maxAbsoluteError": 21.30185,
  "avgSettlingTime2Degrees": 0.7329144,
  "avg10PercentResponseTime": 0.0,
  "avg50PercentResponseTime": 0.0
}