{
  "createdTimestamp": "132266630467537304",
  "avgAbsoluteError": 0.0240973,
  "avgSignedError": 0.00634380337,
  "maxAbsoluteError": 0.384154946
}