{
  "createdTimestamp": "132266630467537304",
  "avgAbsoluteError": 6.73684263,
  "avgSignedError": -1.07658446,
  "maxAbsoluteError": 41.7719727,
  "maxOvershoot": 19.03506,
  "avgSettlingTime10Degrees": 0.1461316,
  "avgSettlingTime5Degrees": 0.2021822,
  "avgSettlingTime2Degrees": 0.2682417,
  "avgCompleteResponseTime": 0.0430391
}