{
  "createdTimestamp": "132266630467537304",
  "avgAbsoluteError": 0.01714158,
  "avgSignedError": 0.00656984933,
  "maxAbsoluteError": 0.56461
}