{
  "createdTimestamp": "132266630467537304",
  "avgAbsoluteError": 9.251747,
  "avgSignedError": -0.355482072,
  "maxAbsoluteError": 178.967392
}