{
  "createdTimestamp": "132266630467537304",
  "avgAbsoluteError": 14.93088,
  "avgSignedError": 9.662278,
  "maxAbsoluteError": 65.72768,
  "avgSettlingTime10Degrees": 0.1080972,
  "avgSettlingTime5Degrees": 0.1461316,
  "avgSettlingTime2Degrees": 0.218197,
  "avg10PercentResponseTime": 0.0,
  "avg50PercentResponseTime": 0.0430391
}