{
  "createdTimestamp": "132266630467537304",
  "avgAbsoluteError": 0.0177469812,
  "avgSignedError": -0.00165213028,
  "maxAbsoluteError": 0.246307373
}