{
  "createdTimestamp": "132266630467537304",
  "avgAbsoluteError": 0.0273616351,
  "avgSignedError": 0.00381856319,
  "maxAbsoluteError": 0.2833252
}