{
  "createdTimestamp": "132266630467537304",
  "avgAbsoluteError": 3.5950346,
  "avgSignedError": -1.70549345,
  "maxAbsoluteError": 33.1788635
}