{
  "createdTimestamp": "132266630467537304",
  "avgAbsoluteError": 2.44349813,
  "avgSignedError": 1.59896088,
  "maxAbsoluteError": 24.01234
}