{
  "createdTimestamp": "132266630467537304",
  "avgAbsoluteError": 6.225624,
  "avgSignedError": 0.0553144738,
  "maxAbsoluteError": 45.2562866,
  "avgSettlingTime10Degrees": 0.1881694,
  "avgSettlingTime5Degrees": 0.2802525,
  "avgSettlingTime2Degrees": 0.3986133,
  "avg10PercentResponseTime": 0.0170148,
  "avg50PercentResponseTime": 0.0970875
}