{
  "createdTimestamp": "132266630467537304",
  "avgAbsoluteError": 17.4027767,
  "avgSignedError": -2.3880856,
  "maxAbsoluteError": 179.99884
}