{
  "createdTimestamp": "132266630467537304",
  "avgAbsoluteError": 0.0205267575,
  "avgSignedError": 0.00447210949,
  "maxAbsoluteError": 0.6421574
}