{
  "createdTimestamp": "132266630467537304",
  "avgAbsoluteError": 4.73171854,
  "avgSignedError": 0.9232482,
  "maxAbsoluteError": 49.69336,
  "maxOvershoot": 0.08950615,
  "avgSettlingTime10Degrees": 0.2021822,
  "avgSettlingTime5Degrees": 0.218197,
  "avgSettlingTime2Degrees": 0.2682417,
  "avg10PercentResponseTime": 0.0170148,
  "avg50PercentResponseTime": 0.0430391,
  "avgCompleteResponseTime": 0.3605789
}