{
  "createdTimestamp": "132266630467537304",
  "avgAbsoluteError": 0.0239198878,
  "avgSignedError": 0.00258612819,
  "maxAbsoluteError": 1.20181274
}