{
  "createdTimestamp": "132266630467537304",
  "avgAbsoluteError": 0.019185314,
  "avgSignedError": 0.005716222,
  "maxAbsoluteError": 0.5919783
}