{
  "createdTimestamp": "132266630467537304",
  "avgAbsoluteError": 3.064791,
  "avgSignedError": 0.9339062,
  "maxAbsoluteError": 19.3894882
}