{
  "createdTimestamp": "132266630467537304",
  "avgAbsoluteError": 23.1469173,
  "avgSignedError": 22.0643749,
  "maxAbsoluteError": 45.3973541
}