{
  "createdTimestamp": "132266630467537304",
  "avgAbsoluteError": 6.851119,
  "avgSignedError": 1.832732,
  "maxAbsoluteError": 65.55067
}