{
  "createdTimestamp": "132266630467537304",
  "avgAbsoluteError": 3.42910528,
  "avgSignedError": 0.0197319444,
  "maxAbsoluteError": 26.3717575
}