{
  "createdTimestamp": "132266630467537304",
  "avgAbsoluteError": 14.2662525,
  "avgSignedError": 8.562848,
  "maxAbsoluteError": 83.167984,
  "avgSettlingTime10Degrees": 0.1080972,
  "avgSettlingTime5Degrees": 0.1591434,
  "avgSettlingTime2Degrees": 0.2442201,
  "avg10PercentResponseTime": 0.0,
  "avg50PercentResponseTime": 0.0560505
}