{
  "createdTimestamp": "132266630467537304",
  "avgAbsoluteError": 3.47218418,
  "avgSignedError": -0.286609352,
  "maxAbsoluteError": 24.6499023
}