{
  "createdTimestamp": "132266630467537304",
  "avgAbsoluteError": 2.60368776,
  "avgSignedError": -0.7780431,
  "maxAbsoluteError": 15.5937805,
  "maxOvershoot": 0.03137207,
  "avgSettlingTime2Degrees": 0.0430391,
  "avg10PercentResponseTime": 0.0,
  "avg50PercentResponseTime": 0.0,
  "avgCompleteResponseTime": 0.1351219
}