{
  "createdTimestamp": "132266630467537304",
  "avgAbsoluteError": 2.3087182,
  "avgSignedError": 0.00338305929,
  "maxAbsoluteError": 24.3912964,
  "maxOvershoot": 24.3912964,
  "avgSettlingTime10Degrees": 0.218197,
  "avgSettlingTime5Degrees": 0.3092783,
  "avgSettlingTime2Degrees": 0.3986133,
  "avg10PercentResponseTime": 0.0,
  "avgCompleteResponseTime": 0.0430391
}