{
  "createdTimestamp": "132266630467537304",
  "avgAbsoluteError": 0.0213922169,
  "avgSignedError": 0.00231860881,
  "maxAbsoluteError": 0.67500484
}