{
  "createdTimestamp": "132266630467537304",
  "avgAbsoluteError": 7.13328934,
  "avgSignedError": -1.98407936,
  "maxAbsoluteError": 48.197937,
  "maxOvershoot": 0.02822876,
  "avgSettlingTime10Degrees": 0.1080972,
  "avgSettlingTime5Degrees": 0.1461316,
  "avgSettlingTime2Degrees": 0.218197,
  "avg10PercentResponseTime": 0.0,
  "avg50PercentResponseTime": 0.0430391,
  "avgCompleteResponseTime": 0.4566655
}