{
  "createdTimestamp": "132266630467537304",
  "avgAbsoluteError": 7.16296434,
  "avgSignedError": -1.78940654,
  "maxAbsoluteError": 48.7632751,
  "maxOvershoot": 9.25003052,
  "avgSettlingTime10Degrees": 0.0670604,
  "avgSettlingTime5Degrees": 0.1591434,
  "avgSettlingTime2Degrees": 0.218197,
  "avg10PercentResponseTime": 0.0,
  "avg50PercentResponseTime": 0.0560505,
  "avgCompleteResponseTime": 0.0970875
}