{
  "createdTimestamp": "132266630467537304",
  "avgAbsoluteError": 0.0175926238,
  "avgSignedError": -0.00155057735,
  "maxAbsoluteError": 0.354034424
}