{
  "createdTimestamp": "132266630467537304",
  "avgAbsoluteError": 7.07720232,
  "avgSignedError": -0.289570481,
  "maxAbsoluteError": 48.4324341,
  "avgSettlingTime10Degrees": 0.1591434,
  "avgSettlingTime5Degrees": 0.2442201,
  "avgSettlingTime2Degrees": 0.2128188,
  "avg10PercentResponseTime": 0.0170148,
  "avg50PercentResponseTime": 0.0970875
}