{
  "createdTimestamp": "132266630467537304",
  "avgAbsoluteError": 8.558786,
  "avgSignedError": 3.8025043,
  "maxAbsoluteError": 47.5328445
}