{
  "createdTimestamp": "132266630467537304",
  "avgAbsoluteError": 5.548265,
  "avgSignedError": -1.3635205,
  "maxAbsoluteError": 23.3875847
}