{
  "createdTimestamp": "132266630467537304",
  "avgAbsoluteError": 5.788032,
  "avgSignedError": 0.985606253,
  "maxAbsoluteError": 40.3034554,
  "avgSettlingTime10Degrees": 0.0670604,
  "avgSettlingTime5Degrees": 0.123111,
  "avgSettlingTime2Degrees": 0.3986133,
  "avg10PercentResponseTime": 0.0430391,
  "avg50PercentResponseTime": 0.0970875
}