{
  "createdTimestamp": "132266630467537304",
  "avgAbsoluteError": 17.1762123,
  "avgSignedError": 1.82188928,
  "maxAbsoluteError": 179.99971
}