{
  "createdTimestamp": "132266630467537304",
  "avgAbsoluteError": 7.30590343,
  "avgSignedError": 0.8713283,
  "maxAbsoluteError": 68.6665649
}