{
  "createdTimestamp": "132266630467537304",
  "avgAbsoluteError": 6.647704,
  "avgSignedError": -1.60328829,
  "maxAbsoluteError": 47.7756958,
  "maxOvershoot": 0.0300598145,
  "avgSettlingTime10Degrees": 0.1080972,
  "avgSettlingTime5Degrees": 0.1591434,
  "avgSettlingTime2Degrees": 0.218197,
  "avg10PercentResponseTime": 0.0170148,
  "avg50PercentResponseTime": 0.0560505,
  "avgCompleteResponseTime": 0.4816881
}