{
  "createdTimestamp": "132266630467537304",
  "avgAbsoluteError": 6.037993,
  "avgSignedError": 1.86149979,
  "maxAbsoluteError": 34.77328
}