{
  "createdTimestamp": "132266630467537304",
  "avgAbsoluteError": 13.6262007,
  "avgSignedError": -8.063892,
  "maxAbsoluteError": 72.1413,
  "avgSettlingTime10Degrees": 0.1080972,
  "avgSettlingTime5Degrees": 0.1591434,
  "avgSettlingTime2Degrees": 0.140626788,
  "avg10PercentResponseTime": 0.0170148,
  "avg50PercentResponseTime": 0.0560505
}