{
  "createdTimestamp": "132266630467537304",
  "avgAbsoluteError": 2.03354,
  "avgSignedError": 0.168053582,
  "maxAbsoluteError": 6.147584
}