{
  "createdTimestamp": "132266630467537304",
  "avgAbsoluteError": 13.8143969,
  "avgSignedError": -12.8657446,
  "maxAbsoluteError": 34.42285
}