{
  "createdTimestamp": "132266630467537304",
  "avgAbsoluteError": 0.0314402543,
  "avgSignedError": 0.00655926066,
  "maxAbsoluteError": 0.443044722
}