{
  "createdTimestamp": "132266630467537304",
  "avgAbsoluteError": 0.013862065,
  "avgSignedError": -0.00275367172,
  "maxAbsoluteError": 0.389591664
}