{
  "createdTimestamp": "132266630467537304",
  "avgAbsoluteError": 4.61374855,
  "avgSignedError": -0.6229013,
  "maxAbsoluteError": 20.3784657
}