{
  "createdTimestamp": "132266630467537304",
  "avgAbsoluteError": 0.01959018,
  "avgSignedError": 0.004044898,
  "maxAbsoluteError": 0.44051972
}