{
  "createdTimestamp": "132266630467537304",
  "avgAbsoluteError": 3.0104413,
  "avgSignedError": -2.15238547,
  "maxAbsoluteError": 18.2360229,
  "avgSettlingTime10Degrees": 0.0290262,
  "avgSettlingTime5Degrees": 0.1080972,
  "avgSettlingTime2Degrees": 0.1881694,
  "avg10PercentResponseTime": 0.0170148,
  "avg50PercentResponseTime": 0.0810732
}