{
  "createdTimestamp": "132266630467537304",
  "avgAbsoluteError": 3.493688,
  "avgSignedError": 1.21023488,
  "maxAbsoluteError": 10.9574585
}