{
  "createdTimestamp": "132266630467537304",
  "avgAbsoluteError": 1.27302063,
  "avgSignedError": -0.146565646,
  "maxAbsoluteError": 12.01712,
  "avgSettlingTime10Degrees": 0.0290262,
  "avgSettlingTime5Degrees": 0.1080972,
  "avgSettlingTime2Degrees": 0.1591434,
  "avg10PercentResponseTime": 0.0,
  "avg50PercentResponseTime": 0.0560505
}