{
  "createdTimestamp": "132266630467537304",
  "avgAbsoluteError": 0.0301505812,
  "avgSignedError": 0.00631222129,
  "maxAbsoluteError": 0.356611878
}