{
  "createdTimestamp": "132266630467537304",
  "avgAbsoluteError": 0.0305471048,
  "avgSignedError": -0.00282610347,
  "maxAbsoluteError": 0.3401573
}