{
  "createdTimestamp": "132266630467537304",
  "avgAbsoluteError": 21.3205719,
  "avgSignedError": -15.8724356,
  "maxAbsoluteError": 160.197159,
  "avgSettlingTime5Degrees": 0.1461316,
  "avgSettlingTime2Degrees": 0.1881694
}