{
  "createdTimestamp": "132266630467537304",
  "avgAbsoluteError": 6.38425732,
  "avgSignedError": 0.16405569,
  "maxAbsoluteError": 26.0995483
}