{
  "createdTimestamp": "132266630467537304",
  "avgAbsoluteError": 11.2119265,
  "avgSignedError": -6.11863327,
  "maxAbsoluteError": 79.7768555,
  "avgSettlingTime10Degrees": 0.1080972,
  "avgSettlingTime5Degrees": 0.1591434,
  "avgSettlingTime2Degrees": 0.140626788,
  "avg10PercentResponseTime": 0.0170148,
  "avg50PercentResponseTime": 0.0560505
}