{
  "createdTimestamp": "132266630467537304",
  "avgAbsoluteError": 7.311098,
  "avgSignedError": -2.98520279,
  "maxAbsoluteError": 47.77484,
  "maxOvershoot": 0.0313415527,
  "avgSettlingTime10Degrees": 0.1080972,
  "avgSettlingTime5Degrees": 0.123111,
  "avgSettlingTime2Degrees": 0.2021822,
  "avg10PercentResponseTime": 0.0,
  "avg50PercentResponseTime": 0.0430391,
  "avgCompleteResponseTime": 0.440651
}