{
  "createdTimestamp": "132266630467537304",
  "avgAbsoluteError": 21.2149754,
  "avgSignedError": 3.56484,
  "maxAbsoluteError": 179.999283
}