{
  "createdTimestamp": "132266630467537304",
  "avgAbsoluteError": 1.4939512,
  "avgSignedError": 0.907155335,
  "maxAbsoluteError": 6.84991264
}