{
  "createdTimestamp": "132266630467537304",
  "avgAbsoluteError": 14.0636826,
  "avgSignedError": -4.1976366,
  "maxAbsoluteError": 77.30725,
  "avgSettlingTime10Degrees": 0.1881694,
  "avgSettlingTime5Degrees": 0.2442201,
  "avgSettlingTime2Degrees": 0.3473127,
  "avg10PercentResponseTime": 0.0,
  "avg50PercentResponseTime": 0.123111
}