{
  "createdTimestamp": "132266630467537304",
  "avgAbsoluteError": 1.018449,
  "avgSignedError": -0.490096569,
  "maxAbsoluteError": 7.8427124
}