{
  "createdTimestamp": "132266630467537304",
  "avgAbsoluteError": 5.953008,
  "avgSignedError": -0.299671382,
  "maxAbsoluteError": 44.31934,
  "avgSettlingTime10Degrees": 0.1591434,
  "avgSettlingTime5Degrees": 0.2682417,
  "avgSettlingTime2Degrees": 0.2178234,
  "avg10PercentResponseTime": 0.0170148,
  "avg50PercentResponseTime": 0.123111
}