{
  "createdTimestamp": "132266630467537304",
  "avgAbsoluteError": 0.0174907781,
  "avgSignedError": -0.004183339,
  "maxAbsoluteError": 0.275707543
}