{
  "createdTimestamp": "132266630467537304",
  "avgAbsoluteError": 10.2302446,
  "avgSignedError": -4.94048738,
  "maxAbsoluteError": 179.706467,
  "maxOvershoot": 3.5143826,
  "avgSettlingTime10Degrees": 0.0290262,
  "avgSettlingTime5Degrees": 0.0290262,
  "avgSettlingTime2Degrees": 0.0810732,
  "avg10PercentResponseTime": 0.0430391,
  "avg50PercentResponseTime": 0.0430391,
  "avgCompleteResponseTime": 0.0560505
}