{
  "createdTimestamp": "132266630467537304",
  "avgAbsoluteError": 0.0269351825,
  "avgSignedError": -0.00227971352,
  "maxAbsoluteError": 0.275140047
}