{
  "createdTimestamp": "132266630467537304",
  "avgAbsoluteError": 5.942059,
  "avgSignedError": 5.645955,
  "maxAbsoluteError": 31.3545265,
  "avgSettlingTime5Degrees": 0.7329144,
  "avgSettlingTime2Degrees": 0.7329144
}