{
  "createdTimestamp": "132266630467537304",
  "avgAbsoluteError": 9.90761852,
  "avgSignedError": 0.4597031,
  "maxAbsoluteError": 35.9995728
}