{
  "createdTimestamp": "132266630467537304",
  "avgAbsoluteError": 0.0245850664,
  "avgSignedError": -0.004865299,
  "maxAbsoluteError": 0.3131714
}