{
  "createdTimestamp": "132266630467537304",
  "avgAbsoluteError": 2.38892484,
  "avgSignedError": 0.7213303,
  "maxAbsoluteError": 41.25178,
  "avgSettlingTime10Degrees": 0.0670604,
  "avgSettlingTime5Degrees": 0.123111,
  "avgSettlingTime2Degrees": 0.09908925,
  "avg10PercentResponseTime": 0.0170148,
  "avg50PercentResponseTime": 0.0560505
}