{
  "createdTimestamp": "132266630467537304",
  "avgAbsoluteError": 0.0293575469,
  "avgSignedError": 0.00570176961,
  "maxAbsoluteError": 0.4358545
}