{
  "createdTimestamp": "132266630467537304",
  "avgAbsoluteError": 1.5424391,
  "avgSignedError": -1.04491377,
  "maxAbsoluteError": 9.162262
}