{
  "createdTimestamp": "132266630467537304",
  "avgAbsoluteError": 0.02146911,
  "avgSignedError": 0.00126421708,
  "maxAbsoluteError": 0.479980469
}