{
  "createdTimestamp": "132266630467537304",
  "avgAbsoluteError": 4.14005375,
  "avgSignedError": 3.24603033,
  "maxAbsoluteError": 10.1650248
}