{
  "createdTimestamp": "132266630467537304",
  "avgAbsoluteError": 7.324525,
  "avgSignedError": -0.21656087,
  "maxAbsoluteError": 42.40103,
  "avgSettlingTime10Degrees": 0.1881694,
  "avgSettlingTime5Degrees": 0.3092783,
  "avgSettlingTime2Degrees": 0.440651,
  "avg10PercentResponseTime": 0.0170148,
  "avg50PercentResponseTime": 0.123111
}