{
  "createdTimestamp": "132266630467537304",
  "avgAbsoluteError": 5.25476265,
  "avgSignedError": -1.04068923,
  "maxAbsoluteError": 58.734436,
  "maxOvershoot": 52.0708237,
  "avgSettlingTime10Degrees": 0.218197,
  "avgSettlingTime5Degrees": 0.2682417,
  "avgSettlingTime2Degrees": 0.319289,
  "avg10PercentResponseTime": 0.0170148,
  "avgCompleteResponseTime": 0.0430391
}