{
  "createdTimestamp": "132266630467537304",
  "avgAbsoluteError": 0.01992057,
  "avgSignedError": 0.00296814879,
  "maxAbsoluteError": 0.5539332
}