{
  "createdTimestamp": "132266630467537304",
  "avgAbsoluteError": 8.669172,
  "avgSignedError": 7.99059057,
  "maxAbsoluteError": 34.7659
}