{
  "createdTimestamp": "132266630467537304",
  "avgAbsoluteError": 0.03148833,
  "avgSignedError": -0.004511748,
  "maxAbsoluteError": 1.442627
}