{
  "createdTimestamp": "132266630467537304",
  "avgAbsoluteError": 8.449089,
  "avgSignedError": -2.67777085,
  "maxAbsoluteError": 48.34729,
  "maxOvershoot": 0.007751465,
  "avgSettlingTime10Degrees": 0.123111,
  "avgSettlingTime5Degrees": 0.1881694,
  "avgSettlingTime2Degrees": 0.2682417,
  "avg10PercentResponseTime": 0.0,
  "avg50PercentResponseTime": 0.0430391,
  "avgCompleteResponseTime": 0.5957909
}