{
  "createdTimestamp": "132266630467537304",
  "avgAbsoluteError": 4.36261,
  "avgSignedError": 0.134614259,
  "maxAbsoluteError": 25.1983643
}