{
  "createdTimestamp": "132266630467537304",
  "avgAbsoluteError": 4.590838,
  "avgSignedError": -1.67538786,
  "maxAbsoluteError": 51.3781433,
  "maxOvershoot": 0.0038404623,
  "avgSettlingTime10Degrees": 0.0290262,
  "avgSettlingTime5Degrees": 0.0670604,
  "avgSettlingTime2Degrees": 0.1461316,
  "avg10PercentResponseTime": 0.0,
  "avg50PercentResponseTime": 0.0430391,
  "avgCompleteResponseTime": 0.4967015
}