{
  "createdTimestamp": "132266630467537304",
  "avgAbsoluteError": 13.3248739,
  "avgSignedError": -8.433083,
  "maxAbsoluteError": 59.523468,
  "avgSettlingTime10Degrees": 0.1461316,
  "avgSettlingTime5Degrees": 0.218197,
  "avgSettlingTime2Degrees": 0.178161249,
  "avg10PercentResponseTime": 0.0,
  "avg50PercentResponseTime": 0.0810732
}