{
  "createdTimestamp": "132266630467537304",
  "avgAbsoluteError": 5.426274,
  "avgSignedError": 1.80886745,
  "maxAbsoluteError": 47.169342,
  "avgSettlingTime5Degrees": 0.1461316,
  "avgSettlingTime2Degrees": 0.1881694
}