{
  "createdTimestamp": "132266630467537304",
  "avgAbsoluteError": 0.0248536337,
  "avgSignedError": 0.006490428,
  "maxAbsoluteError": 0.281798422
}