{
  "createdTimestamp": "132266630467537304",
  "avgAbsoluteError": 13.674469,
  "avgSignedError": -8.556255,
  "maxAbsoluteError": 59.57425,
  "avgSettlingTime10Degrees": 0.0810732,
  "avgSettlingTime5Degrees": 0.1461316,
  "avgSettlingTime2Degrees": 0.119607851,
  "avg10PercentResponseTime": 0.0170148,
  "avg50PercentResponseTime": 0.0560505
}