{
  "createdTimestamp": "132266630467537304",
  "avgAbsoluteError": 7.59026051,
  "avgSignedError": -0.6671765,
  "maxAbsoluteError": 58.58264
}