{
  "createdTimestamp": "132266630467537304",
  "avgAbsoluteError": 9.056541,
  "avgSignedError": 4.045151,
  "maxAbsoluteError": 178.42366,
  "maxOvershoot": 173.188431,
  "avgSettlingTime10Degrees": 0.0810732,
  "avgSettlingTime5Degrees": 0.123111,
  "avgSettlingTime2Degrees": 0.1461316,
  "avgCompleteResponseTime": 0.0170148
}