{
  "createdTimestamp": "132266630467537304",
  "avgAbsoluteError": 1.1822232,
  "avgSignedError": 0.6481921,
  "maxAbsoluteError": 4.771911
}