{
  "createdTimestamp": "132266630467537304",
  "avgAbsoluteError": 4.130362,
  "avgSignedError": 3.3413105,
  "maxAbsoluteError": 31.7589645
}