{
  "createdTimestamp": "132266630467537304",
  "avgAbsoluteError": 0.029841125,
  "avgSignedError": 0.000284567184,
  "maxAbsoluteError": 0.317161381
}