{
  "createdTimestamp": "132266630467537304",
  "avgAbsoluteError": 1.79665554,
  "avgSignedError": -1.01445413,
  "maxAbsoluteError": 14.8211975,
  "maxOvershoot": 0.0170288086,
  "avgSettlingTime10Degrees": 0.0,
  "avgSettlingTime5Degrees": 0.0430391,
  "avgSettlingTime2Degrees": 0.0810732,
  "avg10PercentResponseTime": 0.0170148,
  "avg50PercentResponseTime": 0.0560505,
  "avgCompleteResponseTime": 0.440651
}