{
  "createdTimestamp": "132266630467537304",
  "avgAbsoluteError": 0.0229905583,
  "avgSignedError": 0.00110910134,
  "maxAbsoluteError": 0.627169251
}