{
  "createdTimestamp": "132266630467537304",
  "avgAbsoluteError": 10.3939972,
  "avgSignedError": -0.387895644,
  "maxAbsoluteError": 60.0115051,
  "avgSettlingTime10Degrees": 0.3092783,
  "avgSettlingTime5Degrees": 0.5077112,
  "avgSettlingTime2Degrees": 0.384973943,
  "avg10PercentResponseTime": 0.0,
  "avg50PercentResponseTime": 0.1591434
}