{
  "createdTimestamp": "132266630467537304",
  "avgAbsoluteError": 2.276229,
  "avgSignedError": 0.652925,
  "maxAbsoluteError": 7.429896,
  "avgSettlingTime2Degrees": 0.0430391
}