{
  "createdTimestamp": "132266630467537304",
  "avgAbsoluteError": 0.0190714262,
  "avgSignedError": -0.00416802568,
  "maxAbsoluteError": 0.3887024
}