{
  "createdTimestamp": "132266630467537304",
  "avgAbsoluteError": 8.785452,
  "avgSignedError": -6.51442671,
  "maxAbsoluteError": 102.594727
}