{
  "createdTimestamp": "132266630467537304",
  "avgAbsoluteError": 6.5519166,
  "avgSignedError": 5.02939463,
  "maxAbsoluteError": 88.1358643
}