{
  "createdTimestamp": "132266630467537304",
  "avgAbsoluteError": 2.41533136,
  "avgSignedError": 0.8901881,
  "maxAbsoluteError": 102.824463
}