{
  "createdTimestamp": "132266630467537304",
  "avgAbsoluteError": 2.1965878,
  "avgSignedError": 0.209339216,
  "maxAbsoluteError": 82.17374
}