{
  "createdTimestamp": "132266630467537304",
  "avgAbsoluteError": 4.33584166,
  "avgSignedError": -3.2827673,
  "maxAbsoluteError": 50.50174
}