{
  "createdTimestamp": "132266630467537304",
  "avgAbsoluteError": 1.46243989,
  "avgSignedError": 0.5537641,
  "maxAbsoluteError": 51.9449463,
  "avgSettlingTime2Degrees": 0.3092783
}