{
  "createdTimestamp": "132292734164549775",
  "avgAbsoluteError": 2.33874679,
  "avgSignedError": 0.033519417,
  "maxAbsoluteError": 7.375885
}