{
  "createdTimestamp": "132292734164549775",
  "avgAbsoluteError": 0.008695715,
  "avgSignedError": 0.00256241276,
  "maxAbsoluteError": 0.04205674
}