{
  "createdTimestamp": "132292734164549775",
  "avgAbsoluteError": 23.2382,
  "avgSignedError": -5.620797,
  "maxAbsoluteError": 74.76789
}