{
  "createdTimestamp": "132292734164549775",
  "avgAbsoluteError": 6.069816,
  "avgSignedError": -3.150088,
  "maxAbsoluteError": 25.8397217
}