{
  "createdTimestamp": "132292734164549775",
  "avgAbsoluteError": 0.00961627,
  "avgSignedError": 0.00354750827,
  "maxAbsoluteError": 0.0580834076
}