{
  "createdTimestamp": "132292734164549775",
  "avgAbsoluteError": 7.39738,
  "avgSignedError": -4.004101,
  "maxAbsoluteError": 24.5558777
}