{
  "createdTimestamp": "132292734164549775",
  "avgAbsoluteError": 7.09819174,
  "avgSignedError": 7.09819174,
  "maxAbsoluteError": 23.52756
}