{
  "createdTimestamp": "132292734164549775",
  "avgAbsoluteError": 0.8526965,
  "avgSignedError": 0.651024461,
  "maxAbsoluteError": 4.182792
}