{
  "createdTimestamp": "132292734164549775",
  "avgAbsoluteError": 23.9400349,
  "avgSignedError": -20.10129,
  "maxAbsoluteError": 76.95947
}