{
  "createdTimestamp": "132292734164549775",
  "avgAbsoluteError": 0.00585161941,
  "avgSignedError": 0.0011647616,
  "maxAbsoluteError": 0.0126733258
}