{
  "createdTimestamp": "132292734164549775",
  "avgAbsoluteError": 2.64493918,
  "avgSignedError": -2.3769393,
  "maxAbsoluteError": 17.66397
}