{
  "createdTimestamp": "132292734164549775",
  "avgAbsoluteError": 2.44396615,
  "avgSignedError": -2.44396615,
  "maxAbsoluteError": 10.0026855
}