{
  "createdTimestamp": "132292734164549775",
  "avgAbsoluteError": 1.52349961,
  "avgSignedError": 0.2564025,
  "maxAbsoluteError": 6.823761
}