{
  "createdTimestamp": "132292734164549775",
  "avgAbsoluteError": 6.82087326,
  "avgSignedError": -0.331896216,
  "maxAbsoluteError": 17.90546
}