{
  "createdTimestamp": "132292734164549775",
  "avgAbsoluteError": 6.53834343,
  "avgSignedError": 6.39014769,
  "maxAbsoluteError": 23.941021
}