{
  "createdTimestamp": "132292734164549775",
  "avgAbsoluteError": 0.009213446,
  "avgSignedError": -0.00161138538,
  "maxAbsoluteError": 0.025390625
}