{
  "createdTimestamp": "132292734164549775",
  "avgAbsoluteError": 1.91872406,
  "avgSignedError": -1.91872406,
  "maxAbsoluteError": 3.861847
}