{
  "createdTimestamp": "132292734164549775",
  "avgAbsoluteError": 7.025806,
  "avgSignedError": -5.59425163,
  "maxAbsoluteError": 20.7863159
}