{
  "createdTimestamp": "132292734164549775",
  "avgAbsoluteError": 0.00646537961,
  "avgSignedError": -0.00123439461,
  "maxAbsoluteError": 0.0219726563
}