{
  "createdTimestamp": "132292734164549775",
  "avgAbsoluteError": 1.264624,
  "avgSignedError": 1.07598519,
  "maxAbsoluteError": 3.12091541
}