{
  "createdTimestamp": "132292734164549775",
  "avgAbsoluteError": 5.830616,
  "avgSignedError": -0.3958446,
  "maxAbsoluteError": 25.2447319
}