{
  "createdTimestamp": "132292734164549775",
  "avgAbsoluteError": 2.01688051,
  "avgSignedError": 0.413051069,
  "maxAbsoluteError": 14.8317566
}