{
  "createdTimestamp": "132292734164549775",
  "avgAbsoluteError": 0.00760209141,
  "avgSignedError": -0.00206833077,
  "maxAbsoluteError": 0.0467834473
}