{
  "createdTimestamp": "132292734164549775",
  "avgAbsoluteError": 0.00696328934,
  "avgSignedError": -0.00157841865,
  "maxAbsoluteError": 0.0922851563
}