{
  "createdTimestamp": "132292734164549775",
  "avgAbsoluteError": 0.004976836,
  "avgSignedError": -1.92853458E-05,
  "maxAbsoluteError": 0.01828003
}