{
  "createdTimestamp": "132292734164549775",
  "avgAbsoluteError": 6.29893875,
  "avgSignedError": -4.52850056,
  "maxAbsoluteError": 23.5267944
}