{
  "createdTimestamp": "132292734164549775",
  "avgAbsoluteError": 0.007961,
  "avgSignedError": -0.00251456047,
  "maxAbsoluteError": 0.06436157
}