{
  "createdTimestamp": "132292734164549775",
  "avgAbsoluteError": 5.241336,
  "avgSignedError": -2.3140533,
  "maxAbsoluteError": 13.4210205
}