{
  "createdTimestamp": "132292734164549775",
  "avgAbsoluteError": 0.0027331966,
  "avgSignedError": 0.0008945494,
  "maxAbsoluteError": 0.04158613
}