{
  "createdTimestamp": "132292734164549775",
  "avgAbsoluteError": 7.950534,
  "avgSignedError": 0.209507555,
  "maxAbsoluteError": 23.6510429
}