{
  "createdTimestamp": "132292734164549775",
  "avgAbsoluteError": 0.009458002,
  "avgSignedError": 0.00268748,
  "maxAbsoluteError": 0.0774230957
}