{
  "createdTimestamp": "132292734164549775",
  "avgAbsoluteError": 7.902408,
  "avgSignedError": -2.03040218,
  "maxAbsoluteError": 33.6483154
}