{
  "createdTimestamp": "132292734164549775",
  "avgAbsoluteError": 5.51526833,
  "avgSignedError": -0.5469053,
  "maxAbsoluteError": 13.7417183
}