{
  "createdTimestamp": "132292734164549775",
  "avgAbsoluteError": 7.15998554,
  "avgSignedError": 4.186933,
  "maxAbsoluteError": 15.4203224
}