{
  "createdTimestamp": "132292734164549775",
  "avgAbsoluteError": 0.00877622,
  "avgSignedError": 0.0027445436,
  "maxAbsoluteError": 0.07201352
}