{
  "createdTimestamp": "132292734164549775",
  "avgAbsoluteError": 0.003937175,
  "avgSignedError": 0.000562719768,
  "maxAbsoluteError": 0.0373535156
}