{
  "createdTimestamp": "132292734164549775",
  "avgAbsoluteError": 7.878908,
  "avgSignedError": 6.5196147,
  "maxAbsoluteError": 17.1545753
}