{
  "createdTimestamp": "132292734164549775",
  "avgAbsoluteError": 3.09339571,
  "avgSignedError": 1.81350851,
  "maxAbsoluteError": 6.209839
}