{
  "createdTimestamp": "132292734164549775",
  "avgAbsoluteError": 5.478534,
  "avgSignedError": 3.20595646,
  "maxAbsoluteError": 15.0480957
}