{
  "createdTimestamp": "132292734164549775",
  "avgAbsoluteError": 2.081707,
  "avgSignedError": -1.12808061,
  "maxAbsoluteError": 5.170349
}