{
  "createdTimestamp": "132292734164549775",
  "avgAbsoluteError": 16.55677,
  "avgSignedError": -2.26926875,
  "maxAbsoluteError": 179.690948
}