{
  "createdTimestamp": "132292734164549775",
  "avgAbsoluteError": 4.04309368,
  "avgSignedError": -0.5710006,
  "maxAbsoluteError": 21.2073555
}