{
  "createdTimestamp": "132292734164549775",
  "avgAbsoluteError": 1.68756807,
  "avgSignedError": 1.56630433,
  "maxAbsoluteError": 4.97108841
}