{
  "createdTimestamp": "132292734164549775",
  "avgAbsoluteError": 2.25707626,
  "avgSignedError": -0.537063837,
  "maxAbsoluteError": 7.45846558
}