{
  "createdTimestamp": "132292734164549775",
  "avgAbsoluteError": 8.126164,
  "avgSignedError": -1.17856658,
  "maxAbsoluteError": 40.1304
}