{
  "createdTimestamp": "132292734164549775",
  "avgAbsoluteError": 2.24520063,
  "avgSignedError": -0.23959446,
  "maxAbsoluteError": 8.260468
}