{
  "createdTimestamp": "132292734164549775",
  "avgAbsoluteError": 3.53301573,
  "avgSignedError": -0.4450948,
  "maxAbsoluteError": 11.3586121
}