{
  "createdTimestamp": "132292734164549775",
  "avgAbsoluteError": 8.686734,
  "avgSignedError": -1.51413369,
  "maxAbsoluteError": 49.8179626
}