{
  "createdTimestamp": "132292734164549775",
  "avgAbsoluteError": 27.8929024,
  "avgSignedError": -27.8929024,
  "maxAbsoluteError": 32.38388
}