{
  "createdTimestamp": "132292734164549775",
  "avgAbsoluteError": 0.0101919938,
  "avgSignedError": -0.0006147324,
  "maxAbsoluteError": 0.0535888672
}