{
  "createdTimestamp": "132292734164549775",
  "avgAbsoluteError": 1.59027684,
  "avgSignedError": 1.59027684,
  "maxAbsoluteError": 6.167388
}