{
  "createdTimestamp": "132292734164549775",
  "avgAbsoluteError": 0.007414785,
  "avgSignedError": -0.0007893332,
  "maxAbsoluteError": 0.0230102539
}