{
  "createdTimestamp": "132292734164549775",
  "avgAbsoluteError": 0.0185450017,
  "avgSignedError": 0.005027614,
  "maxAbsoluteError": 0.165405273
}