{
  "createdTimestamp": "132292734164549775",
  "avgAbsoluteError": 1.41359186,
  "avgSignedError": -1.26443529,
  "maxAbsoluteError": 5.11947632
}