{
  "createdTimestamp": "132292734164549775",
  "avgAbsoluteError": 9.766154,
  "avgSignedError": 3.17275381,
  "maxAbsoluteError": 30.1147156
}