{
  "createdTimestamp": "132292734164549775",
  "avgAbsoluteError": 14.1424217,
  "avgSignedError": -11.0645657,
  "maxAbsoluteError": 37.2238464
}