{
  "createdTimestamp": "132292734164549775",
  "avgAbsoluteError": 0.0104947509,
  "avgSignedError": 0.00102408358,
  "maxAbsoluteError": 0.04493232
}