{
  "createdTimestamp": "132292734164549775",
  "avgAbsoluteError": 7.63206148,
  "avgSignedError": 1.59691954,
  "maxAbsoluteError": 39.48134
}