{
  "createdTimestamp": "132292734164549775",
  "avgAbsoluteError": 11.74378,
  "avgSignedError": -0.51273793,
  "maxAbsoluteError": 29.9625835
}