{
  "createdTimestamp": "132292734164549775",
  "avgAbsoluteError": 9.09113,
  "avgSignedError": 0.207538366,
  "maxAbsoluteError": 18.8805542
}