{
  "createdTimestamp": "132292734164549775",
  "avgAbsoluteError": 18.0364075,
  "avgSignedError": -5.964677,
  "maxAbsoluteError": 171.517639
}