{
  "createdTimestamp": "132292734164549775",
  "avgAbsoluteError": 18.7940884,
  "avgSignedError": 8.77222252,
  "maxAbsoluteError": 161.5427
}