{
  "createdTimestamp": "132292734164549775",
  "avgAbsoluteError": 1.72705126,
  "avgSignedError": -0.6833654,
  "maxAbsoluteError": 7.40213
}