{
  "createdTimestamp": "132292734164549775",
  "avgAbsoluteError": 6.659829,
  "avgSignedError": -1.46295416,
  "maxAbsoluteError": 16.1909485
}