{
  "createdTimestamp": "132292734164549775",
  "avgAbsoluteError": 0.0122994911,
  "avgSignedError": -0.0007077151,
  "maxAbsoluteError": 0.0785522461
}