{
  "createdTimestamp": "132292734164549775",
  "avgAbsoluteError": 0.00891155,
  "avgSignedError": -0.000163413482,
  "maxAbsoluteError": 0.0573081449
}