{
  "createdTimestamp": "132292734164549775",
  "avgAbsoluteError": 0.005757875,
  "avgSignedError": 0.0006364685,
  "maxAbsoluteError": 0.03529163
}