{
  "createdTimestamp": "132292734164549775",
  "avgAbsoluteError": 3.81653118,
  "avgSignedError": 2.76136661,
  "maxAbsoluteError": 20.493721
}