{
  "createdTimestamp": "132292734164549775",
  "avgAbsoluteError": 24.8746376,
  "avgSignedError": -24.7385273,
  "maxAbsoluteError": 45.241333
}