{
  "createdTimestamp": "132292734164549775",
  "avgAbsoluteError": 2.5195992,
  "avgSignedError": -1.78596807,
  "maxAbsoluteError": 10.8023987
}