{
  "createdTimestamp": "132268470311003807",
  "avgAbsoluteError": 0.000241554138,
  "avgSignedError": 0.000233876141,
  "maxAbsoluteError": 0.00241088867
}