{
  "createdTimestamp": "132268470311003807",
  "avgAbsoluteError": 0.000117210824,
  "avgSignedError": -0.000117210824,
  "maxAbsoluteError": 0.000305175781
}