{
  "createdTimestamp": "132268470311003807",
  "avgAbsoluteError": 0.00353551982,
  "avgSignedError": 0.00137713,
  "maxAbsoluteError": 0.238342285
}