{
  "createdTimestamp": "132268470311003807",
  "avgAbsoluteError": 36.25678,
  "avgSignedError": 36.25678,
  "maxAbsoluteError": 36.338623,
  "avgSettlingTime2Degrees": 8.418993
}