{
  "createdTimestamp": "132268470311003807",
  "avgAbsoluteError": 0.27465117,
  "avgSignedError": 0.274651051,
  "maxAbsoluteError": 0.275536
}