{
  "createdTimestamp": "132268470311003807",
  "avgAbsoluteError": 7.199877E-06,
  "avgSignedError": -5.046029E-06,
  "maxAbsoluteError": 0.000793457031
}