{
  "createdTimestamp": "132268470311003807",
  "avgAbsoluteError": 0.0004986767,
  "avgSignedError": -0.000479440874,
  "maxAbsoluteError": 0.00598144531
}