{
  "createdTimestamp": "132268470311003807",
  "avgAbsoluteError": 0.0182422642,
  "avgSignedError": -0.0181756057,
  "maxAbsoluteError": 0.025970459
}