{
  "createdTimestamp": "132268470311003807",
  "avgAbsoluteError": 0.001660525,
  "avgSignedError": -0.00165782426,
  "maxAbsoluteError": 0.00213623047
}