{
  "createdTimestamp": "132268470311003807",
  "avgAbsoluteError": 0.246315032,
  "avgSignedError": 0.246315032,
  "maxAbsoluteError": 0.2484436
}