{
  "createdTimestamp": "132268470311003807",
  "avgAbsoluteError": 0.00155751419,
  "avgSignedError": -0.00153467455,
  "maxAbsoluteError": 0.05834961
}