{
  "createdTimestamp": "132268470311003807",
  "avgAbsoluteError": 0.002387853,
  "avgSignedError": -0.002385621,
  "maxAbsoluteError": 0.00283813477
}