{
  "createdTimestamp": "132268470311003807",
  "avgAbsoluteError": 0.00144748623,
  "avgSignedError": -0.000284629263,
  "maxAbsoluteError": 0.421417236
}