{
  "createdTimestamp": "132268470311003807",
  "avgAbsoluteError": 0.0003331811,
  "avgSignedError": -0.00031215878,
  "maxAbsoluteError": 0.00634765625
}