{
  "createdTimestamp": "132268470311003807",
  "avgAbsoluteError": 0.000150306048,
  "avgSignedError": 0.000148167877,
  "maxAbsoluteError": 0.0006713867
}