{
  "createdTimestamp": "132268470311003807",
  "avgAbsoluteError": 0.220010385,
  "avgSignedError": 0.220010385,
  "maxAbsoluteError": 0.5222106
}