{
  "createdTimestamp": "132268470311003807",
  "avgAbsoluteError": 0.000526518,
  "avgSignedError": -0.0005075809,
  "maxAbsoluteError": 0.00579834
}