{
  "createdTimestamp": "132268470311003807",
  "avgAbsoluteError": 3.33529169E-05,
  "avgSignedError": -3.32220552E-05,
  "maxAbsoluteError": 0.000640869141
}