{
  "createdTimestamp": "132268470311003807",
  "avgAbsoluteError": 0.0006166956,
  "avgSignedError": -0.0004797986,
  "maxAbsoluteError": 0.215698242
}