{
  "createdTimestamp": "132268470311003807",
  "avgAbsoluteError": 0.007650922,
  "avgSignedError": -0.007650922,
  "maxAbsoluteError": 0.676818848
}