{
  "createdTimestamp": "132268470311003807",
  "avgAbsoluteError": 0.000253913662,
  "avgSignedError": 0.000253816484,
  "maxAbsoluteError": 0.0002726767
}