{
  "createdTimestamp": "132268470311003807",
  "avgAbsoluteError": 0.0005294803,
  "avgSignedError": -0.0005293047,
  "maxAbsoluteError": 0.00183105469
}