{
  "createdTimestamp": "132268470311003807",
  "avgAbsoluteError": 3.43565735E-05,
  "avgSignedError": -3.43565735E-05,
  "maxAbsoluteError": 6.10351563E-05
}