{
  "createdTimestamp": "132268470311003807",
  "avgAbsoluteError": 0.699733734,
  "avgSignedError": -0.699733734,
  "maxAbsoluteError": 0.7134094
}