{
  "createdTimestamp": "132268470311003807",
  "avgAbsoluteError": 0.000469212129,
  "avgSignedError": 0.000469212129,
  "maxAbsoluteError": 0.000488662743
}