{
  "createdTimestamp": "132268470311003807",
  "avgAbsoluteError": 4.40411059E-05,
  "avgSignedError": 4.40411059E-05,
  "maxAbsoluteError": 0.0001652956
}