{
  "createdTimestamp": "132268470311003807",
  "avgAbsoluteError": 10.6480083,
  "avgSignedError": -10.6480064,
  "maxAbsoluteError": 10.682251,
  "avgSettlingTime10Degrees": 8.418993,
  "avgSettlingTime5Degrees": 8.418993,
  "avgSettlingTime2Degrees": 8.418993
}