{
  "createdTimestamp": "132268470311003807",
  "avgAbsoluteError": 8.25640163E-05,
  "avgSignedError": 8.25640163E-05,
  "maxAbsoluteError": 0.000158414565
}