{
  "createdTimestamp": "132268470311003807",
  "avgAbsoluteError": 1.41330456E-05,
  "avgSignedError": -1.2496942E-05,
  "maxAbsoluteError": 0.0008239746
}