{
  "createdTimestamp": "132268470311003807",
  "avgAbsoluteError": 6.886373E-05,
  "avgSignedError": 6.886373E-05,
  "maxAbsoluteError": 8.077985E-05
}