{
  "createdTimestamp": "132268470311003807",
  "avgAbsoluteError": 0.000249003875,
  "avgSignedError": 0.000249003875,
  "maxAbsoluteError": 0.000263736234
}