{
  "createdTimestamp": "132268470311003807",
  "avgAbsoluteError": 0.000130316257,
  "avgSignedError": 0.000130219065,
  "maxAbsoluteError": 0.000143344252
}