{
  "createdTimestamp": "132268470311003807",
  "avgAbsoluteError": 0.000167429462,
  "avgSignedError": 0.000167429462,
  "maxAbsoluteError": 0.000185965182
}