{
  "createdTimestamp": "132268470311003807",
  "avgAbsoluteError": 0.0003959694,
  "avgSignedError": -0.000395641022,
  "maxAbsoluteError": 0.0004272461
}