{
  "createdTimestamp": "132268470311003807",
  "avgAbsoluteError": 0.00283900113,
  "avgSignedError": -0.00283843465,
  "maxAbsoluteError": 0.00314331055
}