{
  "createdTimestamp": "132268470311003807",
  "avgAbsoluteError": 0.0208503585,
  "avgSignedError": 0.0135106854,
  "maxAbsoluteError": 0.4734497
}