{
  "createdTimestamp": "132268470311003807",
  "avgAbsoluteError": 0.008565817,
  "avgSignedError": 0.008565817,
  "maxAbsoluteError": 0.06870818
}