{
  "createdTimestamp": "132268470311003807",
  "avgAbsoluteError": 0.17520225,
  "avgSignedError": 0.17520225,
  "maxAbsoluteError": 0.480425119
}