{
  "createdTimestamp": "132268470311003807",
  "avgAbsoluteError": 0.0001679396,
  "avgSignedError": -0.000167559381,
  "maxAbsoluteError": 0.000183105469
}