{
  "createdTimestamp": "132268470311003807",
  "avgAbsoluteError": 0.000132168774,
  "avgSignedError": 0.000132168774,
  "maxAbsoluteError": 0.000222902308
}