{
  "createdTimestamp": "132268470311003807",
  "avgAbsoluteError": 0.09304686,
  "avgSignedError": 0.09304686,
  "maxAbsoluteError": 0.141033068
}