{
  "createdTimestamp": "132268470311003807",
  "avgAbsoluteError": 0.000492049032,
  "avgSignedError": 0.000492049032,
  "maxAbsoluteError": 0.0005070591
}