{
  "createdTimestamp": "132268470311003807",
  "avgAbsoluteError": 0.00137349684,
  "avgSignedError": -0.00136997516,
  "maxAbsoluteError": 0.0149536133
}