{
  "createdTimestamp": "132268470311003807",
  "avgAbsoluteError": 0.000154774665,
  "avgSignedError": -0.000154774665,
  "maxAbsoluteError": 0.000183105469
}