{
  "createdTimestamp": "132268470311003807",
  "avgAbsoluteError": 4.12562767E-05,
  "avgSignedError": -3.32882555E-05,
  "maxAbsoluteError": 0.004547119
}