{
  "createdTimestamp": "132268470311003807",
  "avgAbsoluteError": 0.00765402149,
  "avgSignedError": 0.00765402149,
  "maxAbsoluteError": 0.677247047
}