{
  "createdTimestamp": "132268470311003807",
  "avgAbsoluteError": 0.00102344737,
  "avgSignedError": -0.000818103843,
  "maxAbsoluteError": 0.0299002975
}