{
  "createdTimestamp": "132268470311003807",
  "avgAbsoluteError": 0.0375371054,
  "avgSignedError": 0.0375371054,
  "maxAbsoluteError": 0.0379943848
}