{
  "createdTimestamp": "132268470311003807",
  "avgAbsoluteError": 8.601292E-05,
  "avgSignedError": -8.601292E-05,
  "maxAbsoluteError": 9.15527344E-05
}