{
  "createdTimestamp": "132268470311003807",
  "avgAbsoluteError": 0.000164977871,
  "avgSignedError": 0.0001478725,
  "maxAbsoluteError": 0.00531005859
}