{
  "createdTimestamp": "132268470311003807",
  "avgAbsoluteError": 0.000947544235,
  "avgSignedError": 0.0009431707,
  "maxAbsoluteError": 0.001373291
}