{
  "createdTimestamp": "132268470311003807",
  "avgAbsoluteError": 10.6481113,
  "avgSignedError": 10.6481085,
  "maxAbsoluteError": 10.6823368,
  "avgSettlingTime10Degrees": 8.418993,
  "avgSettlingTime5Degrees": 8.418993,
  "avgSettlingTime2Degrees": 8.418993
}