{
  "createdTimestamp": "132268470311003807",
  "avgAbsoluteError": 18.6856518,
  "avgSignedError": -18.6856518,
  "maxAbsoluteError": 18.7454224,
  "avgSettlingTime10Degrees": 8.418993,
  "avgSettlingTime5Degrees": 8.418993,
  "avgSettlingTime2Degrees": 8.418993
}