{
  "createdTimestamp": "132268470311003807",
  "avgAbsoluteError": 0.0167837441,
  "avgSignedError": -0.0167837441,
  "maxAbsoluteError": 0.0287475586
}