{
  "createdTimestamp": "132268470311003807",
  "avgAbsoluteError": 0.000518417452,
  "avgSignedError": 0.000518223038,
  "maxAbsoluteError": 0.000541426
}