{
  "createdTimestamp": "132268470311003807",
  "avgAbsoluteError": 0.00031051744,
  "avgSignedError": 0.000305463647,
  "maxAbsoluteError": 0.00158691406
}