{
  "createdTimestamp": "132268470311003807",
  "avgAbsoluteError": 0.6950133,
  "avgSignedError": 0.6950133,
  "maxAbsoluteError": 0.708030343
}