{
  "createdTimestamp": "132268470311003807",
  "avgAbsoluteError": 0.274635226,
  "avgSignedError": -0.274634928,
  "maxAbsoluteError": 0.2755127
}