{
  "createdTimestamp": "132268470311003807",
  "avgAbsoluteError": 0.004022079,
  "avgSignedError": 0.004022079,
  "maxAbsoluteError": 0.006225586
}