{
  "createdTimestamp": "132268470311003807",
  "avgAbsoluteError": 0.000211559163,
  "avgSignedError": 0.00019445378,
  "maxAbsoluteError": 0.00531005859
}