{
  "createdTimestamp": "132268470311003807",
  "avgAbsoluteError": 0.000282418216,
  "avgSignedError": 0.000282321038,
  "maxAbsoluteError": 0.000301710854
}