{
  "createdTimestamp": "132268470311003807",
  "avgAbsoluteError": 0.000238895009,
  "avgSignedError": 0.000238797817,
  "maxAbsoluteError": 0.000254405866
}