{
  "createdTimestamp": "132268470311003807",
  "avgAbsoluteError": 0.4204393,
  "avgSignedError": 0.4201809,
  "maxAbsoluteError": 0.463592529
}