{
  "createdTimestamp": "132268470311003807",
  "avgAbsoluteError": 0.00142319791,
  "avgSignedError": -0.00106933014,
  "maxAbsoluteError": 0.1111145
}