{
  "createdTimestamp": "132268470311003807",
  "avgAbsoluteError": 0.00317952572,
  "avgSignedError": 0.00317884539,
  "maxAbsoluteError": 0.0032431446
}