{
  "createdTimestamp": "132268470311003807",
  "avgAbsoluteError": 0.14439854,
  "avgSignedError": 0.14439854,
  "maxAbsoluteError": 0.148449913
}