{
  "createdTimestamp": "132268470311003807",
  "avgAbsoluteError": 0.00145811867,
  "avgSignedError": 0.00145811867,
  "maxAbsoluteError": 0.01449585
}