{
  "createdTimestamp": "132268470311003807",
  "avgAbsoluteError": 0.002010852,
  "avgSignedError": 0.002010852,
  "maxAbsoluteError": 0.00203713914
}