{
  "createdTimestamp": "132268470311003807",
  "avgAbsoluteError": 0.009450009,
  "avgSignedError": 0.009438541,
  "maxAbsoluteError": 0.009552002
}