{
  "createdTimestamp": "132292734164549775",
  "avgAbsoluteError": 15.2753839,
  "avgSignedError": -14.8941669,
  "maxAbsoluteError": 28.835022
}