{
  "createdTimestamp": "132292734164549775",
  "avgAbsoluteError": 2.98461342,
  "avgSignedError": -2.231505,
  "maxAbsoluteError": 12.0406189
}