{
  "createdTimestamp": "132292734164549775",
  "avgAbsoluteError": 3.86069441,
  "avgSignedError": 2.65643287,
  "maxAbsoluteError": 24.1440277
}