{
  "createdTimestamp": "132292734164549775",
  "avgAbsoluteError": 5.69826,
  "avgSignedError": -1.12478817,
  "maxAbsoluteError": 179.690948
}