{
  "createdTimestamp": "132292734164549775",
  "avgAbsoluteError": 5.084593,
  "avgSignedError": -3.18950248,
  "maxAbsoluteError": 25.8969727
}