{
  "createdTimestamp": "132292734164549775",
  "avgAbsoluteError": 3.35624957,
  "avgSignedError": -1.17553377,
  "maxAbsoluteError": 9.904877
}