{
  "createdTimestamp": "132292734164549775",
  "avgAbsoluteError": 9.644486,
  "avgSignedError": -2.06230164,
  "maxAbsoluteError": 38.81241
}