{
  "createdTimestamp": "132292734164549775",
  "avgAbsoluteError": 2.780972,
  "avgSignedError": -0.6838815,
  "maxAbsoluteError": 6.91013432
}