{
  "createdTimestamp": "132292734164549775",
  "avgAbsoluteError": 7.92987,
  "avgSignedError": 7.64026928,
  "maxAbsoluteError": 24.4736214
}