{
  "createdTimestamp": "132292734164549775",
  "avgAbsoluteError": 7.493125,
  "avgSignedError": -4.446957,
  "maxAbsoluteError": 28.1687317
}