{
  "createdTimestamp": "132292734164549775",
  "avgAbsoluteError": 8.612874,
  "avgSignedError": 2.14868975,
  "maxAbsoluteError": 38.0162773
}