{
  "createdTimestamp": "132292734164549775",
  "avgAbsoluteError": 8.232077,
  "avgSignedError": -0.717804551,
  "maxAbsoluteError": 21.0539341
}