{
  "createdTimestamp": "132292734164549775",
  "avgAbsoluteError": 0.782576442,
  "avgSignedError": 0.120266676,
  "maxAbsoluteError": 4.56452274
}