{
  "createdTimestamp": "132292734164549775",
  "avgAbsoluteError": 6.6882925,
  "avgSignedError": -4.58216333,
  "maxAbsoluteError": 22.72934
}