{
  "createdTimestamp": "132292734164549775",
  "avgAbsoluteError": 18.8589249,
  "avgSignedError": -4.05942,
  "maxAbsoluteError": 84.00275
}