{
  "createdTimestamp": "132292734164549775",
  "avgAbsoluteError": 9.103717,
  "avgSignedError": -4.27770472,
  "maxAbsoluteError": 28.9288635
}