{
  "createdTimestamp": "132292734164549775",
  "avgAbsoluteError": 0.00602539768,
  "avgSignedError": 0.00202219118,
  "maxAbsoluteError": 0.0386941433
}