{
  "createdTimestamp": "132292734164549775",
  "avgAbsoluteError": 0.00413240027,
  "avgSignedError": 0.0005310335,
  "maxAbsoluteError": 0.01184082
}