{
  "createdTimestamp": "132292734164549775",
  "avgAbsoluteError": 3.48927855,
  "avgSignedError": -0.663521945,
  "maxAbsoluteError": 12.5273438
}