{
  "createdTimestamp": "132292734164549775",
  "avgAbsoluteError": 8.678926,
  "avgSignedError": -4.48651743,
  "maxAbsoluteError": 39.13266
}