{
  "createdTimestamp": "132292734164549775",
  "avgAbsoluteError": 9.148488,
  "avgSignedError": -5.03930664,
  "maxAbsoluteError": 28.31784
}