{
  "createdTimestamp": "132292734164549775",
  "avgAbsoluteError": 8.534854,
  "avgSignedError": 8.238783,
  "maxAbsoluteError": 27.0634174
}