{
  "createdTimestamp": "132292734164549775",
  "avgAbsoluteError": 29.4460716,
  "avgSignedError": 29.4460716,
  "maxAbsoluteError": 33.363678
}