{
  "createdTimestamp": "132292734164549775",
  "avgAbsoluteError": 0.00420525949,
  "avgSignedError": 0.00125834206,
  "maxAbsoluteError": 0.021548748
}