{
  "createdTimestamp": "132292734164549775",
  "avgAbsoluteError": 4.94651747,
  "avgSignedError": -3.071837,
  "maxAbsoluteError": 20.57608
}