{
  "createdTimestamp": "132292734164549775",
  "avgAbsoluteError": 11.0307579,
  "avgSignedError": 4.98446369,
  "maxAbsoluteError": 42.20861
}