{
  "createdTimestamp": "132292734164549775",
  "avgAbsoluteError": 0.003689899,
  "avgSignedError": 0.00124148407,
  "maxAbsoluteError": 0.0190592334
}