{
  "createdTimestamp": "132292734164549775",
  "avgAbsoluteError": 3.16448736,
  "avgSignedError": -0.220461577,
  "maxAbsoluteError": 10.43762
}