{
  "createdTimestamp": "132292734164549775",
  "avgAbsoluteError": 7.3817296,
  "avgSignedError": -0.471161038,
  "maxAbsoluteError": 26.756958
}