{
  "createdTimestamp": "132292734164549775",
  "avgAbsoluteError": 0.007160113,
  "avgSignedError": 0.00296387216,
  "maxAbsoluteError": 0.0328770429
}