{
  "createdTimestamp": "132292734164549775",
  "avgAbsoluteError": 5.24469948,
  "avgSignedError": 4.6859827,
  "maxAbsoluteError": 18.6794682
}