{
  "createdTimestamp": "132292734164549775",
  "avgAbsoluteError": 21.1324482,
  "avgSignedError": -20.9792728,
  "maxAbsoluteError": 78.27911
}