{
  "createdTimestamp": "132292734164549775",
  "avgAbsoluteError": 15.8575563,
  "avgSignedError": 6.678884,
  "maxAbsoluteError": 54.5989761
}