{
  "createdTimestamp": "132292734164549775",
  "avgAbsoluteError": 9.711768,
  "avgSignedError": 2.96285033,
  "maxAbsoluteError": 41.05188
}