{
  "createdTimestamp": "132292734164549775",
  "avgAbsoluteError": 2.82431126,
  "avgSignedError": 0.5400488,
  "maxAbsoluteError": 5.86145
}