{
  "createdTimestamp": "132292734164549775",
  "avgAbsoluteError": 7.35838461,
  "avgSignedError": 0.903744936,
  "maxAbsoluteError": 26.1244812
}