{
  "createdTimestamp": "132292734164549775",
  "avgAbsoluteError": 2.27795315,
  "avgSignedError": -0.318082929,
  "maxAbsoluteError": 10.890686
}