{
  "createdTimestamp": "132292734164549775",
  "avgAbsoluteError": 0.007802336,
  "avgSignedError": -0.0008550185,
  "maxAbsoluteError": 0.0383228436
}