{
  "createdTimestamp": "132292734164549775",
  "avgAbsoluteError": 2.06947446,
  "avgSignedError": -1.0632031,
  "maxAbsoluteError": 6.49951172
}