{
  "createdTimestamp": "132292734164549775",
  "avgAbsoluteError": 4.838744,
  "avgSignedError": -2.78986,
  "maxAbsoluteError": 16.8970947
}