{
  "createdTimestamp": "132292734164549775",
  "avgAbsoluteError": 5.76729155,
  "avgSignedError": 1.28075051,
  "maxAbsoluteError": 48.0667419
}