{
  "createdTimestamp": "132292734164549775",
  "avgAbsoluteError": 2.21296954,
  "avgSignedError": 1.642105,
  "maxAbsoluteError": 6.75262737
}