{
  "createdTimestamp": "132292734164549775",
  "avgAbsoluteError": 0.003417067,
  "avgSignedError": 0.0005393625,
  "maxAbsoluteError": 0.0125724375
}