{
  "createdTimestamp": "132292734164549775",
  "avgAbsoluteError": 29.95013,
  "avgSignedError": -24.591629,
  "maxAbsoluteError": 119.066376
}