{
  "createdTimestamp": "132292734164549775",
  "avgAbsoluteError": 0.00387644628,
  "avgSignedError": -0.000634606753,
  "maxAbsoluteError": 0.0119934082
}