{
  "createdTimestamp": "132292734164549775",
  "avgAbsoluteError": 5.93199444,
  "avgSignedError": -0.0276884958,
  "maxAbsoluteError": 16.7272949
}