{
  "createdTimestamp": "132292734164549775",
  "avgAbsoluteError": 0.00607526256,
  "avgSignedError": 0.0009471414,
  "maxAbsoluteError": 0.0220357869
}