{
  "createdTimestamp": "132292734164549775",
  "avgAbsoluteError": 2.96383262,
  "avgSignedError": -0.686864853,
  "maxAbsoluteError": 9.151215
}