{
  "createdTimestamp": "132292734164549775",
  "avgAbsoluteError": 1.36704707,
  "avgSignedError": 0.05408817,
  "maxAbsoluteError": 4.607086
}