{
  "createdTimestamp": "132292734164549775",
  "avgAbsoluteError": 0.5519853,
  "avgSignedError": -0.516174,
  "maxAbsoluteError": 1.12054443
}