{
  "createdTimestamp": "132292734164549775",
  "avgAbsoluteError": 1.83677888,
  "avgSignedError": 1.6082983,
  "maxAbsoluteError": 3.323783
}