{
  "createdTimestamp": "132292734164549775",
  "avgAbsoluteError": 4.035156,
  "avgSignedError": -0.3249995,
  "maxAbsoluteError": 14.6298523
}