{
  "createdTimestamp": "132292734164549775",
  "avgAbsoluteError": 4.39484072,
  "avgSignedError": -0.54794836,
  "maxAbsoluteError": 8.615723
}