{
  "createdTimestamp": "132292734164549775",
  "avgAbsoluteError": 2.53956342,
  "avgSignedError": -0.5357609,
  "maxAbsoluteError": 9.9422
}