{
  "createdTimestamp": "132292734164549775",
  "avgAbsoluteError": 2.39797759,
  "avgSignedError": 0.09557419,
  "maxAbsoluteError": 6.10244751
}