{
  "createdTimestamp": "132292734164549775",
  "avgAbsoluteError": 0.0185377914,
  "avgSignedError": 0.00203815079,
  "maxAbsoluteError": 0.140777588
}