{
  "createdTimestamp": "132292734164549775",
  "avgAbsoluteError": 23.0015182,
  "avgSignedError": -15.4941883,
  "maxAbsoluteError": 146.998108
}