{
  "createdTimestamp": "132292734164549775",
  "avgAbsoluteError": 11.1167011,
  "avgSignedError": 6.38822746,
  "maxAbsoluteError": 61.8311768
}