{
  "createdTimestamp": "132292734164549775",
  "avgAbsoluteError": 0.6188516,
  "avgSignedError": -0.5075887,
  "maxAbsoluteError": 2.437683
}