{
  "createdTimestamp": "132292734164549775",
  "avgAbsoluteError": 0.00605045538,
  "avgSignedError": -0.000508927857,
  "maxAbsoluteError": 0.02489206
}