{
  "createdTimestamp": "132292734164549775",
  "avgAbsoluteError": 0.00559866428,
  "avgSignedError": -0.00142651284,
  "maxAbsoluteError": 0.0352478027
}