{
  "createdTimestamp": "132292734164549775",
  "avgAbsoluteError": 11.91025,
  "avgSignedError": 2.45603013,
  "maxAbsoluteError": 56.5442772
}