{
  "createdTimestamp": "132292734164549775",
  "avgAbsoluteError": 5.958856,
  "avgSignedError": 0.192678064,
  "maxAbsoluteError": 18.0319519
}