{
  "createdTimestamp": "132292734164549775",
  "avgAbsoluteError": 2.451208,
  "avgSignedError": 2.451208,
  "maxAbsoluteError": 7.87586975
}