{
  "createdTimestamp": "132292734164549775",
  "avgAbsoluteError": 20.9745159,
  "avgSignedError": -15.2355595,
  "maxAbsoluteError": 77.9955444
}