{
  "createdTimestamp": "132292734164549775",
  "avgAbsoluteError": 6.38579655,
  "avgSignedError": 0.8292503,
  "maxAbsoluteError": 11.5228062
}