{
  "createdTimestamp": "132292734164549775",
  "avgAbsoluteError": 2.32499433,
  "avgSignedError": -1.56678569,
  "maxAbsoluteError": 5.67767334
}