{
  "createdTimestamp": "132292734164549775",
  "avgAbsoluteError": 2.87961,
  "avgSignedError": -1.425723,
  "maxAbsoluteError": 9.867737
}