{
  "createdTimestamp": "132292734164549775",
  "avgAbsoluteError": 0.008712829,
  "avgSignedError": -3.88534245E-05,
  "maxAbsoluteError": 0.06491343
}