{
  "createdTimestamp": "132292734164549775",
  "avgAbsoluteError": 0.00339289568,
  "avgSignedError": 0.000116272771,
  "maxAbsoluteError": 0.02062894
}