{
  "createdTimestamp": "132292734164549775",
  "avgAbsoluteError": 9.067513,
  "avgSignedError": -7.070057,
  "maxAbsoluteError": 26.2097778
}