{
  "createdTimestamp": "132292734164549775",
  "avgAbsoluteError": 10.3595562,
  "avgSignedError": 0.6436859,
  "maxAbsoluteError": 41.7037354
}