{
  "createdTimestamp": "132292734164549775",
  "avgAbsoluteError": 0.007927701,
  "avgSignedError": 0.0008365248,
  "maxAbsoluteError": 0.0221252441
}