{
  "createdTimestamp": "132292734164549775",
  "avgAbsoluteError": 2.04619956,
  "avgSignedError": -2.04619956,
  "maxAbsoluteError": 2.98706055
}