{
  "createdTimestamp": "132292734164549775",
  "avgAbsoluteError": 0.00250349729,
  "avgSignedError": 0.000162550918,
  "maxAbsoluteError": 0.0154059706
}