{
  "createdTimestamp": "132292734164549775",
  "avgAbsoluteError": 3.52511835,
  "avgSignedError": -2.9883244,
  "maxAbsoluteError": 13.55896
}