{
  "createdTimestamp": "132292734164549775",
  "avgAbsoluteError": 3.653614,
  "avgSignedError": 2.616062,
  "maxAbsoluteError": 16.6708336
}