{
  "createdTimestamp": "132292734164549775",
  "avgAbsoluteError": 14.9298239,
  "avgSignedError": -14.5479069,
  "maxAbsoluteError": 28.630249
}