{
  "createdTimestamp": "132268416335996553",
  "avgAbsoluteError": 1.00384951,
  "avgSignedError": -0.2945573,
  "maxAbsoluteError": 36.3830261
}