{
  "createdTimestamp": "132268451482373580",
  "avgAbsoluteError": 0.000236623062,
  "avgSignedError": 0.000234133535,
  "maxAbsoluteError": 0.00241088867
}