{
  "createdTimestamp": "132268451482373580",
  "avgAbsoluteError": 0.00207659532,
  "avgSignedError": 0.00205922732,
  "maxAbsoluteError": 0.00604248047
}