{
  "createdTimestamp": "132268451482373580",
  "avgAbsoluteError": 0.0008864691,
  "avgSignedError": -0.0008864691,
  "maxAbsoluteError": 0.00152587891
}