{
  "createdTimestamp": "132268451482373580",
  "avgAbsoluteError": 1.00477409,
  "avgSignedError": -0.294264644,
  "maxAbsoluteError": 36.3830261,
  "avgSettlingTime10Degrees": 28.2068157,
  "avgSettlingTime5Degrees": 28.2068157,
  "avgSettlingTime2Degrees": 24.68309
}