{
  "createdTimestamp": "132268451482373580",
  "avgAbsoluteError": 0.000117077048,
  "avgSignedError": -0.000117077048,
  "maxAbsoluteError": 0.000335693359
}