{
  "createdTimestamp": "132268451482373580",
  "avgAbsoluteError": 3.93595219E-05,
  "avgSignedError": -3.93595219E-05,
  "maxAbsoluteError": 0.00109863281
}