{
  "createdTimestamp": "132268451482373580",
  "avgAbsoluteError": 0.000148236926,
  "avgSignedError": -0.000147553234,
  "maxAbsoluteError": 0.00286865234
}