{
  "createdTimestamp": "132268451482373580",
  "avgAbsoluteError": 0.000249507168,
  "avgSignedError": 0.000249507168,
  "maxAbsoluteError": 0.000265519746
}