{
  "createdTimestamp": "132268451482373580",
  "avgAbsoluteError": 0.006993862,
  "avgSignedError": -0.006993862,
  "maxAbsoluteError": 0.8267517
}