{
  "createdTimestamp": "132268451482373580",
  "avgAbsoluteError": 0.000967051252,
  "avgSignedError": -0.000731918,
  "maxAbsoluteError": 0.0405251533
}