{
  "createdTimestamp": "132268451482373580",
  "avgAbsoluteError": 0.09210779,
  "avgSignedError": -0.09210779,
  "maxAbsoluteError": 0.154052734
}