{
  "createdTimestamp": "132268451482373580",
  "avgAbsoluteError": 1.6737051,
  "avgSignedError": -1.6737051,
  "maxAbsoluteError": 1.67526245
}