{
  "createdTimestamp": "132268451482373580",
  "avgAbsoluteError": 8.270226E-05,
  "avgSignedError": 8.270226E-05,
  "maxAbsoluteError": 0.000158414565
}