{
  "createdTimestamp": "132268451482373580",
  "avgAbsoluteError": 3.329816E-05,
  "avgSignedError": -3.32596319E-05,
  "maxAbsoluteError": 0.0007019043
}