{
  "createdTimestamp": "132268451482373580",
  "avgAbsoluteError": 6.917371E-05,
  "avgSignedError": 6.917371E-05,
  "maxAbsoluteError": 8.302398E-05
}