{
  "createdTimestamp": "132268451482373580",
  "avgAbsoluteError": 5.87921422E-05,
  "avgSignedError": 5.46144329E-05,
  "maxAbsoluteError": 0.007507324
}