{
  "createdTimestamp": "132268451482373580",
  "avgAbsoluteError": 0.000443856028,
  "avgSignedError": -0.0004438292,
  "maxAbsoluteError": 0.001953125
}