{
  "createdTimestamp": "132268451482373580",
  "avgAbsoluteError": 3.35650439E-05,
  "avgSignedError": -3.35650439E-05,
  "maxAbsoluteError": 6.10351563E-05
}