{
  "createdTimestamp": "132268451482373580",
  "avgAbsoluteError": 5.83152E-05,
  "avgSignedError": 5.83152E-05,
  "maxAbsoluteError": 8.259487E-05
}