{
  "createdTimestamp": "132268451482373580",
  "avgAbsoluteError": 0.278769225,
  "avgSignedError": 0.278768778,
  "maxAbsoluteError": 0.279041082
}