{
  "createdTimestamp": "132268451482373580",
  "avgAbsoluteError": 8.25888947E-06,
  "avgSignedError": -6.47767638E-06,
  "maxAbsoluteError": 0.0008544922
}