{
  "createdTimestamp": "132268451482373580",
  "avgAbsoluteError": 0.189319164,
  "avgSignedError": 0.189319164,
  "maxAbsoluteError": 0.6039939
}