{
  "createdTimestamp": "132268451482373580",
  "avgAbsoluteError": 0.000470116269,
  "avgSignedError": 0.000470116269,
  "maxAbsoluteError": 0.000491785933
}