{
  "createdTimestamp": "132268451482373580",
  "avgAbsoluteError": 7.76495E-06,
  "avgSignedError": -6.113177E-06,
  "maxAbsoluteError": 0.0008544922
}