{
  "createdTimestamp": "132268451482373580",
  "avgAbsoluteError": 10.6720066,
  "avgSignedError": -10.6720057,
  "maxAbsoluteError": 10.682251,
  "avgSettlingTime10Degrees": 28.2068157,
  "avgSettlingTime5Degrees": 28.2068157,
  "avgSettlingTime2Degrees": 28.2068157
}