{
  "createdTimestamp": "132268451482373580",
  "avgAbsoluteError": 0.003445067,
  "avgSignedError": 0.00159149244,
  "maxAbsoluteError": 0.307678223
}