{
  "createdTimestamp": "132268451482373580",
  "avgAbsoluteError": 0.002394821,
  "avgSignedError": -0.00239416375,
  "maxAbsoluteError": 0.00286865234
}