{
  "createdTimestamp": "132268451482373580",
  "avgAbsoluteError": 0.0008492843,
  "avgSignedError": -0.000706096354,
  "maxAbsoluteError": 0.0847168
}