{
  "createdTimestamp": "132268451482373580",
  "avgAbsoluteError": 0.000329882663,
  "avgSignedError": -0.0003229331,
  "maxAbsoluteError": 0.00634765625
}