{
  "createdTimestamp": "132268451482373580",
  "avgAbsoluteError": 0.0001499312,
  "avgSignedError": 0.000149301617,
  "maxAbsoluteError": 0.0006713867
}