{
  "createdTimestamp": "132268451482373580",
  "avgAbsoluteError": 0.2405952,
  "avgSignedError": 0.240584567,
  "maxAbsoluteError": 0.2484436
}