{
  "createdTimestamp": "132268451482373580",
  "avgAbsoluteError": 0.0005240398,
  "avgSignedError": -0.00051816483,
  "maxAbsoluteError": 0.00579834
}