{
  "createdTimestamp": "132268451482373580",
  "avgAbsoluteError": 9.637795E-05,
  "avgSignedError": 9.637795E-05,
  "maxAbsoluteError": 0.000142675955
}