{
  "createdTimestamp": "132268451482373580",
  "avgAbsoluteError": 0.000202260286,
  "avgSignedError": -0.000201893738,
  "maxAbsoluteError": 0.00170898438
}