{
  "createdTimestamp": "132268451482373580",
  "avgAbsoluteError": 0.000303334877,
  "avgSignedError": 0.000303306268,
  "maxAbsoluteError": 0.000323141925
}