{
  "createdTimestamp": "132268451482373580",
  "avgAbsoluteError": 0.000305455731,
  "avgSignedError": -0.0003054109,
  "maxAbsoluteError": 0.000335693359
}