{
  "createdTimestamp": "132268451482373580",
  "avgAbsoluteError": 0.00051187037,
  "avgSignedError": 0.0005118418,
  "maxAbsoluteError": 0.0005310905
}