{
  "createdTimestamp": "132268451482373580",
  "avgAbsoluteError": 0.294110775,
  "avgSignedError": 0.2937018,
  "maxAbsoluteError": 0.3873291
}