{
  "createdTimestamp": "132268451482373580",
  "avgAbsoluteError": 0.0033257436,
  "avgSignedError": -0.0033257436,
  "maxAbsoluteError": 0.005554199
}