{
  "createdTimestamp": "132268451482373580",
  "avgAbsoluteError": 0.6943261,
  "avgSignedError": -0.6943261,
  "maxAbsoluteError": 0.7141113
}