{
  "createdTimestamp": "132268451482373580",
  "avgAbsoluteError": 4.41124357E-05,
  "avgSignedError": 4.41124357E-05,
  "maxAbsoluteError": 0.0001652956
}