{
  "createdTimestamp": "132268451482373580",
  "avgAbsoluteError": 0.012289837,
  "avgSignedError": 0.012289837,
  "maxAbsoluteError": 0.0290223248
}