{
  "createdTimestamp": "132268451482373580",
  "avgAbsoluteError": 0.00284734624,
  "avgSignedError": -0.00284717954,
  "maxAbsoluteError": 0.00317382813
}