{
  "createdTimestamp": "132268451482373580",
  "avgAbsoluteError": 0.0002846311,
  "avgSignedError": -0.000284200534,
  "maxAbsoluteError": 0.05734253
}