{
  "createdTimestamp": "132268451482373580",
  "avgAbsoluteError": 0.0005882565,
  "avgSignedError": -0.0005880652,
  "maxAbsoluteError": 0.00204467773
}