{
  "createdTimestamp": "132268451482373580",
  "avgAbsoluteError": 0.275271416,
  "avgSignedError": 0.2752714,
  "maxAbsoluteError": 0.275537133
}