{
  "createdTimestamp": "132268451482373580",
  "avgAbsoluteError": 0.000496602734,
  "avgSignedError": -0.000490862,
  "maxAbsoluteError": 0.00598144531
}