{
  "createdTimestamp": "132268451482373580",
  "avgAbsoluteError": 0.000151376487,
  "avgSignedError": 0.000151376487,
  "maxAbsoluteError": 0.000166046419
}