{
  "createdTimestamp": "132268451482373580",
  "avgAbsoluteError": 0.192392692,
  "avgSignedError": -0.192392156,
  "maxAbsoluteError": 0.19821167
}