{
  "createdTimestamp": "132268451482373580",
  "avgAbsoluteError": 0.001279098,
  "avgSignedError": -0.00127808331,
  "maxAbsoluteError": 0.00189208984
}