{
  "createdTimestamp": "132268451482373580",
  "avgAbsoluteError": 0.00102793192,
  "avgSignedError": 0.0002294378,
  "maxAbsoluteError": 0.421417236
}