{
  "createdTimestamp": "132268451482373580",
  "avgAbsoluteError": 1.67223811,
  "avgSignedError": -1.67223668,
  "maxAbsoluteError": 1.67376709
}