{
  "createdTimestamp": "132268451482373580",
  "avgAbsoluteError": 0.000373767078,
  "avgSignedError": -0.000238329711,
  "maxAbsoluteError": 0.215698242
}