{
  "createdTimestamp": "132268451482373580",
  "avgAbsoluteError": 1.29253995E-05,
  "avgSignedError": -1.15974E-05,
  "maxAbsoluteError": 0.000915527344
}