{
  "createdTimestamp": "132268451482373580",
  "avgAbsoluteError": 0.0005289686,
  "avgSignedError": -0.0005289169,
  "maxAbsoluteError": 0.001953125
}