{
  "createdTimestamp": "132268451482373580",
  "avgAbsoluteError": 0.00166508637,
  "avgSignedError": -0.00166429125,
  "maxAbsoluteError": 0.00219726563
}