{
  "createdTimestamp": "132268451482373580",
  "avgAbsoluteError": 0.008881443,
  "avgSignedError": -0.005594047,
  "maxAbsoluteError": 0.025970459
}