{
  "createdTimestamp": "132268451482373580",
  "avgAbsoluteError": 0.03794727,
  "avgSignedError": -0.0379386023,
  "maxAbsoluteError": 0.03829956
}