{
  "createdTimestamp": "132268451482373580",
  "avgAbsoluteError": 0.000168608341,
  "avgSignedError": 0.000168608341,
  "maxAbsoluteError": 0.0001878949
}