{
  "createdTimestamp": "132268451482373580",
  "avgAbsoluteError": 0.2481557,
  "avgSignedError": -0.248128563,
  "maxAbsoluteError": 0.394836426
}