{
  "createdTimestamp": "132268451482373580",
  "avgAbsoluteError": 0.000212099912,
  "avgSignedError": 0.000212099912,
  "maxAbsoluteError": 0.00023163046
}