{
  "createdTimestamp": "132268451482373580",
  "avgAbsoluteError": 0.00013043,
  "avgSignedError": 0.000130401386,
  "maxAbsoluteError": 0.000149847925
}