{
  "createdTimestamp": "132268451482373580",
  "avgAbsoluteError": 0.002871073,
  "avgSignedError": 0.00287095853,
  "maxAbsoluteError": 0.00793457
}