{
  "createdTimestamp": "132268451482373580",
  "avgAbsoluteError": 3.774293E-05,
  "avgSignedError": -3.76568059E-05,
  "maxAbsoluteError": 9.185315E-05
}