{
  "createdTimestamp": "132268451482373580",
  "avgAbsoluteError": 0.0002539837,
  "avgSignedError": 0.000253955077,
  "maxAbsoluteError": 0.00027290298
}