{
  "createdTimestamp": "132268451482373580",
  "avgAbsoluteError": 0.06162706,
  "avgSignedError": -0.0576920658,
  "maxAbsoluteError": 0.514636159
}