{
  "createdTimestamp": "132268451482373580",
  "avgAbsoluteError": 36.31337,
  "avgSignedError": 36.31337,
  "maxAbsoluteError": 36.338623,
  "avgSettlingTime2Degrees": 28.2068157
}