{
  "createdTimestamp": "132268451482373580",
  "avgAbsoluteError": 0.000396691,
  "avgSignedError": -0.000396594318,
  "maxAbsoluteError": 0.0004272461
}