{
  "createdTimestamp": "132268451482373580",
  "avgAbsoluteError": 8.624119E-05,
  "avgSignedError": 8.624119E-05,
  "maxAbsoluteError": 0.000106518528
}