{
  "createdTimestamp": "132268451482373580",
  "avgAbsoluteError": 18.7281132,
  "avgSignedError": -18.7281132,
  "maxAbsoluteError": 18.74533,
  "avgSettlingTime10Degrees": 28.2068157,
  "avgSettlingTime5Degrees": 28.2068157,
  "avgSettlingTime2Degrees": 28.2068157
}