{
  "createdTimestamp": "132268451482373580",
  "avgAbsoluteError": 0.0151757794,
  "avgSignedError": 0.00149285933,
  "maxAbsoluteError": 0.375865072
}