{
  "createdTimestamp": "132268451482373580",
  "avgAbsoluteError": 0.00129197363,
  "avgSignedError": -0.00129090366,
  "maxAbsoluteError": 0.01727295
}