{
  "createdTimestamp": "132268451482373580",
  "avgAbsoluteError": 2.08075261,
  "avgSignedError": 2.08019185,
  "maxAbsoluteError": 3.305337,
  "avgSettlingTime2Degrees": 28.2068157
}