{
  "createdTimestamp": "132268451482373580",
  "avgAbsoluteError": 0.000247517164,
  "avgSignedError": -0.000247517164,
  "maxAbsoluteError": 0.000305175781
}