{
  "createdTimestamp": "132268451482373580",
  "avgAbsoluteError": 0.000120843775,
  "avgSignedError": -0.000103781538,
  "maxAbsoluteError": 0.00482177734
}