{
  "createdTimestamp": "132268451482373580",
  "avgAbsoluteError": 0.0115007628,
  "avgSignedError": -0.0115007628,
  "maxAbsoluteError": 0.0115356445
}