{
  "createdTimestamp": "132268451482373580",
  "avgAbsoluteError": 0.00169345131,
  "avgSignedError": 0.000205143486,
  "maxAbsoluteError": 0.3061744
}