{
  "createdTimestamp": "132268451482373580",
  "avgAbsoluteError": 0.248461932,
  "avgSignedError": -0.248433322,
  "maxAbsoluteError": 0.398223877
}