{
  "createdTimestamp": "132268451482373580",
  "avgAbsoluteError": 0.0006630716,
  "avgSignedError": 0.0006630716,
  "maxAbsoluteError": 0.000785606855
}