{
  "createdTimestamp": "132268451482373580",
  "avgAbsoluteError": 0.000239423,
  "avgSignedError": 0.000239394387,
  "maxAbsoluteError": 0.000260670146
}