{
  "createdTimestamp": "132268451482373580",
  "avgAbsoluteError": 0.000133007416,
  "avgSignedError": 0.000133007416,
  "maxAbsoluteError": 0.000227409721
}