{
  "createdTimestamp": "132268451482373580",
  "avgAbsoluteError": 0.000536018459,
  "avgSignedError": 0.000535961241,
  "maxAbsoluteError": 0.00189666648
}