{
  "createdTimestamp": "132268451482373580",
  "avgAbsoluteError": 0.000117057833,
  "avgSignedError": -0.00011629505,
  "maxAbsoluteError": 0.0008135043
}