{
  "createdTimestamp": "132268451482373580",
  "avgAbsoluteError": 0.00104690506,
  "avgSignedError": -0.0008273579,
  "maxAbsoluteError": 0.03783399
}