{
  "createdTimestamp": "132268451482373580",
  "avgAbsoluteError": 0.003025437,
  "avgSignedError": -0.00302534178,
  "maxAbsoluteError": 0.008605957
}