{
  "createdTimestamp": "132268451482373580",
  "avgAbsoluteError": 0.000949898735,
  "avgSignedError": 0.000948611065,
  "maxAbsoluteError": 0.001373291
}