{
  "createdTimestamp": "132268451482373580",
  "avgAbsoluteError": 3.31760421E-05,
  "avgSignedError": -3.306699E-05,
  "maxAbsoluteError": 0.000116307769
}