{
  "createdTimestamp": "132268451482373580",
  "avgAbsoluteError": 9.529323E-05,
  "avgSignedError": 9.512156E-05,
  "maxAbsoluteError": 0.000912599557
}