{
  "createdTimestamp": "132268451482373580",
  "avgAbsoluteError": 4.66813763E-05,
  "avgSignedError": -4.620194E-05,
  "maxAbsoluteError": 0.0005113192
}