{
  "createdTimestamp": "132268451482373580",
  "avgAbsoluteError": 0.00699463,
  "avgSignedError": 0.00699463,
  "maxAbsoluteError": 0.8272748
}