{
  "createdTimestamp": "132268451482373580",
  "avgAbsoluteError": 9.498525E-05,
  "avgSignedError": 9.495663E-05,
  "maxAbsoluteError": 0.0009972539
}