{
  "createdTimestamp": "132268451482373580",
  "avgAbsoluteError": 0.278093845,
  "avgSignedError": -0.278093338,
  "maxAbsoluteError": 0.278381348
}