{
  "createdTimestamp": "132268451482373580",
  "avgAbsoluteError": 3.667685E-05,
  "avgSignedError": -2.38432422E-05,
  "maxAbsoluteError": 0.00152088969
}