{
  "createdTimestamp": "132268451482373580",
  "avgAbsoluteError": 1.67371738,
  "avgSignedError": -1.67371738,
  "maxAbsoluteError": 1.67526245
}