{
  "createdTimestamp": "132268451482373580",
  "avgAbsoluteError": 0.0117802005,
  "avgSignedError": -0.0117802005,
  "maxAbsoluteError": 0.0297241211
}