{
  "createdTimestamp": "132268451482373580",
  "avgAbsoluteError": 0.000155105983,
  "avgSignedError": -0.000155105983,
  "maxAbsoluteError": 0.000183105469
}