{
  "createdTimestamp": "132268451482373580",
  "avgAbsoluteError": 0.058750242,
  "avgSignedError": 0.05487879,
  "maxAbsoluteError": 0.5123291
}