{
  "createdTimestamp": "132268451482373580",
  "avgAbsoluteError": 0.0376257263,
  "avgSignedError": 0.03761431,
  "maxAbsoluteError": 0.0379943848
}