{
  "createdTimestamp": "132268451482373580",
  "avgAbsoluteError": 3.648765E-05,
  "avgSignedError": -2.82101864E-05,
  "maxAbsoluteError": 0.004547119
}