{
  "createdTimestamp": "132268451482373580",
  "avgAbsoluteError": 0.000302126165,
  "avgSignedError": 0.0002963747,
  "maxAbsoluteError": 0.006134033
}