{
  "createdTimestamp": "132268451482373580",
  "avgAbsoluteError": 0.00318919914,
  "avgSignedError": 0.003188999,
  "maxAbsoluteError": 0.003244372
}