{
  "createdTimestamp": "132268451482373580",
  "avgAbsoluteError": 0.0004935202,
  "avgSignedError": 0.0004935202,
  "maxAbsoluteError": 0.000508584431
}