{
  "createdTimestamp": "132268451482373580",
  "avgAbsoluteError": 0.000257012667,
  "avgSignedError": 0.000257012667,
  "maxAbsoluteError": 0.000273485726
}