{
  "createdTimestamp": "132268451482373580",
  "avgAbsoluteError": 0.000219508089,
  "avgSignedError": 0.000219508089,
  "maxAbsoluteError": 0.000237076893
}