{
  "createdTimestamp": "132268451482373580",
  "avgAbsoluteError": 10.6720371,
  "avgSignedError": 10.6720362,
  "maxAbsoluteError": 10.6823359,
  "avgSettlingTime10Degrees": 28.2068157,
  "avgSettlingTime5Degrees": 28.2068157,
  "avgSettlingTime2Degrees": 28.2068157
}