{
  "createdTimestamp": "132268451482373580",
  "avgAbsoluteError": 0.000109716493,
  "avgSignedError": -0.000109271808,
  "maxAbsoluteError": 0.000474259839
}