{
  "createdTimestamp": "132268451482373580",
  "avgAbsoluteError": 2.080951,
  "avgSignedError": -2.080387,
  "maxAbsoluteError": 3.3039856,
  "avgSettlingTime2Degrees": 28.2068157
}