{
  "createdTimestamp": "132268451482373580",
  "avgAbsoluteError": 0.690923452,
  "avgSignedError": 0.690923452,
  "maxAbsoluteError": 0.708549142
}