{
  "createdTimestamp": "132268451482373580",
  "avgAbsoluteError": 1.672498,
  "avgSignedError": -1.67249656,
  "maxAbsoluteError": 1.67404175
}