{
  "createdTimestamp": "132268451482373580",
  "avgAbsoluteError": 0.27525416,
  "avgSignedError": -0.275254071,
  "maxAbsoluteError": 0.2755127
}