{
  "createdTimestamp": "132268451482373580",
  "avgAbsoluteError": 0.342893332,
  "avgSignedError": 0.34261325,
  "maxAbsoluteError": 0.463592529
}