{
  "createdTimestamp": "132268451482373580",
  "avgAbsoluteError": 0.00016061627,
  "avgSignedError": 0.000155465648,
  "maxAbsoluteError": 0.00531005859
}