{
  "createdTimestamp": "132268451482373580",
  "avgAbsoluteError": 0.000207282414,
  "avgSignedError": 0.000202131778,
  "maxAbsoluteError": 0.00531005859
}