{
  "createdTimestamp": "132268451482373580",
  "avgAbsoluteError": 9.153465E-05,
  "avgSignedError": -9.142774E-05,
  "maxAbsoluteError": 0.000122070313
}