{
  "createdTimestamp": "132268451482373580",
  "avgAbsoluteError": 0.00129567366,
  "avgSignedError": -0.00119148754,
  "maxAbsoluteError": 0.1111145
}