{
  "createdTimestamp": "132268451482373580",
  "avgAbsoluteError": 0.143825039,
  "avgSignedError": 0.143825039,
  "maxAbsoluteError": 0.1489382
}