{
  "createdTimestamp": "132268451482373580",
  "avgAbsoluteError": 0.0003555789,
  "avgSignedError": -0.000355439173,
  "maxAbsoluteError": 0.000366210938
}