{
  "createdTimestamp": "132268451482373580",
  "avgAbsoluteError": 9.47007138E-05,
  "avgSignedError": 9.452902E-05,
  "maxAbsoluteError": 0.000905012654
}