{
  "createdTimestamp": "132268451482373580",
  "avgAbsoluteError": 3.074715E-05,
  "avgSignedError": -3.06599977E-05,
  "maxAbsoluteError": 9.29441E-05
}