{
  "createdTimestamp": "132268451482373580",
  "avgAbsoluteError": 0.009818402,
  "avgSignedError": -0.00110978,
  "maxAbsoluteError": 0.0340576172
}