{
  "createdTimestamp": "132268451482373580",
  "avgAbsoluteError": 0.015575368,
  "avgSignedError": -0.004437038,
  "maxAbsoluteError": 0.5338135
}