{
  "createdTimestamp": "132268451482373580",
  "avgAbsoluteError": 0.0003109696,
  "avgSignedError": 0.000309481547,
  "maxAbsoluteError": 0.00158691406
}