{
  "createdTimestamp": "132268451482373580",
  "avgAbsoluteError": 0.09321792,
  "avgSignedError": 0.09321792,
  "maxAbsoluteError": 0.152762726
}