{
  "createdTimestamp": "132268451482373580",
  "avgAbsoluteError": 0.0005191994,
  "avgSignedError": 0.0005191422,
  "maxAbsoluteError": 0.0005383591
}