{
  "createdTimestamp": "132268451482373580",
  "avgAbsoluteError": 0.000115670977,
  "avgSignedError": 0.000115642368,
  "maxAbsoluteError": 0.000132700545
}