{
  "createdTimestamp": "132268451482373580",
  "avgAbsoluteError": 0.004024453,
  "avgSignedError": 0.004024453,
  "maxAbsoluteError": 0.006225586
}