{
  "createdTimestamp": "132268451482373580",
  "avgAbsoluteError": 0.000286771654,
  "avgSignedError": -0.000286752766,
  "maxAbsoluteError": 0.000305175781
}