{
  "createdTimestamp": "132268451482373580",
  "avgAbsoluteError": 0.000168381943,
  "avgSignedError": -0.000168270009,
  "maxAbsoluteError": 0.000183105469
}