{
  "createdTimestamp": "132268451482373580",
  "avgAbsoluteError": 0.00028303868,
  "avgSignedError": 0.000283010071,
  "maxAbsoluteError": 0.000301385764
}