{
  "createdTimestamp": "132268451482373580",
  "avgAbsoluteError": 0.0005304021,
  "avgSignedError": -0.0005304021,
  "maxAbsoluteError": 0.05142212
}