{
  "createdTimestamp": "132268451482373580",
  "avgAbsoluteError": 0.00129298388,
  "avgSignedError": 0.00017028609,
  "maxAbsoluteError": 0.4316101
}