{
  "createdTimestamp": "132268451482373580",
  "avgAbsoluteError": 0.2421902,
  "avgSignedError": 0.2421902,
  "maxAbsoluteError": 0.247131348
}