{
  "createdTimestamp": "132268451482373580",
  "avgAbsoluteError": 7.897128E-05,
  "avgSignedError": -7.886741E-05,
  "maxAbsoluteError": 0.000110768895
}