{
  "createdTimestamp": "132268451482373580",
  "avgAbsoluteError": 0.001999064,
  "avgSignedError": 0.00199806271,
  "maxAbsoluteError": 0.00212410255
}