{
  "createdTimestamp": "132268451482373580",
  "avgAbsoluteError": 36.35758,
  "avgSignedError": -36.35758,
  "maxAbsoluteError": 36.3830261,
  "avgSettlingTime2Degrees": 0.0170156
}