{
  "createdTimestamp": "132268451482373580",
  "avgAbsoluteError": 0.00137518288,
  "avgSignedError": -0.00137414609,
  "maxAbsoluteError": 0.020324707
}