{
  "createdTimestamp": "132268451482373580",
  "avgAbsoluteError": 0.00575315766,
  "avgSignedError": 0.00575315766,
  "maxAbsoluteError": 0.09593892
}