{
  "createdTimestamp": "132268451482373580",
  "avgAbsoluteError": 0.00063543045,
  "avgSignedError": 0.000635258737,
  "maxAbsoluteError": 0.00208908529
}