{
  "createdTimestamp": "132268451482373580",
  "avgAbsoluteError": 9.62463237E-05,
  "avgSignedError": 9.62463237E-05,
  "maxAbsoluteError": 0.000110437592
}