{
  "createdTimestamp": "132268451482373580",
  "avgAbsoluteError": 0.156764776,
  "avgSignedError": 0.156764776,
  "maxAbsoluteError": 0.5673623
}