{
  "createdTimestamp": "132268451482373580",
  "avgAbsoluteError": 8.548642E-05,
  "avgSignedError": -8.548642E-05,
  "maxAbsoluteError": 9.15527344E-05
}