{
  "createdTimestamp": "132268451482373580",
  "avgAbsoluteError": 0.00165935862,
  "avgSignedError": 0.00165935862,
  "maxAbsoluteError": 0.00168519816
}