{
  "createdTimestamp": "132268451482373580",
  "avgAbsoluteError": 0.0222476814,
  "avgSignedError": 0.0222476814,
  "maxAbsoluteError": 0.0238952637
}