{
  "createdTimestamp": "132268451482373580",
  "avgAbsoluteError": 0.00137146411,
  "avgSignedError": 0.00137146411,
  "maxAbsoluteError": 0.01373291
}