{
  "createdTimestamp": "132268451482373580",
  "avgAbsoluteError": 0.0014446635,
  "avgSignedError": 0.0014446635,
  "maxAbsoluteError": 0.01449585
}