{
  "createdTimestamp": "132268451482373580",
  "avgAbsoluteError": 0.009468803,
  "avgSignedError": 0.009465426,
  "maxAbsoluteError": 0.009552002
}