{
  "createdTimestamp": "132268451482373580",
  "avgAbsoluteError": 0.00201586122,
  "avgSignedError": 0.00201586122,
  "maxAbsoluteError": 0.00203874754
}