{
  "createdTimestamp": "132268470311003807",
  "avgAbsoluteError": 1.00618339,
  "avgSignedError": -0.293526828,
  "maxAbsoluteError": 36.3830261,
  "avgSettlingTime10Degrees": 8.418993,
  "avgSettlingTime5Degrees": 8.418993,
  "avgSettlingTime2Degrees": 7.389138
}