{
  "createdTimestamp": "132268538972421437",
  "avgAbsoluteError": 0.0296699982,
  "avgSignedError": -0.0265129078,
  "maxAbsoluteError": 0.07751465
}