{
  "createdTimestamp": "132268538972421437",
  "avgAbsoluteError": 0.0731071159,
  "avgSignedError": -0.07130574,
  "maxAbsoluteError": 0.222869873
}