{
  "createdTimestamp": "132268538972421437",
  "avgAbsoluteError": 0.0348752327,
  "avgSignedError": 0.03141815,
  "maxAbsoluteError": 0.1463623
}