{
  "createdTimestamp": "132268538972421437",
  "avgAbsoluteError": 0.0247847587,
  "avgSignedError": -0.0164338816,
  "maxAbsoluteError": 0.08691406
}