{
  "createdTimestamp": "132268538972421437",
  "avgAbsoluteError": 0.0408291779,
  "avgSignedError": -0.030444324,
  "maxAbsoluteError": 0.139678955
}