{
  "createdTimestamp": "132268538972421437",
  "avgAbsoluteError": 0.0390161835,
  "avgSignedError": -0.0306078289,
  "maxAbsoluteError": 0.126861572
}