{
  "createdTimestamp": "132268538972421437",
  "avgAbsoluteError": 0.000150627675,
  "avgSignedError": 0.000150627675,
  "maxAbsoluteError": 0.000189897153
}