{
  "createdTimestamp": "132268538972421437",
  "avgAbsoluteError": 0.0440614969,
  "avgSignedError": 0.03611012,
  "maxAbsoluteError": 0.209747314
}