{
  "createdTimestamp": "132268538972421437",
  "avgAbsoluteError": 0.290393,
  "avgSignedError": 0.290393,
  "maxAbsoluteError": 0.3873291
}