{
  "createdTimestamp": "132268538972421437",
  "avgAbsoluteError": 10.6717443,
  "avgSignedError": -10.6717434,
  "maxAbsoluteError": 10.6829834,
  "avgSettlingTime10Degrees": 21.1391315,
  "avgSettlingTime5Degrees": 21.1391315,
  "avgSettlingTime2Degrees": 21.1391315
}