{
  "createdTimestamp": "132268538972421437",
  "avgAbsoluteError": 0.01437615,
  "avgSignedError": 0.0105146281,
  "maxAbsoluteError": 0.0507599078
}