{
  "createdTimestamp": "132268538972421437",
  "avgAbsoluteError": 0.000208224024,
  "avgSignedError": -0.000117188269,
  "maxAbsoluteError": 0.000335693359
}