{
  "createdTimestamp": "132268538972421437",
  "avgAbsoluteError": 0.0224957447,
  "avgSignedError": -0.0211098362,
  "maxAbsoluteError": 0.257642835
}