{
  "createdTimestamp": "132268538972421437",
  "avgAbsoluteError": 18.7275276,
  "avgSignedError": -18.7275276,
  "maxAbsoluteError": 18.7462769,
  "avgSettlingTime10Degrees": 9.873014,
  "avgSettlingTime5Degrees": 9.873014,
  "avgSettlingTime2Degrees": 9.873014
}