{
  "createdTimestamp": "132268538972421437",
  "avgAbsoluteError": 0.00140974415,
  "avgSignedError": 0.00074918475,
  "maxAbsoluteError": 0.00537109375
}