{
  "createdTimestamp": "132268538972421437",
  "avgAbsoluteError": 8.704082E-05,
  "avgSignedError": 8.704082E-05,
  "maxAbsoluteError": 0.000116329094
}