{
  "createdTimestamp": "132268538972421437",
  "avgAbsoluteError": 0.158965513,
  "avgSignedError": -0.07501395,
  "maxAbsoluteError": 2.49798584
}