{
  "createdTimestamp": "132268538972421437",
  "avgAbsoluteError": 0.000338014215,
  "avgSignedError": 0.000329168019,
  "maxAbsoluteError": 0.00104678294
}