{
  "createdTimestamp": "132268538972421437",
  "avgAbsoluteError": 0.007014886,
  "avgSignedError": -0.006437079,
  "maxAbsoluteError": 0.307403564
}