{
  "createdTimestamp": "132268538972421437",
  "avgAbsoluteError": 0.17774874,
  "avgSignedError": 0.0277004782,
  "maxAbsoluteError": 4.95385742
}