{
  "createdTimestamp": "132268538972421437",
  "avgAbsoluteError": 2.068167,
  "avgSignedError": 2.06758738,
  "maxAbsoluteError": 2.44822121,
  "avgSettlingTime2Degrees": 9.912049
}