{
  "createdTimestamp": "132268538972421437",
  "avgAbsoluteError": 0.00675444538,
  "avgSignedError": 0.003704714,
  "maxAbsoluteError": 0.0282287579
}