{
  "createdTimestamp": "132268538972421437",
  "avgAbsoluteError": 0.004102751,
  "avgSignedError": 0.004101657,
  "maxAbsoluteError": 0.0216613058
}