{
  "createdTimestamp": "132268538972421437",
  "avgAbsoluteError": 0.000471177947,
  "avgSignedError": 0.000471177947,
  "maxAbsoluteError": 0.0004981556
}