{
  "createdTimestamp": "132268538972421437",
  "avgAbsoluteError": 0.2675348,
  "avgSignedError": 0.0248956867,
  "maxAbsoluteError": 2.80773163
}