{
  "createdTimestamp": "132268538972421437",
  "avgAbsoluteError": 0.001143968,
  "avgSignedError": -0.0008236549,
  "maxAbsoluteError": 0.008544922
}