{
  "createdTimestamp": "132268538972421437",
  "avgAbsoluteError": 0.275214463,
  "avgSignedError": 0.275214434,
  "maxAbsoluteError": 0.276007146
}