{
  "createdTimestamp": "132268538972421437",
  "avgAbsoluteError": 0.07418938,
  "avgSignedError": -0.07300822,
  "maxAbsoluteError": 0.232210159
}