{
  "createdTimestamp": "132268538972421437",
  "avgAbsoluteError": 0.00148292107,
  "avgSignedError": -0.00139815733,
  "maxAbsoluteError": 0.0100708008
}