{
  "createdTimestamp": "132268538972421437",
  "avgAbsoluteError": 0.0102151716,
  "avgSignedError": -0.00554980338,
  "maxAbsoluteError": 0.254322827
}