{
  "createdTimestamp": "132268538972421437",
  "avgAbsoluteError": 1.67296827,
  "avgSignedError": -1.67296708,
  "maxAbsoluteError": 1.67660522
}