{
  "createdTimestamp": "132268538972421437",
  "avgAbsoluteError": 0.0002501761,
  "avgSignedError": 0.0002501761,
  "maxAbsoluteError": 0.0002798932
}