{
  "createdTimestamp": "132268538972421437",
  "avgAbsoluteError": 32.3031044,
  "avgSignedError": -32.3028679,
  "maxAbsoluteError": 74.95917
}