{
  "createdTimestamp": "132268538972421437",
  "avgAbsoluteError": 0.016129978,
  "avgSignedError": -0.013715419,
  "maxAbsoluteError": 0.05014038
}