{
  "createdTimestamp": "132268538972421437",
  "avgAbsoluteError": 0.000475723617,
  "avgSignedError": -0.0002442427,
  "maxAbsoluteError": 0.00187533919
}