{
  "createdTimestamp": "132268538972421437",
  "avgAbsoluteError": 0.00115682173,
  "avgSignedError": -0.000848996337,
  "maxAbsoluteError": 0.007873535
}