{
  "createdTimestamp": "132268538972421437",
  "avgAbsoluteError": 0.0186113175,
  "avgSignedError": -0.0168469418,
  "maxAbsoluteError": 0.2606331
}