{
  "createdTimestamp": "132268538972421437",
  "avgAbsoluteError": 0.00187811186,
  "avgSignedError": 0.00187811186,
  "maxAbsoluteError": 0.01642914
}