{
  "createdTimestamp": "132268538972421437",
  "avgAbsoluteError": 0.235913292,
  "avgSignedError": 0.235913292,
  "maxAbsoluteError": 0.254364
}