{
  "createdTimestamp": "132268538972421437",
  "avgAbsoluteError": 0.171035081,
  "avgSignedError": 0.04878737,
  "maxAbsoluteError": 2.90543556
}