{
  "createdTimestamp": "132268538972421437",
  "avgAbsoluteError": 0.17558971,
  "avgSignedError": 0.09752949,
  "maxAbsoluteError": 4.863616
}