{
  "createdTimestamp": "132268538972421437",
  "avgAbsoluteError": 0.0008578962,
  "avgSignedError": -0.0007559112,
  "maxAbsoluteError": 0.002532959
}