{
  "createdTimestamp": "132268538972421437",
  "avgAbsoluteError": 0.0812263042,
  "avgSignedError": -0.05693925,
  "maxAbsoluteError": 0.332611084
}