{
  "createdTimestamp": "132268538972421437",
  "avgAbsoluteError": 0.0553751737,
  "avgSignedError": -0.0508261472,
  "maxAbsoluteError": 1.69140625
}