{
  "createdTimestamp": "132268538972421437",
  "avgAbsoluteError": 0.00201357435,
  "avgSignedError": -0.000916763151,
  "maxAbsoluteError": 0.0086571835
}