{
  "createdTimestamp": "132268538972421437",
  "avgAbsoluteError": 0.00114687672,
  "avgSignedError": -0.000544179929,
  "maxAbsoluteError": 0.005140237
}