{
  "createdTimestamp": "132268538972421437",
  "avgAbsoluteError": 0.000212431711,
  "avgSignedError": 0.000212431711,
  "maxAbsoluteError": 0.000242651775
}