{
  "createdTimestamp": "132268538972421437",
  "avgAbsoluteError": 0.6721137,
  "avgSignedError": 0.417281479,
  "maxAbsoluteError": 29.4045982
}