{
  "createdTimestamp": "132268538972421437",
  "avgAbsoluteError": 0.0106233452,
  "avgSignedError": -0.009141305,
  "maxAbsoluteError": 0.0345459
}