{
  "createdTimestamp": "132268538972421437",
  "avgAbsoluteError": 0.009302721,
  "avgSignedError": -0.007521561,
  "maxAbsoluteError": 0.0332946777
}