{
  "createdTimestamp": "132268538972421437",
  "avgAbsoluteError": 0.00140752888,
  "avgSignedError": -0.000488496153,
  "maxAbsoluteError": 0.00674503949
}