{
  "createdTimestamp": "132268538972421437",
  "avgAbsoluteError": 0.0226405542,
  "avgSignedError": -0.0176113825,
  "maxAbsoluteError": 0.0751647949
}