{
  "createdTimestamp": "132268538972421437",
  "avgAbsoluteError": 0.01790018,
  "avgSignedError": -0.016332021,
  "maxAbsoluteError": 0.2703885
}