{
  "createdTimestamp": "132268538972421437",
  "avgAbsoluteError": 0.278373957,
  "avgSignedError": 0.2783735,
  "maxAbsoluteError": 0.280434668
}