{
  "createdTimestamp": "132268538972421437",
  "avgAbsoluteError": 0.000710514549,
  "avgSignedError": -0.0002212555,
  "maxAbsoluteError": 0.003326264
}