{
  "createdTimestamp": "132268538972421437",
  "avgAbsoluteError": 36.313858,
  "avgSignedError": 36.313858,
  "maxAbsoluteError": 36.35019,
  "avgSettlingTime2Degrees": 9.831976
}