{
  "createdTimestamp": "132268538972421437",
  "avgAbsoluteError": 0.000675361953,
  "avgSignedError": 0.0005421082,
  "maxAbsoluteError": 0.001953125
}