{
  "createdTimestamp": "132268538972421437",
  "avgAbsoluteError": 0.0137790227,
  "avgSignedError": 0.0130977547,
  "maxAbsoluteError": 0.0808410645
}