{
  "createdTimestamp": "132268538972421437",
  "avgAbsoluteError": 0.00632162672,
  "avgSignedError": -0.00551209273,
  "maxAbsoluteError": 0.0223999023
}