{
  "createdTimestamp": "132268538972421437",
  "avgAbsoluteError": 0.00333647826,
  "avgSignedError": 0.0033224253,
  "maxAbsoluteError": 0.005236342
}