{
  "createdTimestamp": "132268538972421437",
  "avgAbsoluteError": 0.0005159058,
  "avgSignedError": 0.0005159058,
  "maxAbsoluteError": 0.00311478367
}