{
  "createdTimestamp": "132268538972421437",
  "avgAbsoluteError": 0.00102043245,
  "avgSignedError": -0.000637487858,
  "maxAbsoluteError": 0.00732421875
}