{
  "createdTimestamp": "132268538972421437",
  "avgAbsoluteError": 0.206063956,
  "avgSignedError": 0.196072951,
  "maxAbsoluteError": 0.3478093
}