{
  "createdTimestamp": "132268538972421437",
  "avgAbsoluteError": 0.0007671227,
  "avgSignedError": -9.668903E-05,
  "maxAbsoluteError": 0.003985898
}