{
  "createdTimestamp": "132268538972421437",
  "avgAbsoluteError": 0.00206719479,
  "avgSignedError": 0.00206719479,
  "maxAbsoluteError": 0.0110441661
}