{
  "createdTimestamp": "132268538972421437",
  "avgAbsoluteError": 0.281341255,
  "avgSignedError": -0.08551428,
  "maxAbsoluteError": 3.56822634
}