{
  "createdTimestamp": "132268538972421437",
  "avgAbsoluteError": 0.156535238,
  "avgSignedError": 0.13838993,
  "maxAbsoluteError": 3.94721079
}