{
  "createdTimestamp": "132268538972421437",
  "avgAbsoluteError": 0.6950955,
  "avgSignedError": -0.6950955,
  "maxAbsoluteError": 0.7104492
}