{
  "createdTimestamp": "132268538972421437",
  "avgAbsoluteError": 0.2651614,
  "avgSignedError": -0.265133351,
  "maxAbsoluteError": 0.394836426
}