{
  "createdTimestamp": "132268538972421437",
  "avgAbsoluteError": 0.00481260335,
  "avgSignedError": -0.000468432816,
  "maxAbsoluteError": 0.0259621423
}