{
  "createdTimestamp": "132268538972421437",
  "avgAbsoluteError": 1.67392921,
  "avgSignedError": -1.67392921,
  "maxAbsoluteError": 1.676239
}