{
  "createdTimestamp": "132268538972421437",
  "avgAbsoluteError": 0.0008370674,
  "avgSignedError": -0.0007295806,
  "maxAbsoluteError": 0.00552368164
}