{
  "createdTimestamp": "132268538972421437",
  "avgAbsoluteError": 0.06765923,
  "avgSignedError": -0.0493913181,
  "maxAbsoluteError": 0.227142349
}