{
  "createdTimestamp": "132268538972421437",
  "avgAbsoluteError": 0.021578053,
  "avgSignedError": -0.02064505,
  "maxAbsoluteError": 0.06762695
}