{
  "createdTimestamp": "132268538972421437",
  "avgAbsoluteError": 0.009491738,
  "avgSignedError": -0.00624181051,
  "maxAbsoluteError": 0.03829956
}