{
  "createdTimestamp": "132268538972421437",
  "avgAbsoluteError": 0.0005597215,
  "avgSignedError": 0.000559691864,
  "maxAbsoluteError": 0.00160729908
}