{
  "createdTimestamp": "132268538972421437",
  "avgAbsoluteError": 0.0004922406,
  "avgSignedError": 0.0004922406,
  "maxAbsoluteError": 0.000521031849
}