{
  "createdTimestamp": "132268538972421437",
  "avgAbsoluteError": 0.329483926,
  "avgSignedError": 0.329483926,
  "maxAbsoluteError": 0.463592529
}