{
  "createdTimestamp": "132268538972421437",
  "avgAbsoluteError": 36.3579826,
  "avgSignedError": -36.3579826,
  "maxAbsoluteError": 36.38626,
  "avgSettlingTime2Degrees": 0.0540489
}