{
  "createdTimestamp": "132268538972421437",
  "avgAbsoluteError": 18.7275772,
  "avgSignedError": -18.7275772,
  "maxAbsoluteError": 18.74701,
  "avgSettlingTime10Degrees": 27.779995,
  "avgSettlingTime5Degrees": 27.779995,
  "avgSettlingTime2Degrees": 27.779995
}