{
  "createdTimestamp": "132268538972421437",
  "avgAbsoluteError": 0.000205691336,
  "avgSignedError": 0.000165721256,
  "maxAbsoluteError": 0.00108561921
}