{
  "createdTimestamp": "132268538972421437",
  "avgAbsoluteError": 0.31878233,
  "avgSignedError": 0.2950595,
  "maxAbsoluteError": 17.6391563
}