{
  "createdTimestamp": "132268538972421437",
  "avgAbsoluteError": 0.000174935733,
  "avgSignedError": -1.31105353E-05,
  "maxAbsoluteError": 0.00108405319
}