{
  "createdTimestamp": "132268538972421437",
  "avgAbsoluteError": 0.09355968,
  "avgSignedError": 0.09355968,
  "maxAbsoluteError": 0.238899663
}