{
  "createdTimestamp": "132268538972421437",
  "avgAbsoluteError": 0.00216315663,
  "avgSignedError": 0.0006691711,
  "maxAbsoluteError": 0.16812861
}