{
  "createdTimestamp": "132268538972421437",
  "avgAbsoluteError": 0.000155398608,
  "avgSignedError": -0.000155398433,
  "maxAbsoluteError": 0.000183105469
}