{
  "createdTimestamp": "132268538972421437",
  "avgAbsoluteError": 0.000117692485,
  "avgSignedError": 3.455697E-05,
  "maxAbsoluteError": 0.000366210938
}