{
  "createdTimestamp": "132268538972421437",
  "avgAbsoluteError": 0.05481258,
  "avgSignedError": 0.04564559,
  "maxAbsoluteError": 0.22064209
}