{
  "createdTimestamp": "132268538972421437",
  "avgAbsoluteError": 0.000187935424,
  "avgSignedError": -0.000173068445,
  "maxAbsoluteError": 0.00323159155
}