{
  "createdTimestamp": "132268538972421437",
  "avgAbsoluteError": 0.0005629882,
  "avgSignedError": 0.0005173969,
  "maxAbsoluteError": 0.011783204
}