{
  "createdTimestamp": "132268538972421437",
  "avgAbsoluteError": 10.671895,
  "avgSignedError": 10.6718931,
  "maxAbsoluteError": 10.6831465,
  "avgSettlingTime10Degrees": 27.779995,
  "avgSettlingTime5Degrees": 27.779995,
  "avgSettlingTime2Degrees": 27.779995
}