{
  "createdTimestamp": "132268538972421437",
  "avgAbsoluteError": 1.67359233,
  "avgSignedError": -1.67359233,
  "maxAbsoluteError": 1.67559814
}