{
  "createdTimestamp": "132268538972421437",
  "avgAbsoluteError": 0.000260857021,
  "avgSignedError": 0.000115621064,
  "maxAbsoluteError": 0.00119018555
}