{
  "createdTimestamp": "132268538972421437",
  "avgAbsoluteError": 0.0002964259,
  "avgSignedError": 4.67529171E-05,
  "maxAbsoluteError": 0.004425049
}