{
  "createdTimestamp": "132268538972421437",
  "avgAbsoluteError": 0.19745402,
  "avgSignedError": 0.184611231,
  "maxAbsoluteError": 10.9685984
}