{
  "createdTimestamp": "132268538972421437",
  "avgAbsoluteError": 0.003024866,
  "avgSignedError": -0.00297468551,
  "maxAbsoluteError": 0.0102233887
}