{
  "createdTimestamp": "132268538972421437",
  "avgAbsoluteError": 0.000150228923,
  "avgSignedError": 7.034791E-05,
  "maxAbsoluteError": 0.00102348858
}