{
  "createdTimestamp": "132268538972421437",
  "avgAbsoluteError": 0.00293696322,
  "avgSignedError": 0.00292838342,
  "maxAbsoluteError": 0.0138414828
}