{
  "createdTimestamp": "132268538972421437",
  "avgAbsoluteError": 0.1793661,
  "avgSignedError": 0.171124548,
  "maxAbsoluteError": 0.2979045
}