{
  "createdTimestamp": "132268538972421437",
  "avgAbsoluteError": 0.000723145262,
  "avgSignedError": 0.0007026128,
  "maxAbsoluteError": 0.008578748
}