{
  "createdTimestamp": "132268538972421437",
  "avgAbsoluteError": 0.000316148216,
  "avgSignedError": -0.000120594857,
  "maxAbsoluteError": 0.00219726563
}