{
  "createdTimestamp": "132268538972421437",
  "avgAbsoluteError": 0.000219823851,
  "avgSignedError": 0.000219823851,
  "maxAbsoluteError": 0.000246786
}