{
  "createdTimestamp": "132268538972421437",
  "avgAbsoluteError": 0.00560595375,
  "avgSignedError": 0.005450008,
  "maxAbsoluteError": 0.307593584
}