{
  "createdTimestamp": "132268538972421437",
  "avgAbsoluteError": 0.0001738807,
  "avgSignedError": 0.000139797936,
  "maxAbsoluteError": 0.00106581266
}