{
  "createdTimestamp": "132268538972421437",
  "avgAbsoluteError": 0.0368274823,
  "avgSignedError": 0.0367973633,
  "maxAbsoluteError": 0.175811768
}