{
  "createdTimestamp": "132268538972421437",
  "avgAbsoluteError": 0.3634952,
  "avgSignedError": 0.328482121,
  "maxAbsoluteError": 21.4756546
}