{
  "createdTimestamp": "132268538972421437",
  "avgAbsoluteError": 0.0003257592,
  "avgSignedError": -0.0003025805,
  "maxAbsoluteError": 0.000885009766
}