{
  "createdTimestamp": "132268538972421437",
  "avgAbsoluteError": 0.278111368,
  "avgSignedError": -0.278110832,
  "maxAbsoluteError": 0.279022217
}