{
  "createdTimestamp": "132268538972421437",
  "avgAbsoluteError": 0.0465424024,
  "avgSignedError": 0.0422179066,
  "maxAbsoluteError": 2.03214073
}