{
  "createdTimestamp": "132268538972421437",
  "avgAbsoluteError": 0.000273009849,
  "avgSignedError": 0.000268276228,
  "maxAbsoluteError": 0.00117833959
}