{
  "createdTimestamp": "132268538972421437",
  "avgAbsoluteError": 0.009221958,
  "avgSignedError": -0.00707165152,
  "maxAbsoluteError": 0.142112046
}