{
  "createdTimestamp": "132268538972421437",
  "avgAbsoluteError": 0.0132107772,
  "avgSignedError": -0.0132107586,
  "maxAbsoluteError": 0.14364624
}