{
  "createdTimestamp": "132268538972421437",
  "avgAbsoluteError": 0.000412398978,
  "avgSignedError": 7.87458E-06,
  "maxAbsoluteError": 0.00301851868
}