{
  "createdTimestamp": "132268538972421437",
  "avgAbsoluteError": 0.000356645847,
  "avgSignedError": 0.000205463279,
  "maxAbsoluteError": 0.004486084
}