{
  "createdTimestamp": "132268538972421437",
  "avgAbsoluteError": 0.0004384737,
  "avgSignedError": -6.31668627E-06,
  "maxAbsoluteError": 0.004187798
}