{
  "createdTimestamp": "132268538972421437",
  "avgAbsoluteError": 0.243321568,
  "avgSignedError": 0.243321568,
  "maxAbsoluteError": 0.272979736
}