{
  "createdTimestamp": "132268538972421437",
  "avgAbsoluteError": 0.00070093316,
  "avgSignedError": 0.0007008444,
  "maxAbsoluteError": 0.008304198
}