{
  "createdTimestamp": "132268538972421437",
  "avgAbsoluteError": 0.00283684512,
  "avgSignedError": 0.00270752679,
  "maxAbsoluteError": 0.0276207477
}