{
  "createdTimestamp": "132268538972421437",
  "avgAbsoluteError": 0.00281422562,
  "avgSignedError": 0.00205544382,
  "maxAbsoluteError": 0.0323786177
}