{
  "createdTimestamp": "132268538972421437",
  "avgAbsoluteError": 2.08195853,
  "avgSignedError": -2.08137536,
  "maxAbsoluteError": 2.44790649,
  "avgSettlingTime2Degrees": 27.779995
}