{
  "createdTimestamp": "132268538972421437",
  "avgAbsoluteError": 0.000240679583,
  "avgSignedError": 0.000202218143,
  "maxAbsoluteError": 0.00107443659
}