{
  "createdTimestamp": "132268538972421437",
  "avgAbsoluteError": 0.0107135372,
  "avgSignedError": -0.008657595,
  "maxAbsoluteError": 0.143846855
}