{
  "createdTimestamp": "132268538972421437",
  "avgAbsoluteError": 0.00774401659,
  "avgSignedError": -0.005511322,
  "maxAbsoluteError": 0.152669847
}