{
  "createdTimestamp": "132268538972421437",
  "avgAbsoluteError": 0.0006037907,
  "avgSignedError": -0.0004427715,
  "maxAbsoluteError": 0.00399780273
}