{
  "createdTimestamp": "132268538972421437",
  "avgAbsoluteError": 0.275256,
  "avgSignedError": -0.2752559,
  "maxAbsoluteError": 0.2760315
}