{
  "createdTimestamp": "132268538972421437",
  "avgAbsoluteError": 0.000238870038,
  "avgSignedError": 7.940337E-05,
  "maxAbsoluteError": 0.00384880835
}