{
  "createdTimestamp": "132268538972421437",
  "avgAbsoluteError": 0.6918855,
  "avgSignedError": 0.6918855,
  "maxAbsoluteError": 0.8367648
}