{
  "createdTimestamp": "132268538972421437",
  "avgAbsoluteError": 0.000256523723,
  "avgSignedError": 0.000256523723,
  "maxAbsoluteError": 0.000287557166
}