{
  "createdTimestamp": "132268538972421437",
  "avgAbsoluteError": 3.35276246,
  "avgSignedError": -3.348299,
  "maxAbsoluteError": 123.978638,
  "avgSettlingTime2Degrees": 0.0115104
}