{
  "createdTimestamp": "132268538972421437",
  "avgAbsoluteError": 0.058376126,
  "avgSignedError": -0.0351152346,
  "maxAbsoluteError": 1.60003662
}