{
  "createdTimestamp": "132268538972421437",
  "avgAbsoluteError": 1.67234671,
  "avgSignedError": -1.672345,
  "maxAbsoluteError": 1.67443848
}