{
  "createdTimestamp": "132268538972421437",
  "avgAbsoluteError": 0.000285919377,
  "avgSignedError": 4.740015E-05,
  "maxAbsoluteError": 0.003968918
}