{
  "createdTimestamp": "132268538972421437",
  "avgAbsoluteError": 0.157208383,
  "avgSignedError": 0.148059666,
  "maxAbsoluteError": 4.00177765
}