{
  "createdTimestamp": "132268538972421437",
  "avgAbsoluteError": 0.00077489065,
  "avgSignedError": 0.000748234,
  "maxAbsoluteError": 0.0122405393
}