{
  "createdTimestamp": "132268538972421437",
  "avgAbsoluteError": 0.000244386669,
  "avgSignedError": 9.826331E-05,
  "maxAbsoluteError": 0.00246912916
}