{
  "createdTimestamp": "132268538972421437",
  "avgAbsoluteError": 0.0644415841,
  "avgSignedError": 0.0525623038,
  "maxAbsoluteError": 0.229125977
}