{
  "createdTimestamp": "132268538972421437",
  "avgAbsoluteError": 0.3760492,
  "avgSignedError": 0.375361532,
  "maxAbsoluteError": 14.0944347
}