{
  "createdTimestamp": "132268538972421437",
  "avgAbsoluteError": 0.008162679,
  "avgSignedError": -0.00686428044,
  "maxAbsoluteError": 0.0740356445
}