{
  "createdTimestamp": "132268538972421437",
  "avgAbsoluteError": 0.2633316,
  "avgSignedError": -0.263302,
  "maxAbsoluteError": 0.398223877
}