{
  "createdTimestamp": "132268538972421437",
  "avgAbsoluteError": 0.00296156039,
  "avgSignedError": 0.00185227674,
  "maxAbsoluteError": 0.0359051041
}