{
  "createdTimestamp": "132268538972421437",
  "avgAbsoluteError": 0.25030607,
  "avgSignedError": 0.25030607,
  "maxAbsoluteError": 3.94066072
}