{
  "createdTimestamp": "132268538972421437",
  "avgAbsoluteError": 0.09604252,
  "avgSignedError": 0.06251337,
  "maxAbsoluteError": 0.3912964
}