{
  "createdTimestamp": "132268538972421437",
  "avgAbsoluteError": 0.106709883,
  "avgSignedError": 0.09922635,
  "maxAbsoluteError": 0.386750966
}