{
  "createdTimestamp": "132268538972421437",
  "avgAbsoluteError": 0.101104133,
  "avgSignedError": 0.07739625,
  "maxAbsoluteError": 0.371612549
}