{
  "createdTimestamp": "132268538972421437",
  "avgAbsoluteError": 0.132807836,
  "avgSignedError": 0.128739551,
  "maxAbsoluteError": 0.360717773
}