{
  "createdTimestamp": "132268538972421437",
  "avgAbsoluteError": 0.05199879,
  "avgSignedError": 0.0451939739,
  "maxAbsoluteError": 0.162323
}