{
  "createdTimestamp": "132268538972421437",
  "avgAbsoluteError": 0.0310643055,
  "avgSignedError": -0.017456511,
  "maxAbsoluteError": 0.108734131
}