{
  "createdTimestamp": "132266842192423698",
  "avgAbsoluteError": 1.41896,
  "avgSignedError": -0.3743526,
  "maxAbsoluteError": 174.6041,
  "avgSettlingTime10Degrees": 0.0110098,
  "avgSettlingTime5Degrees": 0.04270463,
  "avgSettlingTime2Degrees": 0.0455397367
}