{
  "createdTimestamp": "132266847799605055",
  "avgAbsoluteError": 0.990676463,
  "avgSignedError": -0.300946534,
  "maxAbsoluteError": 36.3830566
}