{
  "createdTimestamp": "132291001295219761",
  "avgAbsoluteError": 8.185938,
  "avgSignedError": -0.6207792,
  "maxAbsoluteError": 179.629623,
  "avgSettlingTime2Degrees": 0.0280252
}