{
  "createdTimestamp": "132292734164549775",
  "avgAbsoluteError": 1.25337708,
  "avgSignedError": -0.300732523,
  "maxAbsoluteError": 9.173309
}