{
  "createdTimestamp": "132292734164549775",
  "avgAbsoluteError": 5.812394,
  "avgSignedError": -0.288052976,
  "maxAbsoluteError": 16.1075745
}