{
  "createdTimestamp": "132292734164549775",
  "avgAbsoluteError": 7.066099,
  "avgSignedError": 2.24685216,
  "maxAbsoluteError": 24.6279
}