{
  "createdTimestamp": "132292734164549775",
  "avgAbsoluteError": 3.8494885,
  "avgSignedError": 3.8494885,
  "maxAbsoluteError": 8.167744
}