{
  "createdTimestamp": "132292734164549775",
  "avgAbsoluteError": 0.00431570364,
  "avgSignedError": 0.00310632121,
  "maxAbsoluteError": 0.023611879
}