{
  "createdTimestamp": "132292734164549775",
  "avgAbsoluteError": 0.006670944,
  "avgSignedError": 0.00129246665,
  "maxAbsoluteError": 0.0290824156
}