{
  "createdTimestamp": "132292734164549775",
  "avgAbsoluteError": 22.13719,
  "avgSignedError": 20.4075642,
  "maxAbsoluteError": 109.594345
}