{
  "createdTimestamp": "132292734164549775",
  "avgAbsoluteError": 0.00414560037,
  "avgSignedError": 0.00371343317,
  "maxAbsoluteError": 0.0138461944
}