{
  "createdTimestamp": "132292734164549775",
  "avgAbsoluteError": 1.58393919,
  "avgSignedError": 0.113595471,
  "maxAbsoluteError": 6.97561646
}