{
  "createdTimestamp": "132292734164549775",
  "avgAbsoluteError": 26.2827244,
  "avgSignedError": 26.2827244,
  "maxAbsoluteError": 91.14462
}