{
  "createdTimestamp": "132292734164549775",
  "avgAbsoluteError": 5.64274263,
  "avgSignedError": -5.64274263,
  "maxAbsoluteError": 11.7892761
}