{
  "createdTimestamp": "132292734164549775",
  "avgAbsoluteError": 1.61848211,
  "avgSignedError": 0.9180566,
  "maxAbsoluteError": 10.6399174
}