{
  "createdTimestamp": "132292734164549775",
  "avgAbsoluteError": 2.83838463,
  "avgSignedError": 2.41049886,
  "maxAbsoluteError": 4.187833
}