{
  "createdTimestamp": "132292734164549775",
  "avgAbsoluteError": 2.25658584,
  "avgSignedError": -0.60643363,
  "maxAbsoluteError": 3.30764771
}