{
  "createdTimestamp": "132292734164549775",
  "avgAbsoluteError": 0.0140725346,
  "avgSignedError": -0.00302961469,
  "maxAbsoluteError": 0.04815674
}