{
  "createdTimestamp": "132292734164549775",
  "avgAbsoluteError": 8.673753,
  "avgSignedError": 3.51181555,
  "maxAbsoluteError": 20.0650558
}