{
  "createdTimestamp": "132292734164549775",
  "avgAbsoluteError": 4.545605,
  "avgSignedError": -0.800750256,
  "maxAbsoluteError": 16.3934937
}