{
  "createdTimestamp": "132292734164549775",
  "avgAbsoluteError": 12.3307247,
  "avgSignedError": 3.75369859,
  "maxAbsoluteError": 23.3698082
}