{
  "createdTimestamp": "132292734164549775",
  "avgAbsoluteError": 0.7660242,
  "avgSignedError": -0.269674927,
  "maxAbsoluteError": 2.44644165
}