{
  "createdTimestamp": "132292734164549775",
  "avgAbsoluteError": 5.441284,
  "avgSignedError": 0.9990542,
  "maxAbsoluteError": 23.6976013
}