{
  "createdTimestamp": "132292734164549775",
  "avgAbsoluteError": 22.9466114,
  "avgSignedError": -19.9464226,
  "maxAbsoluteError": 110.262543
}