{
  "createdTimestamp": "132292734164549775",
  "avgAbsoluteError": 8.244633,
  "avgSignedError": 0.15944837,
  "maxAbsoluteError": 26.515049
}