{
  "createdTimestamp": "132292734164549775",
  "avgAbsoluteError": 28.0939789,
  "avgSignedError": -28.0939789,
  "maxAbsoluteError": 28.1047974
}