{
  "createdTimestamp": "132292734164549775",
  "avgAbsoluteError": 1.93343937,
  "avgSignedError": -0.08959475,
  "maxAbsoluteError": 7.78640366
}