{
  "createdTimestamp": "132292734164549775",
  "avgAbsoluteError": 1.95923245,
  "avgSignedError": 0.5462367,
  "maxAbsoluteError": 4.546631
}