{
  "createdTimestamp": "132292734164549775",
  "avgAbsoluteError": 0.006030079,
  "avgSignedError": 0.004434305,
  "maxAbsoluteError": 0.0422863774
}