{
  "createdTimestamp": "132292734164549775",
  "avgAbsoluteError": 0.003097531,
  "avgSignedError": 0.0009750818,
  "maxAbsoluteError": 0.01208586
}