{
  "createdTimestamp": "132292734164549775",
  "avgAbsoluteError": 2.07406926,
  "avgSignedError": -0.3979651,
  "maxAbsoluteError": 10.8688536
}