{
  "createdTimestamp": "132292734164549775",
  "avgAbsoluteError": 10.8134489,
  "avgSignedError": -0.9969484,
  "maxAbsoluteError": 53.0752335
}