{
  "createdTimestamp": "132292734164549775",
  "avgAbsoluteError": 1.34754324,
  "avgSignedError": 0.5582861,
  "maxAbsoluteError": 6.572998
}