{
  "createdTimestamp": "132292734164549775",
  "avgAbsoluteError": 19.5508766,
  "avgSignedError": 19.5508766,
  "maxAbsoluteError": 31.39447
}