{
  "createdTimestamp": "132292734164549775",
  "avgAbsoluteError": 8.772672,
  "avgSignedError": -2.26434016,
  "maxAbsoluteError": 41.75206
}