{
  "createdTimestamp": "132292734164549775",
  "avgAbsoluteError": 12.54674,
  "avgSignedError": 3.27919483,
  "maxAbsoluteError": 25.912262
}