{
  "createdTimestamp": "132292734164549775",
  "avgAbsoluteError": 6.281512,
  "avgSignedError": 6.281512,
  "maxAbsoluteError": 7.607937
}