{
  "createdTimestamp": "132292734164549775",
  "avgAbsoluteError": 24.8039951,
  "avgSignedError": -24.8039951,
  "maxAbsoluteError": 24.8096619
}