{
  "createdTimestamp": "132292734164549775",
  "avgAbsoluteError": 0.01542408,
  "avgSignedError": 0.008879044,
  "maxAbsoluteError": 0.0491800532
}