{
  "createdTimestamp": "132292734164549775",
  "avgAbsoluteError": 0.00512155751,
  "avgSignedError": 3.841159E-05,
  "maxAbsoluteError": 0.0252825338
}