{
  "createdTimestamp": "132292734164549775",
  "avgAbsoluteError": 4.89495039,
  "avgSignedError": -0.5141094,
  "maxAbsoluteError": 19.77066
}