{
  "createdTimestamp": "132292734164549775",
  "avgAbsoluteError": 6.55599833,
  "avgSignedError": -2.12692666,
  "maxAbsoluteError": 38.076416
}