{
  "createdTimestamp": "132292734164549775",
  "avgAbsoluteError": 3.47832417,
  "avgSignedError": 1.413811,
  "maxAbsoluteError": 14.38641
}