{
  "createdTimestamp": "132292734164549775",
  "avgAbsoluteError": 1.83881819,
  "avgSignedError": 1.577543,
  "maxAbsoluteError": 3.190724
}