{
  "createdTimestamp": "132292734164549775",
  "avgAbsoluteError": 13.2358761,
  "avgSignedError": -10.6480055,
  "maxAbsoluteError": 24.51294
}