{
  "createdTimestamp": "132292734164549775",
  "avgAbsoluteError": 0.00213030982,
  "avgSignedError": 0.000763418,
  "maxAbsoluteError": 0.009687556
}