{
  "createdTimestamp": "132292734164549775",
  "avgAbsoluteError": 0.00313789281,
  "avgSignedError": -0.000202304655,
  "maxAbsoluteError": 0.016666865
}