{
  "createdTimestamp": "132292734164549775",
  "avgAbsoluteError": 0.00332487258,
  "avgSignedError": -0.00153775944,
  "maxAbsoluteError": 0.0167236328
}