{
  "createdTimestamp": "132292734164549775",
  "avgAbsoluteError": 0.005787398,
  "avgSignedError": -0.0024489027,
  "maxAbsoluteError": 0.025390625
}