{
  "createdTimestamp": "132292734164549775",
  "avgAbsoluteError": 2.49277329,
  "avgSignedError": -0.0161989424,
  "maxAbsoluteError": 10.4926453
}