{
  "createdTimestamp": "132292734164549775",
  "avgAbsoluteError": 5.993919,
  "avgSignedError": -3.839813,
  "maxAbsoluteError": 24.62793
}