{
  "createdTimestamp": "132292734164549775",
  "avgAbsoluteError": 2.450189,
  "avgSignedError": 1.94777727,
  "maxAbsoluteError": 8.37088
}