{
  "createdTimestamp": "132292734164549775",
  "avgAbsoluteError": 0.00467196666,
  "avgSignedError": 0.00086366816,
  "maxAbsoluteError": 0.0177437887
}