{
  "createdTimestamp": "132292734164549775",
  "avgAbsoluteError": 4.896184,
  "avgSignedError": 3.69988179,
  "maxAbsoluteError": 9.91796
}