{
  "createdTimestamp": "132292734164549775",
  "avgAbsoluteError": 2.93575168,
  "avgSignedError": 2.93575168,
  "maxAbsoluteError": 4.007056
}