{
  "createdTimestamp": "132292734164549775",
  "avgAbsoluteError": 5.28600645,
  "avgSignedError": 2.20456433,
  "maxAbsoluteError": 24.7665215
}