{
  "createdTimestamp": "132292734164549775",
  "avgAbsoluteError": 3.99232268,
  "avgSignedError": 1.728128,
  "maxAbsoluteError": 12.8360615
}