{
  "createdTimestamp": "132292734164549775",
  "avgAbsoluteError": 0.00288016163,
  "avgSignedError": 0.000768049969,
  "maxAbsoluteError": 0.0168584548
}