{
  "createdTimestamp": "132292734164549775",
  "avgAbsoluteError": 24.0760612,
  "avgSignedError": -24.0760612,
  "maxAbsoluteError": 30.19394
}