{
  "createdTimestamp": "132292734164549775",
  "avgAbsoluteError": 2.39765739,
  "avgSignedError": 0.726802647,
  "maxAbsoluteError": 8.642456
}