{
  "createdTimestamp": "132292734164549775",
  "avgAbsoluteError": 6.21978569,
  "avgSignedError": -1.23358059,
  "maxAbsoluteError": 18.8886414
}