{
  "createdTimestamp": "132292734164549775",
  "avgAbsoluteError": 3.7160995,
  "avgSignedError": 2.16316366,
  "maxAbsoluteError": 9.310144
}