{
  "createdTimestamp": "132292734164549775",
  "avgAbsoluteError": 0.01968562,
  "avgSignedError": 0.0134703685,
  "maxAbsoluteError": 0.0697367862
}