{
  "createdTimestamp": "132292734164549775",
  "avgAbsoluteError": 0.671134353,
  "avgSignedError": -0.147910461,
  "maxAbsoluteError": 2.02914429
}