{
  "createdTimestamp": "132292734164549775",
  "avgAbsoluteError": 8.620916,
  "avgSignedError": -5.331207,
  "maxAbsoluteError": 35.3587341
}