{
  "createdTimestamp": "132292734164549775",
  "avgAbsoluteError": 34.80802,
  "avgSignedError": 34.80802,
  "maxAbsoluteError": 69.5722046
}