{
  "createdTimestamp": "132292734164549775",
  "avgAbsoluteError": 0.8859773,
  "avgSignedError": -0.00260519981,
  "maxAbsoluteError": 4.85321045
}