{
  "createdTimestamp": "132292734164549775",
  "avgAbsoluteError": 1.14198959,
  "avgSignedError": -0.9303748,
  "maxAbsoluteError": 2.80032349
}