{
  "createdTimestamp": "132292734164549775",
  "avgAbsoluteError": 4.118497,
  "avgSignedError": 2.44705939,
  "maxAbsoluteError": 17.2244911
}