{
  "createdTimestamp": "132292734164549775",
  "avgAbsoluteError": 7.347804,
  "avgSignedError": -0.05386512,
  "maxAbsoluteError": 179.773026
}