{
  "createdTimestamp": "132292734164549775",
  "avgAbsoluteError": 1.07950985,
  "avgSignedError": 0.684781849,
  "maxAbsoluteError": 3.013546
}