{
  "createdTimestamp": "132292734164549775",
  "avgAbsoluteError": 8.145316,
  "avgSignedError": -8.145316,
  "maxAbsoluteError": 14.9625244
}