{
  "createdTimestamp": "132292734164549775",
  "avgAbsoluteError": 6.65116262,
  "avgSignedError": -4.848591,
  "maxAbsoluteError": 13.078125
}