{
  "createdTimestamp": "132292734164549775",
  "avgAbsoluteError": 29.9667377,
  "avgSignedError": 29.9667377,
  "maxAbsoluteError": 33.0656738
}