{
  "createdTimestamp": "132292734164549775",
  "avgAbsoluteError": 1.92334318,
  "avgSignedError": -0.124102704,
  "maxAbsoluteError": 2.94580221
}