{
  "createdTimestamp": "132292734164549775",
  "avgAbsoluteError": 3.436519,
  "avgSignedError": 3.436519,
  "maxAbsoluteError": 6.793614
}