{
  "createdTimestamp": "132292734164549775",
  "avgAbsoluteError": 1.11248255,
  "avgSignedError": 1.02979875,
  "maxAbsoluteError": 2.58176661
}