{
  "createdTimestamp": "132292734164549775",
  "avgAbsoluteError": 0.007665301,
  "avgSignedError": -0.00755668757,
  "maxAbsoluteError": 0.0340881348
}