{
  "createdTimestamp": "132292734164549775",
  "avgAbsoluteError": 7.2009325,
  "avgSignedError": -4.924938,
  "maxAbsoluteError": 16.7814941
}