{
  "createdTimestamp": "132292734164549775",
  "avgAbsoluteError": 2.86057949,
  "avgSignedError": -1.139311,
  "maxAbsoluteError": 10.0159912
}