{
  "createdTimestamp": "132292734164549775",
  "avgAbsoluteError": 0.005034773,
  "avgSignedError": 0.004421729,
  "maxAbsoluteError": 0.0178943332
}