{
  "createdTimestamp": "132292734164549775",
  "avgAbsoluteError": 35.75602,
  "avgSignedError": -6.305627,
  "maxAbsoluteError": 179.759171
}