{
  "createdTimestamp": "132292734164549775",
  "avgAbsoluteError": 13.2619791,
  "avgSignedError": -10.9415035,
  "maxAbsoluteError": 26.290741
}