{
  "createdTimestamp": "132292734164549775",
  "avgAbsoluteError": 0.0122508258,
  "avgSignedError": 0.0087637445,
  "maxAbsoluteError": 0.0384439863
}