{
  "createdTimestamp": "132292734164549775",
  "avgAbsoluteError": 2.93197823,
  "avgSignedError": -2.107531,
  "maxAbsoluteError": 5.715515
}