{
  "createdTimestamp": "132292734164549775",
  "avgAbsoluteError": 8.19553,
  "avgSignedError": -7.049142,
  "maxAbsoluteError": 13.8615112
}