{
  "createdTimestamp": "132292734164549775",
  "avgAbsoluteError": 0.00741816964,
  "avgSignedError": 0.002998507,
  "maxAbsoluteError": 0.0298437849
}