{
  "createdTimestamp": "132292734164549775",
  "avgAbsoluteError": 0.009515328,
  "avgSignedError": 0.00247384538,
  "maxAbsoluteError": 0.0487018079
}