{
  "createdTimestamp": "132292734164549775",
  "avgAbsoluteError": 1.03980732,
  "avgSignedError": 0.9446346,
  "maxAbsoluteError": 2.09514332
}