{
  "createdTimestamp": "132292734164549775",
  "avgAbsoluteError": 0.0040803,
  "avgSignedError": 0.00185251737,
  "maxAbsoluteError": 0.0125216106
}