{
  "createdTimestamp": "132292734164549775",
  "avgAbsoluteError": 22.4515228,
  "avgSignedError": -17.8084564,
  "maxAbsoluteError": 46.97336
}