{
  "createdTimestamp": "132292734164549775",
  "avgAbsoluteError": 3.48347235,
  "avgSignedError": -1.83341324,
  "maxAbsoluteError": 5.65310669
}