{
  "createdTimestamp": "132292734164549775",
  "avgAbsoluteError": 2.1398294,
  "avgSignedError": 0.295429468,
  "maxAbsoluteError": 3.48034668
}