{
  "createdTimestamp": "132292734164549775",
  "avgAbsoluteError": 0.003965705,
  "avgSignedError": -0.00218987,
  "maxAbsoluteError": 0.03491211
}