{
  "createdTimestamp": "132292734164549775",
  "avgAbsoluteError": 3.81017447,
  "avgSignedError": -1.82470036,
  "maxAbsoluteError": 12.76947
}