{
  "createdTimestamp": "132292734164549775",
  "avgAbsoluteError": 6.207991,
  "avgSignedError": 4.97020531,
  "maxAbsoluteError": 16.7027588
}