{
  "createdTimestamp": "132292734164549775",
  "avgAbsoluteError": 7.75225,
  "avgSignedError": -4.20743465,
  "maxAbsoluteError": 21.6643066
}