{
  "createdTimestamp": "132292734164549775",
  "avgAbsoluteError": 0.007879909,
  "avgSignedError": -0.00236591976,
  "maxAbsoluteError": 0.0349731445
}