{
  "createdTimestamp": "132292734164549775",
  "avgAbsoluteError": 56.3389435,
  "avgSignedError": -5.032531,
  "maxAbsoluteError": 179.773026
}