{
  "createdTimestamp": "132292734164549775",
  "avgAbsoluteError": 0.00815714,
  "avgSignedError": -0.004250052,
  "maxAbsoluteError": 0.0387573242
}