{
  "createdTimestamp": "132292734164549775",
  "avgAbsoluteError": 13.5291529,
  "avgSignedError": -13.4434261,
  "maxAbsoluteError": 27.8640442
}