{
  "createdTimestamp": "132292734164549775",
  "avgAbsoluteError": 7.51710224,
  "avgSignedError": 2.972244,
  "maxAbsoluteError": 17.9606342
}