{
  "createdTimestamp": "132292734164549775",
  "avgAbsoluteError": 2.08855963,
  "avgSignedError": 2.08855963,
  "maxAbsoluteError": 6.62734652
}