{
  "createdTimestamp": "132292734164549775",
  "avgAbsoluteError": 10.8753147,
  "avgSignedError": -10.8753147,
  "maxAbsoluteError": 28.5484
}