{
  "createdTimestamp": "132292734164549775",
  "avgAbsoluteError": 16.78464,
  "avgSignedError": -10.917141,
  "maxAbsoluteError": 41.5126038
}