{
  "createdTimestamp": "132292734164549775",
  "avgAbsoluteError": 4.143693,
  "avgSignedError": -0.94448334,
  "maxAbsoluteError": 8.858032
}