{
  "createdTimestamp": "132292734164549775",
  "avgAbsoluteError": 0.009247892,
  "avgSignedError": 0.00457601,
  "maxAbsoluteError": 0.04079506
}