{
  "createdTimestamp": "132292734164549775",
  "avgAbsoluteError": 5.46260262,
  "avgSignedError": -5.46260262,
  "maxAbsoluteError": 13.7330627
}