{
  "createdTimestamp": "132292734164549775",
  "avgAbsoluteError": 5.322342,
  "avgSignedError": -5.322342,
  "maxAbsoluteError": 10.2077637
}