{
  "createdTimestamp": "132292734164549775",
  "avgAbsoluteError": 1.90366471,
  "avgSignedError": 1.48500133,
  "maxAbsoluteError": 7.271045
}