{
  "createdTimestamp": "132292734164549775",
  "avgAbsoluteError": 2.21186972,
  "avgSignedError": 1.63992214,
  "maxAbsoluteError": 6.87542725
}