{
  "createdTimestamp": "132292734164549775",
  "avgAbsoluteError": 0.00418032473,
  "avgSignedError": 0.00207012426,
  "maxAbsoluteError": 0.0200180449
}