{
  "createdTimestamp": "132292734164549775",
  "avgAbsoluteError": 0.9611726,
  "avgSignedError": 0.09147005,
  "maxAbsoluteError": 2.20188618
}