{
  "createdTimestamp": "132292734164549775",
  "avgAbsoluteError": 16.7284222,
  "avgSignedError": -12.6470966,
  "maxAbsoluteError": 35.4252319
}