{
  "createdTimestamp": "132292734164549775",
  "avgAbsoluteError": 0.003641827,
  "avgSignedError": -0.0022723,
  "maxAbsoluteError": 0.0118713379
}