{
  "createdTimestamp": "132292734164549775",
  "avgAbsoluteError": 5.35477066,
  "avgSignedError": 5.35477066,
  "maxAbsoluteError": 12.4029837
}