{
  "createdTimestamp": "132292734164549775",
  "avgAbsoluteError": 1.94465923,
  "avgSignedError": 0.023111539,
  "maxAbsoluteError": 4.04904842
}