{
  "createdTimestamp": "132292734164549775",
  "avgAbsoluteError": 3.75209451,
  "avgSignedError": 2.060436,
  "maxAbsoluteError": 6.816352
}