{
  "createdTimestamp": "132292734164549775",
  "avgAbsoluteError": 1.8397423,
  "avgSignedError": -1.62364912,
  "maxAbsoluteError": 4.00332642
}