{
  "createdTimestamp": "132292734164549775",
  "avgAbsoluteError": 8.050537,
  "avgSignedError": -2.120959,
  "maxAbsoluteError": 19.5992432
}