{
  "createdTimestamp": "132292734164549775",
  "avgAbsoluteError": 0.0052072485,
  "avgSignedError": -0.00511666853,
  "maxAbsoluteError": 0.0223999023
}