{
  "createdTimestamp": "132292734164549775",
  "avgAbsoluteError": 31.5424118,
  "avgSignedError": -31.5424118,
  "maxAbsoluteError": 39.10388
}