{
  "createdTimestamp": "132292734164549775",
  "avgAbsoluteError": 2.65951681,
  "avgSignedError": -2.65951681,
  "maxAbsoluteError": 6.236267
}