{
  "createdTimestamp": "132292734164549775",
  "avgAbsoluteError": 0.00698923972,
  "avgSignedError": -0.00691331225,
  "maxAbsoluteError": 0.0215759277
}