{
  "createdTimestamp": "132292734164549775",
  "avgAbsoluteError": 16.4542389,
  "avgSignedError": 15.6188841,
  "maxAbsoluteError": 33.6018066
}