{
  "createdTimestamp": "132292734164549775",
  "avgAbsoluteError": 53.040802,
  "avgSignedError": -9.069112,
  "maxAbsoluteError": 177.840179
}