{
  "createdTimestamp": "132292734164549775",
  "avgAbsoluteError": 2.181357,
  "avgSignedError": -2.181357,
  "maxAbsoluteError": 4.711151
}