{
  "createdTimestamp": "132292734164549775",
  "avgAbsoluteError": 0.00400019344,
  "avgSignedError": -0.00399810448,
  "maxAbsoluteError": 0.0163269043
}