{
  "createdTimestamp": "132292734164549775",
  "avgAbsoluteError": 0.00395907275,
  "avgSignedError": 0.000261060661,
  "maxAbsoluteError": 0.01048825
}