{
  "createdTimestamp": "132292734164549775",
  "avgAbsoluteError": 4.13678741,
  "avgSignedError": 4.13678741,
  "maxAbsoluteError": 7.381755
}