{
  "createdTimestamp": "132292734164549775",
  "avgAbsoluteError": 8.359107,
  "avgSignedError": 8.312186,
  "maxAbsoluteError": 26.8555183
}