{
  "createdTimestamp": "132292734164549775",
  "avgAbsoluteError": 8.225397,
  "avgSignedError": 3.00148225,
  "maxAbsoluteError": 17.7947044
}