{
  "createdTimestamp": "132292734164549775",
  "avgAbsoluteError": 2.779762,
  "avgSignedError": -1.38184559,
  "maxAbsoluteError": 8.378052
}