{
  "createdTimestamp": "132292734164549775",
  "avgAbsoluteError": 7.26278925,
  "avgSignedError": 7.26278925,
  "maxAbsoluteError": 13.719696
}