{
  "createdTimestamp": "132292734164549775",
  "avgAbsoluteError": 2.39024973,
  "avgSignedError": -1.62859833,
  "maxAbsoluteError": 6.2102356
}