{
  "createdTimestamp": "132292734164549775",
  "avgAbsoluteError": 6.908101,
  "avgSignedError": 6.1490593,
  "maxAbsoluteError": 11.967824
}