{
  "createdTimestamp": "132292734164549775",
  "avgAbsoluteError": 0.0032741446,
  "avgSignedError": -0.00173702126,
  "maxAbsoluteError": 0.0230407715
}