{
  "createdTimestamp": "132292734164549775",
  "avgAbsoluteError": 0.0104544125,
  "avgSignedError": -0.0103971716,
  "maxAbsoluteError": 0.0350036621
}