{
  "createdTimestamp": "132292734164549775",
  "avgAbsoluteError": 7.771757,
  "avgSignedError": 7.771757,
  "maxAbsoluteError": 12.8429174
}