{
  "createdTimestamp": "132292734164549775",
  "avgAbsoluteError": 0.009744033,
  "avgSignedError": -0.007899615,
  "maxAbsoluteError": 0.0408630371
}