{
  "createdTimestamp": "132292734164549775",
  "avgAbsoluteError": 0.009078204,
  "avgSignedError": -0.008798814,
  "maxAbsoluteError": 0.0342407227
}