{
  "createdTimestamp": "132292734164549775",
  "avgAbsoluteError": 60.87862,
  "avgSignedError": 28.22713,
  "maxAbsoluteError": 179.336456
}