{
  "createdTimestamp": "132292734164549775",
  "avgAbsoluteError": 3.60224533,
  "avgSignedError": 3.4382627,
  "maxAbsoluteError": 8.425877
}