{
  "createdTimestamp": "132292734164549775",
  "avgAbsoluteError": 1.23260772,
  "avgSignedError": -0.536386847,
  "maxAbsoluteError": 4.054657
}