{
  "createdTimestamp": "132292734164549775",
  "avgAbsoluteError": 5.132662,
  "avgSignedError": 4.889512,
  "maxAbsoluteError": 21.245739
}