{
  "createdTimestamp": "132266633164649445",
  "avgAbsoluteError": 4.206308,
  "avgSignedError": 2.28209829,
  "maxAbsoluteError": 79.45221,
  "avgSettlingTime2Degrees": 0.2104607
}