{
  "createdTimestamp": "132266633164649445",
  "avgAbsoluteError": 7.3658185,
  "avgSignedError": -5.232333,
  "maxAbsoluteError": 46.1716,
  "avgSettlingTime2Degrees": 0.3015427
}