{
  "createdTimestamp": "132266633164649445",
  "avgAbsoluteError": 4.358762,
  "avgSignedError": 0.8470867,
  "maxAbsoluteError": 78.37839
}