{
  "createdTimestamp": "132266633164649445",
  "avgAbsoluteError": 6.07060051,
  "avgSignedError": -0.5487525,
  "maxAbsoluteError": 180.0,
  "maxOvershoot": 179.503082,
  "avgSettlingTime10Degrees": 0.116488911,
  "avgSettlingTime5Degrees": 0.187559992,
  "avgSettlingTime2Degrees": 0.277703077,
  "avg10PercentResponseTime": 0.012177052,
  "avg50PercentResponseTime": 0.06722743,
  "avgCompleteResponseTime": 0.22429511
}