{
  "createdTimestamp": "132266633164649445",
  "avgAbsoluteError": 4.82416248,
  "avgSignedError": -0.3082827,
  "maxAbsoluteError": 60.48761,
  "maxOvershoot": 60.4875946,
  "avgSettlingTime10Degrees": 0.2635082,
  "avgSettlingTime5Degrees": 0.368603,
  "avgSettlingTime2Degrees": 0.4787023,
  "avg10PercentResponseTime": 0.0222911,
  "avg50PercentResponseTime": 0.0222911,
  "avgCompleteResponseTime": 0.0222911
}