{
  "createdTimestamp": "132266633164649445",
  "avgAbsoluteError": 4.7458806,
  "avgSignedError": -1.23557568,
  "maxAbsoluteError": 25.7897034,
  "avgSettlingTime10Degrees": 0.0933551,
  "avgSettlingTime5Degrees": 0.106367,
  "avgSettlingTime2Degrees": 0.1474039,
  "avg10PercentResponseTime": 0.0222911,
  "avg50PercentResponseTime": 0.106367
}