{
  "createdTimestamp": "132266633164649445",
  "avgAbsoluteError": 2.90989017,
  "avgSignedError": 0.0787574,
  "maxAbsoluteError": 20.3818245,
  "avgSettlingTime5Degrees": 0.1834361,
  "avgSettlingTime2Degrees": 0.3015427
}