{
  "createdTimestamp": "132266633164649445",
  "avgAbsoluteError": 2.6796217,
  "avgSignedError": 1.393918,
  "maxAbsoluteError": 23.5652771
}