{
  "createdTimestamp": "132266633164649445",
  "avgAbsoluteError": 13.4723673,
  "avgSignedError": 0.203041166,
  "maxAbsoluteError": 56.1919632,
  "avgSettlingTime10Degrees": 0.3816148,
  "avgSettlingTime5Degrees": 0.6508571,
  "avgSettlingTime2Degrees": 0.4885758,
  "avg10PercentResponseTime": 0.0,
  "avg50PercentResponseTime": 0.1594145
}