{
  "createdTimestamp": "132266633164649445",
  "avgAbsoluteError": 4.833319,
  "avgSignedError": 0.261813045,
  "maxAbsoluteError": 36.36846,
  "maxOvershoot": 5.60857868,
  "avgSettlingTime10Degrees": 0.0333013,
  "avgSettlingTime5Degrees": 0.0453119,
  "avgSettlingTime2Degrees": 0.0453119,
  "avg10PercentResponseTime": 0.0,
  "avg50PercentResponseTime": 0.0453119,
  "avgCompleteResponseTime": 0.0453119
}