{
  "createdTimestamp": "132266633164649445",
  "avgAbsoluteError": 11.5185213,
  "avgSignedError": -2.606083,
  "maxAbsoluteError": 67.13908,
  "avgSettlingTime2Degrees": 0.0453119
}