{
  "createdTimestamp": "132266633164649445",
  "avgAbsoluteError": 10.2843351,
  "avgSignedError": -4.12989759,
  "maxAbsoluteError": 52.6470642,
  "avgSettlingTime2Degrees": 0.0333013
}