{
  "createdTimestamp": "132266633164649445",
  "avgAbsoluteError": 0.0155868921,
  "avgSignedError": -0.000939972757,
  "maxAbsoluteError": 0.293175817
}