{
  "createdTimestamp": "132266633164649445",
  "avgAbsoluteError": 15.9671078,
  "avgSignedError": -6.16766644,
  "maxAbsoluteError": 80.15259,
  "avgSettlingTime10Degrees": 0.0453119,
  "avgSettlingTime5Degrees": 0.0453119,
  "avgSettlingTime2Degrees": 0.0453119,
  "avg10PercentResponseTime": 0.0
}