{
  "createdTimestamp": "132266633164649445",
  "avgAbsoluteError": 0.024352191,
  "avgSignedError": 0.00423174,
  "maxAbsoluteError": 0.190478086
}