{
  "createdTimestamp": "132266633164649445",
  "avgAbsoluteError": 7.761881,
  "avgSignedError": -0.524461,
  "maxAbsoluteError": 156.288651,
  "maxOvershoot": 0.153778076,
  "avgSettlingTime10Degrees": 0.2504964,
  "avgSettlingTime5Degrees": 0.2885307,
  "avgSettlingTime2Degrees": 0.3015427,
  "avg10PercentResponseTime": 0.0,
  "avg50PercentResponseTime": 0.2394868,
  "avgCompleteResponseTime": 0.3816148
}