{
  "createdTimestamp": "132266633164649445",
  "avgAbsoluteError": 2.55824637,
  "avgSignedError": 0.958500445,
  "maxAbsoluteError": 14.6682205,
  "maxOvershoot": 1.13563156,
  "avgSettlingTime10Degrees": 0.012282,
  "avgSettlingTime5Degrees": 0.0453119,
  "avgSettlingTime2Degrees": 0.2104607,
  "avg10PercentResponseTime": 0.0222911,
  "avg50PercentResponseTime": 0.0453119,
  "avgCompleteResponseTime": 0.2775212
}