{
  "createdTimestamp": "132266633164649445",
  "avgAbsoluteError": 0.015971737,
  "avgSignedError": 0.00323212147,
  "maxAbsoluteError": 0.276549429
}