{
  "createdTimestamp": "132266633164649445",
  "avgAbsoluteError": 11.9822674,
  "avgSignedError": -3.704787,
  "maxAbsoluteError": 53.8094635,
  "maxOvershoot": 51.2943954,
  "avgSettlingTime10Degrees": 0.106367,
  "avgSettlingTime5Degrees": 0.2104607,
  "avgSettlingTime2Degrees": 0.2504964,
  "avg10PercentResponseTime": 0.0222911,
  "avgCompleteResponseTime": 0.0593246
}