{
  "createdTimestamp": "132266633164649445",
  "avgAbsoluteError": 1.98557293,
  "avgSignedError": -0.1258612,
  "maxAbsoluteError": 13.1713057,
  "avgSettlingTime5Degrees": 0.0453119,
  "avgSettlingTime2Degrees": 0.1213804
}