{
  "createdTimestamp": "132266633164649445",
  "avgAbsoluteError": 0.02458877,
  "avgSignedError": -0.0032564092,
  "maxAbsoluteError": 0.205975875
}