{
  "createdTimestamp": "132266633164649445",
  "avgAbsoluteError": 14.5139818,
  "avgSignedError": 9.701911,
  "maxAbsoluteError": 65.72666,
  "avgSettlingTime10Degrees": 0.0703342,
  "avgSettlingTime5Degrees": 0.0933551,
  "avgSettlingTime2Degrees": 0.6703732,
  "avg10PercentResponseTime": 0.0,
  "avg50PercentResponseTime": 0.0453119
}