{
  "createdTimestamp": "132266633164649445",
  "avgAbsoluteError": 0.0116211055,
  "avgSignedError": 0.00126110693,
  "maxAbsoluteError": 0.7064514
}