{
  "createdTimestamp": "132266633164649445",
  "avgAbsoluteError": 3.61431479,
  "avgSignedError": 1.49463,
  "maxAbsoluteError": 18.752718
}