{
  "createdTimestamp": "132266633164649445",
  "avgAbsoluteError": 6.2310214,
  "avgSignedError": -2.110895,
  "maxAbsoluteError": 40.849823,
  "avgSettlingTime10Degrees": 0.1834361,
  "avgSettlingTime5Degrees": 0.2885307,
  "avgSettlingTime2Degrees": 0.4086391,
  "avg10PercentResponseTime": 0.0,
  "avg50PercentResponseTime": 0.0
}