{
  "createdTimestamp": "132266633164649445",
  "avgAbsoluteError": 0.0284736,
  "avgSignedError": 0.004023441,
  "maxAbsoluteError": 0.274698973
}