{
  "createdTimestamp": "132266633164649445",
  "avgAbsoluteError": 11.8676367,
  "avgSignedError": -3.533842,
  "maxAbsoluteError": 80.20761,
  "avgSettlingTime2Degrees": 0.0453119
}