{
  "createdTimestamp": "132266633164649445",
  "avgAbsoluteError": 4.441428,
  "avgSignedError": 0.4601186,
  "maxAbsoluteError": 49.5526733,
  "maxOvershoot": 21.3523865,
  "avgSettlingTime10Degrees": 0.0453119,
  "avgSettlingTime5Degrees": 0.2104607,
  "avgSettlingTime2Degrees": 0.2504964,
  "avg10PercentResponseTime": 0.0222911,
  "avg50PercentResponseTime": 0.0222911,
  "avgCompleteResponseTime": 0.0222911
}