{
  "createdTimestamp": "132266633164649445",
  "avgAbsoluteError": 0.018558247,
  "avgSignedError": -0.00387424277,
  "maxAbsoluteError": 0.3255388
}