{
  "createdTimestamp": "132266633164649445",
  "avgAbsoluteError": 2.904137,
  "avgSignedError": 2.12708735,
  "maxAbsoluteError": 24.1867714
}