{
  "createdTimestamp": "132266633164649445",
  "avgAbsoluteError": 0.02664309,
  "avgSignedError": 0.00142917258,
  "maxAbsoluteError": 0.196997464
}