{
  "createdTimestamp": "132266633164649445",
  "avgAbsoluteError": 3.60659266,
  "avgSignedError": -1.71373725,
  "maxAbsoluteError": 33.0026855,
  "avgSettlingTime5Degrees": 0.7299287,
  "avgSettlingTime2Degrees": 0.7299287,
  "avg10PercentResponseTime": 0.0,
  "avg50PercentResponseTime": 0.0222911
}