{
  "createdTimestamp": "132266633164649445",
  "avgAbsoluteError": 15.9287119,
  "avgSignedError": -9.322962,
  "maxAbsoluteError": 125.8918
}