{
  "createdTimestamp": "132266633164649445",
  "avgAbsoluteError": 8.881128,
  "avgSignedError": 0.6847801,
  "maxAbsoluteError": 47.3550377,
  "maxOvershoot": 0.3120613,
  "avgSettlingTime10Degrees": 0.1474039,
  "avgSettlingTime5Degrees": 0.2234724,
  "avgSettlingTime2Degrees": 0.3285669,
  "avg10PercentResponseTime": 0.0222911,
  "avg50PercentResponseTime": 0.0823451,
  "avgCompleteResponseTime": 0.4666913
}