{
  "createdTimestamp": "132266633164649445",
  "avgAbsoluteError": 2.06762719,
  "avgSignedError": -0.904478431,
  "maxAbsoluteError": 49.183136,
  "maxOvershoot": 0.656829834,
  "avgSettlingTime10Degrees": 0.0453119,
  "avgSettlingTime5Degrees": 0.0703342,
  "avgSettlingTime2Degrees": 0.0732015,
  "avg10PercentResponseTime": 0.0222911,
  "avg50PercentResponseTime": 0.0453119,
  "avgCompleteResponseTime": 0.1594145
}