{
  "createdTimestamp": "132266633164649445",
  "avgAbsoluteError": 0.01396142,
  "avgSignedError": 0.002497565,
  "maxAbsoluteError": 0.251774162
}