{
  "createdTimestamp": "132266633164649445",
  "avgAbsoluteError": 14.2863131,
  "avgSignedError": 0.1631907,
  "maxAbsoluteError": 179.9999,
  "avgSettlingTime10Degrees": 0.0333013,
  "avgSettlingTime5Degrees": 0.0453119,
  "avgSettlingTime2Degrees": 0.0453119,
  "avg10PercentResponseTime": 0.0222911,
  "avg50PercentResponseTime": 0.0453119
}