{
  "createdTimestamp": "132266633164649445",
  "avgAbsoluteError": 0.0182690322,
  "avgSignedError": -0.004418547,
  "maxAbsoluteError": 0.276000977
}