{
  "createdTimestamp": "132266633164649445",
  "avgAbsoluteError": 0.01724454,
  "avgSignedError": -0.00327614625,
  "maxAbsoluteError": 0.3282776
}