{
  "createdTimestamp": "132266633164649445",
  "avgAbsoluteError": 3.935564,
  "avgSignedError": 2.99293447,
  "maxAbsoluteError": 10.1486044,
  "avgSettlingTime2Degrees": 0.7299287
}