{
  "createdTimestamp": "132266633164649445",
  "avgAbsoluteError": 1.82891238,
  "avgSignedError": 1.55473816,
  "maxAbsoluteError": 26.5142174
}