{
  "createdTimestamp": "132266633164649445",
  "avgAbsoluteError": 1.5677644,
  "avgSignedError": -0.178565457,
  "maxAbsoluteError": 13.3015747
}