{
  "createdTimestamp": "132266633164649445",
  "avgAbsoluteError": 17.1788425,
  "avgSignedError": -2.85545349,
  "maxAbsoluteError": 179.999847,
  "maxOvershoot": 105.259239,
  "avgSettlingTime10Degrees": 0.0333013,
  "avgSettlingTime5Degrees": 0.0453119,
  "avgSettlingTime2Degrees": 0.0453119,
  "avg10PercentResponseTime": 0.0222911,
  "avgCompleteResponseTime": 0.0222911
}