{
  "createdTimestamp": "132266633164649445",
  "avgAbsoluteError": 7.056029,
  "avgSignedError": -6.633116,
  "maxAbsoluteError": 24.8351746,
  "avgSettlingTime2Degrees": 0.7299287
}