{
  "createdTimestamp": "132266633164649445",
  "avgAbsoluteError": 0.0244467109,
  "avgSignedError": 0.005736288,
  "maxAbsoluteError": 0.257276833
}