{
  "createdTimestamp": "132266633164649445",
  "avgAbsoluteError": 0.0163457226,
  "avgSignedError": 0.00214094925,
  "maxAbsoluteError": 0.331058174
}