{
  "createdTimestamp": "132266633164649445",
  "avgAbsoluteError": 4.20824575,
  "avgSignedError": -1.35119522,
  "maxAbsoluteError": 26.0297546,
  "avgSettlingTime10Degrees": 0.0333013,
  "avgSettlingTime5Degrees": 0.0453119,
  "avgSettlingTime2Degrees": 0.0453119,
  "avg10PercentResponseTime": 0.0,
  "avg50PercentResponseTime": 0.0453119
}