{
  "createdTimestamp": "132266633164649445",
  "avgAbsoluteError": 11.1004333,
  "avgSignedError": 0.3680898,
  "maxAbsoluteError": 168.775909,
  "maxOvershoot": 0.00395304151,
  "avgSettlingTime10Degrees": 0.1474039,
  "avgSettlingTime5Degrees": 0.2104607,
  "avgSettlingTime2Degrees": 0.2635082,
  "avg10PercentResponseTime": 0.0593246,
  "avg50PercentResponseTime": 0.0823451,
  "avgCompleteResponseTime": 0.5197558
}