{
  "createdTimestamp": "132266633164649445",
  "avgAbsoluteError": 1.77315593,
  "avgSignedError": -0.412536651,
  "maxAbsoluteError": 21.3174438
}