{
  "createdTimestamp": "132266633164649445",
  "avgAbsoluteError": 0.01836113,
  "avgSignedError": -0.004324809,
  "maxAbsoluteError": 0.1361084
}