{
  "createdTimestamp": "132266633164649445",
  "avgAbsoluteError": 11.9601431,
  "avgSignedError": 7.025755,
  "maxAbsoluteError": 89.635376,
  "avgSettlingTime10Degrees": 0.0453119,
  "avgSettlingTime5Degrees": 0.0933551,
  "avgSettlingTime2Degrees": 0.6498547,
  "avg10PercentResponseTime": 0.0,
  "avg50PercentResponseTime": 0.0222911
}