{
  "createdTimestamp": "132266633164649445",
  "avgAbsoluteError": 11.6727982,
  "avgSignedError": -9.527481,
  "maxAbsoluteError": 28.12497,
  "avgSettlingTime2Degrees": 0.7299287
}