{
  "createdTimestamp": "132266633164649445",
  "avgAbsoluteError": 9.501635,
  "avgSignedError": 2.19293118,
  "maxAbsoluteError": 48.31129,
  "maxOvershoot": 0.3150673,
  "avgSettlingTime10Degrees": 0.1213804,
  "avgSettlingTime5Degrees": 0.1834361,
  "avgSettlingTime2Degrees": 0.16428335,
  "avg10PercentResponseTime": 0.0222911,
  "avg50PercentResponseTime": 0.0593246,
  "avgCompleteResponseTime": 0.4496758
}