{
  "createdTimestamp": "132266633164649445",
  "avgAbsoluteError": 14.3491831,
  "avgSignedError": -5.00481367,
  "maxAbsoluteError": 168.8881,
  "avgSettlingTime10Degrees": 0.1213804,
  "avgSettlingTime5Degrees": 0.1834361,
  "avgSettlingTime2Degrees": 0.2504964,
  "avg10PercentResponseTime": 0.0593246,
  "avg50PercentResponseTime": 0.0823451
}