{
  "createdTimestamp": "132266633164649445",
  "avgAbsoluteError": 2.30426812,
  "avgSignedError": -0.463319421,
  "maxAbsoluteError": 23.2425842,
  "avgSettlingTime10Degrees": 0.0333013,
  "avgSettlingTime5Degrees": 0.1834361,
  "avgSettlingTime2Degrees": 0.3015427,
  "avg10PercentResponseTime": 0.0222911,
  "avg50PercentResponseTime": 0.1363938
}