{
  "createdTimestamp": "132266633164649445",
  "avgAbsoluteError": 8.392302,
  "avgSignedError": -0.220396459,
  "maxAbsoluteError": 140.549347,
  "maxOvershoot": 140.549347,
  "avgSettlingTime10Degrees": 0.1834361,
  "avgSettlingTime5Degrees": 0.2504964,
  "avgSettlingTime2Degrees": 0.3015427,
  "avgCompleteResponseTime": 0.0453119
}