{
  "createdTimestamp": "132266633164649445",
  "avgAbsoluteError": 8.666654,
  "avgSignedError": 2.62135458,
  "maxAbsoluteError": 47.90646,
  "maxOvershoot": 0.393985748,
  "avgSettlingTime10Degrees": 0.106367,
  "avgSettlingTime5Degrees": 0.1474039,
  "avgSettlingTime2Degrees": 0.2504964,
  "avg10PercentResponseTime": 0.0222911,
  "avg50PercentResponseTime": 0.0593246,
  "avgCompleteResponseTime": 0.3976292
}