{
  "createdTimestamp": "132266633164649445",
  "avgAbsoluteError": 7.973974,
  "avgSignedError": -0.03838305,
  "maxAbsoluteError": 40.66095,
  "avgSettlingTime10Degrees": 0.1834361,
  "avgSettlingTime5Degrees": 0.3015427,
  "avgSettlingTime2Degrees": 0.3199238,
  "avg10PercentResponseTime": 0.0222911,
  "avg50PercentResponseTime": 0.1213804
}