{
  "createdTimestamp": "132266633164649445",
  "avgAbsoluteError": 9.588399,
  "avgSignedError": 1.76458287,
  "maxAbsoluteError": 48.32044,
  "maxOvershoot": 0.274719238,
  "avgSettlingTime10Degrees": 0.1474039,
  "avgSettlingTime5Degrees": 0.2234724,
  "avgSettlingTime2Degrees": 0.3285669,
  "avg10PercentResponseTime": 0.0222911,
  "avg50PercentResponseTime": 0.0593246,
  "avgCompleteResponseTime": 0.4787023
}