{
  "createdTimestamp": "132266633164649445",
  "avgAbsoluteError": 0.0215452,
  "avgSignedError": -0.002438754,
  "maxAbsoluteError": 0.190826416
}