{
  "createdTimestamp": "132266633164649445",
  "avgAbsoluteError": 13.78443,
  "avgSignedError": 8.592615,
  "maxAbsoluteError": 82.65704,
  "avgSettlingTime10Degrees": 0.0703342,
  "avgSettlingTime5Degrees": 0.106367,
  "avgSettlingTime2Degrees": 0.6703732,
  "avg10PercentResponseTime": 0.0,
  "avg50PercentResponseTime": 0.0453119
}