{
  "createdTimestamp": "132266633164649445",
  "avgAbsoluteError": 4.86473656,
  "avgSignedError": -1.104586,
  "maxAbsoluteError": 62.58838
}