{
  "createdTimestamp": "132266633164649445",
  "avgAbsoluteError": 0.0266090538,
  "avgSignedError": -0.00674222363,
  "maxAbsoluteError": 0.209075928
}