{
  "createdTimestamp": "132266633164649445",
  "avgAbsoluteError": 9.491806,
  "avgSignedError": 0.6031997,
  "maxAbsoluteError": 58.94326,
  "avgSettlingTime10Degrees": 0.0453119,
  "avgSettlingTime5Degrees": 0.0453119,
  "avgSettlingTime2Degrees": 0.0453119,
  "avg10PercentResponseTime": 0.0
}