{
  "createdTimestamp": "132266633164649445",
  "avgAbsoluteError": 7.531522,
  "avgSignedError": -0.0486529954,
  "maxAbsoluteError": 42.5693741,
  "avgSettlingTime10Degrees": 0.1834361,
  "avgSettlingTime5Degrees": 0.3015427,
  "avgSettlingTime2Degrees": 0.410505444,
  "avg10PercentResponseTime": 0.0222911,
  "avg50PercentResponseTime": 0.1213804
}