{
  "createdTimestamp": "132266633164649445",
  "avgAbsoluteError": 23.5339832,
  "avgSignedError": 21.8714828,
  "maxAbsoluteError": 45.413063,
  "avgSettlingTime10Degrees": 0.7299287,
  "avgSettlingTime5Degrees": 0.7299287,
  "avgSettlingTime2Degrees": 0.7299287
}