{
  "createdTimestamp": "132266633164649445",
  "avgAbsoluteError": 5.78380728,
  "avgSignedError": -5.462043,
  "maxAbsoluteError": 31.68811,
  "avgSettlingTime2Degrees": 0.7299287
}