{
  "createdTimestamp": "132266633164649445",
  "avgAbsoluteError": 0.0159084387,
  "avgSignedError": 0.001564941,
  "maxAbsoluteError": 0.626281738
}