{
  "createdTimestamp": "132266633164649445",
  "avgAbsoluteError": 0.0151961595,
  "avgSignedError": 0.00202418817,
  "maxAbsoluteError": 0.283809423
}