{
  "createdTimestamp": "132266633164649445",
  "avgAbsoluteError": 5.953968,
  "avgSignedError": -0.0361949727,
  "maxAbsoluteError": 43.565155,
  "avgSettlingTime10Degrees": 0.1704244,
  "avgSettlingTime5Degrees": 0.2504964,
  "avgSettlingTime2Degrees": 0.1963123,
  "avg10PercentResponseTime": 0.0222911,
  "avg50PercentResponseTime": 0.106367
}