{
  "createdTimestamp": "132266633164649445",
  "avgAbsoluteError": 13.0720043,
  "avgSignedError": -10.2264614,
  "maxAbsoluteError": 118.442841
}