{
  "createdTimestamp": "132266633164649445",
  "avgAbsoluteError": 15.4260807,
  "avgSignedError": 10.8874283,
  "maxAbsoluteError": 65.73952,
  "avgSettlingTime10Degrees": 0.1474039,
  "avgSettlingTime5Degrees": 0.2234724,
  "avgSettlingTime2Degrees": 0.235347509,
  "avg10PercentResponseTime": 0.0,
  "avg50PercentResponseTime": 0.0593246
}