{
  "createdTimestamp": "132266633164649445",
  "avgAbsoluteError": 4.29607725,
  "avgSignedError": -0.9032135,
  "maxAbsoluteError": 21.33319,
  "avgSettlingTime2Degrees": 0.7299287,
  "avg10PercentResponseTime": 0.0,
  "avg50PercentResponseTime": 0.0
}