{
  "createdTimestamp": "132266633164649445",
  "avgAbsoluteError": 2.4974165,
  "avgSignedError": -0.191886127,
  "maxAbsoluteError": 81.23038,
  "maxOvershoot": 81.23037,
  "avgSettlingTime10Degrees": 0.1213804,
  "avgSettlingTime5Degrees": 0.1834361,
  "avgSettlingTime2Degrees": 0.2885307,
  "avg10PercentResponseTime": 0.0,
  "avgCompleteResponseTime": 0.0453119
}