{
  "createdTimestamp": "132266633164649445",
  "avgAbsoluteError": 2.70027065,
  "avgSignedError": -0.6852881,
  "maxAbsoluteError": 138.146774,
  "maxOvershoot": 8.844482,
  "avgSettlingTime10Degrees": 0.0453119,
  "avgSettlingTime5Degrees": 0.0933551,
  "avgSettlingTime2Degrees": 0.0933551,
  "avg10PercentResponseTime": 0.0,
  "avg50PercentResponseTime": 0.0,
  "avgCompleteResponseTime": 0.0593246
}