{
  "createdTimestamp": "132266633164649445",
  "avgAbsoluteError": 3.5715363,
  "avgSignedError": -0.2511228,
  "maxAbsoluteError": 132.858963,
  "avgSettlingTime2Degrees": 0.0933551
}