{
  "createdTimestamp": "132266633164649445",
  "avgAbsoluteError": 0.0192265734,
  "avgSignedError": 0.00205674884,
  "maxAbsoluteError": 0.392834276
}