{
  "createdTimestamp": "132266633164649445",
  "avgAbsoluteError": 14.3845863,
  "avgSignedError": -1.50060916,
  "maxAbsoluteError": 73.13571,
  "avgSettlingTime10Degrees": 0.0453119,
  "avgSettlingTime5Degrees": 0.0453119,
  "avgSettlingTime2Degrees": 0.0453119,
  "avg10PercentResponseTime": 0.0,
  "avg50PercentResponseTime": 0.0222911
}