{
  "createdTimestamp": "132266633164649445",
  "avgAbsoluteError": 0.0303024221,
  "avgSignedError": 0.00726821553,
  "maxAbsoluteError": 0.413813084
}