{
  "createdTimestamp": "132266633164649445",
  "avgAbsoluteError": 7.28240633,
  "avgSignedError": -1.53742325,
  "maxAbsoluteError": 51.7278137,
  "maxOvershoot": 9.67791,
  "avgSettlingTime10Degrees": 0.0933551,
  "avgSettlingTime5Degrees": 0.2104607,
  "avgSettlingTime2Degrees": 0.2504964,
  "avg10PercentResponseTime": 0.0,
  "avg50PercentResponseTime": 0.0593246,
  "avgCompleteResponseTime": 0.1213804
}