{
  "createdTimestamp": "132266633164649445",
  "avgAbsoluteError": 0.0187417977,
  "avgSignedError": -0.005918839,
  "maxAbsoluteError": 0.19195804
}