{
  "createdTimestamp": "132266633164649445",
  "avgAbsoluteError": 1.50388718,
  "avgSignedError": -0.7741692,
  "maxAbsoluteError": 9.522888,
  "avgSettlingTime5Degrees": 0.0453119,
  "avgSettlingTime2Degrees": 0.0453119
}