{
  "createdTimestamp": "132266633164649445",
  "avgAbsoluteError": 0.0296958312,
  "avgSignedError": 0.004718583,
  "maxAbsoluteError": 0.293631673
}