{
  "createdTimestamp": "132266633164649445",
  "avgAbsoluteError": 9.834745,
  "avgSignedError": -0.05548509,
  "maxAbsoluteError": 36.73227,
  "maxOvershoot": 23.71425,
  "avgSettlingTime10Degrees": 0.0453119,
  "avgSettlingTime5Degrees": 0.0453119,
  "avgSettlingTime2Degrees": 0.0453119,
  "avg10PercentResponseTime": 0.0,
  "avgCompleteResponseTime": 0.0222911
}