{
  "createdTimestamp": "132266633164649445",
  "avgAbsoluteError": 0.0235090461,
  "avgSignedError": -0.00562192,
  "maxAbsoluteError": 0.166111022
}