{
  "createdTimestamp": "132266633164649445",
  "avgAbsoluteError": 0.01798072,
  "avgSignedError": -0.00171855476,
  "maxAbsoluteError": 0.113752745
}