{
  "createdTimestamp": "132266633164649445",
  "avgAbsoluteError": 0.0136455987,
  "avgSignedError": 0.001401983,
  "maxAbsoluteError": 0.198760986
}