{
  "createdTimestamp": "132266633164649445",
  "avgAbsoluteError": 5.68399334,
  "avgSignedError": -0.2016923,
  "maxAbsoluteError": 42.9125061,
  "avgSettlingTime10Degrees": 0.1474039,
  "avgSettlingTime5Degrees": 0.2504964,
  "avgSettlingTime2Degrees": 0.3415786,
  "avg10PercentResponseTime": 0.0222911,
  "avg50PercentResponseTime": 0.106367
}