{
  "createdTimestamp": "132266633164649445",
  "avgAbsoluteError": 17.1695786,
  "avgSignedError": 1.26180243,
  "maxAbsoluteError": 180.0,
  "avgSettlingTime10Degrees": 0.0453119,
  "avgSettlingTime5Degrees": 0.0453119,
  "avgSettlingTime2Degrees": 0.0453119,
  "avgCompleteResponseTime": 0.0453119
}