{
  "createdTimestamp": "132266633164649445",
  "avgAbsoluteError": 3.4961226,
  "avgSignedError": 1.20262825,
  "maxAbsoluteError": 10.9675293,
  "avgSettlingTime2Degrees": 0.7299287,
  "avg10PercentResponseTime": 0.0,
  "avg50PercentResponseTime": 0.0
}