{
  "createdTimestamp": "132266633164649445",
  "avgAbsoluteError": 13.1444073,
  "avgSignedError": -8.210339,
  "maxAbsoluteError": 72.14072,
  "avgSettlingTime10Degrees": 0.0703342,
  "avgSettlingTime5Degrees": 0.106367,
  "avgSettlingTime2Degrees": 0.1474039,
  "avg10PercentResponseTime": 0.0222911,
  "avg50PercentResponseTime": 0.0593246
}