{
  "createdTimestamp": "132266633164649445",
  "avgAbsoluteError": 13.7870388,
  "avgSignedError": -12.8049412,
  "maxAbsoluteError": 34.4025269
}