{
  "createdTimestamp": "132266633164649445",
  "avgAbsoluteError": 0.0232003573,
  "avgSignedError": 0.00202936633,
  "maxAbsoluteError": 0.624360442
}