{
  "createdTimestamp": "132266633164649445",
  "avgAbsoluteError": 29.9026356,
  "avgSignedError": -20.6100845,
  "maxAbsoluteError": 179.670273,
  "avgSettlingTime5Degrees": 0.1704244,
  "avgSettlingTime2Degrees": 0.368603
}