{
  "createdTimestamp": "132266633164649445",
  "avgAbsoluteError": 5.302842,
  "avgSignedError": 1.82051063,
  "maxAbsoluteError": 40.2938728,
  "avgSettlingTime10Degrees": 0.106367,
  "avgSettlingTime5Degrees": 0.2885307,
  "avgSettlingTime2Degrees": 0.5077284,
  "avg10PercentResponseTime": 0.0222911,
  "avg50PercentResponseTime": 0.1363938
}