{
  "createdTimestamp": "132266633164649445",
  "avgAbsoluteError": 5.393854,
  "avgSignedError": 1.12479949,
  "maxAbsoluteError": 34.34957,
  "avgSettlingTime2Degrees": 0.012282
}