{
  "createdTimestamp": "132266633164649445",
  "avgAbsoluteError": 4.142146,
  "avgSignedError": 3.24488664,
  "maxAbsoluteError": 10.1395845,
  "avgSettlingTime2Degrees": 0.7299287
}