{
  "createdTimestamp": "132266633164649445",
  "avgAbsoluteError": 0.0150172627,
  "avgSignedError": -0.00385566964,
  "maxAbsoluteError": 0.147125244
}