{
  "createdTimestamp": "132266633164649445",
  "avgAbsoluteError": 5.948739,
  "avgSignedError": 5.652355,
  "maxAbsoluteError": 31.3479519,
  "avgSettlingTime5Degrees": 0.7299287,
  "avgSettlingTime2Degrees": 0.7299287
}