{
  "createdTimestamp": "132266633164649445",
  "avgAbsoluteError": 7.242008,
  "avgSignedError": -0.185998365,
  "maxAbsoluteError": 51.9831848,
  "avgSettlingTime10Degrees": 0.1834361,
  "avgSettlingTime5Degrees": 0.2885307,
  "avgSettlingTime2Degrees": 0.4086391,
  "avg10PercentResponseTime": 0.0222911,
  "avg50PercentResponseTime": 0.1213804
}