{
  "createdTimestamp": "132266633164649445",
  "avgAbsoluteError": 5.493272,
  "avgSignedError": 1.41606629,
  "maxAbsoluteError": 53.4719849,
  "avgSettlingTime5Degrees": 0.1213804,
  "avgSettlingTime2Degrees": 0.1474039
}