{
  "createdTimestamp": "132266633164649445",
  "avgAbsoluteError": 8.506122,
  "avgSignedError": -1.972654,
  "maxAbsoluteError": 48.1901245,
  "maxOvershoot": 0.107696533,
  "avgSettlingTime10Degrees": 0.1474039,
  "avgSettlingTime5Degrees": 0.2104607,
  "avgSettlingTime2Degrees": 0.3015427,
  "avg10PercentResponseTime": 0.0,
  "avg50PercentResponseTime": 0.0593246,
  "avgCompleteResponseTime": 0.4787023
}