{
  "createdTimestamp": "132266633164649445",
  "avgAbsoluteError": 3.89583,
  "avgSignedError": -1.3216747,
  "maxAbsoluteError": 18.2157822,
  "avgSettlingTime5Degrees": 0.012282,
  "avgSettlingTime2Degrees": 0.0453119
}