{
  "createdTimestamp": "132266633164649445",
  "avgAbsoluteError": 14.8636894,
  "avgSignedError": -7.525657,
  "maxAbsoluteError": 173.062515,
  "avgSettlingTime10Degrees": 0.0453119,
  "avgSettlingTime5Degrees": 0.0453119,
  "avgSettlingTime2Degrees": 0.0453119
}