{
  "createdTimestamp": "132266633164649445",
  "avgAbsoluteError": 1.938454,
  "avgSignedError": -0.56227535,
  "maxAbsoluteError": 13.6966553,
  "avgSettlingTime10Degrees": 0.0333013,
  "avgSettlingTime5Degrees": 0.1474039,
  "avgSettlingTime2Degrees": 0.2635082,
  "avg10PercentResponseTime": 0.0,
  "avg50PercentResponseTime": 0.0823451
}