{
  "createdTimestamp": "132266633164649445",
  "avgAbsoluteError": 12.7089272,
  "avgSignedError": -0.3406396,
  "maxAbsoluteError": 60.4455872,
  "avgSettlingTime10Degrees": 0.3415786,
  "avgSettlingTime5Degrees": 0.6108213,
  "avgSettlingTime2Degrees": 0.7299287,
  "avg10PercentResponseTime": 0.0,
  "avg50PercentResponseTime": 0.1834361
}