{
  "createdTimestamp": "132266633164649445",
  "avgAbsoluteError": 0.022414675,
  "avgSignedError": 0.00173794094,
  "maxAbsoluteError": 0.642776966
}