{
  "createdTimestamp": "132266633164649445",
  "avgAbsoluteError": 10.4008932,
  "avgSignedError": -0.3069135,
  "maxAbsoluteError": 43.9480667,
  "avgSettlingTime5Degrees": 0.0453119,
  "avgSettlingTime2Degrees": 0.0453119,
  "avg10PercentResponseTime": 0.0,
  "avg50PercentResponseTime": 0.0
}