{
  "createdTimestamp": "132266633164649445",
  "avgAbsoluteError": 10.4206114,
  "avgSignedError": -6.1372757,
  "maxAbsoluteError": 79.77637,
  "avgSettlingTime10Degrees": 0.0453119,
  "avgSettlingTime5Degrees": 0.0933551,
  "avgSettlingTime2Degrees": 0.106367,
  "avg10PercentResponseTime": 0.0222911,
  "avg50PercentResponseTime": 0.0453119
}