{
  "createdTimestamp": "132266633164649445",
  "avgAbsoluteError": 10.2078028,
  "avgSignedError": 0.674593,
  "maxAbsoluteError": 118.085861
}