{
  "createdTimestamp": "132266633164649445",
  "avgAbsoluteError": 8.128161,
  "avgSignedError": -0.114333495,
  "maxAbsoluteError": 43.6936646,
  "avgSettlingTime10Degrees": 0.2234724,
  "avgSettlingTime5Degrees": 0.3415786,
  "avgSettlingTime2Degrees": 0.4787023,
  "avg10PercentResponseTime": 0.0222911,
  "avg50PercentResponseTime": 0.1213804
}