{
  "createdTimestamp": "132266633164649445",
  "avgAbsoluteError": 0.0233759526,
  "avgSignedError": 0.00459441962,
  "maxAbsoluteError": 0.188799351
}