{
  "createdTimestamp": "132266633164649445",
  "avgAbsoluteError": 13.3909607,
  "avgSignedError": -8.479012,
  "maxAbsoluteError": 59.4931946,
  "avgSettlingTime10Degrees": 0.1474039,
  "avgSettlingTime5Degrees": 0.2104607,
  "avgSettlingTime2Degrees": 0.3015427,
  "avg10PercentResponseTime": 0.0,
  "avg50PercentResponseTime": 0.0593246
}