{
  "createdTimestamp": "132266633164649445",
  "avgAbsoluteError": 0.0318462476,
  "avgSignedError": 0.007490573,
  "maxAbsoluteError": 0.418180019
}