{
  "createdTimestamp": "132266633164649445",
  "avgAbsoluteError": 13.48296,
  "avgSignedError": -6.919013,
  "maxAbsoluteError": 64.7420349,
  "avgSettlingTime10Degrees": 0.0453119,
  "avgSettlingTime5Degrees": 0.0453119,
  "avgSettlingTime2Degrees": 0.0453119,
  "avg10PercentResponseTime": 0.0
}