{
  "createdTimestamp": "132266633164649445",
  "avgAbsoluteError": 7.90104151,
  "avgSignedError": -1.57905042,
  "maxAbsoluteError": 47.3038025,
  "maxOvershoot": 0.1538086,
  "avgSettlingTime10Degrees": 0.1474039,
  "avgSettlingTime5Degrees": 0.2234724,
  "avgSettlingTime2Degrees": 0.3015427,
  "avg10PercentResponseTime": 0.0222911,
  "avg50PercentResponseTime": 0.0593246,
  "avgCompleteResponseTime": 0.4666913
}