{
  "createdTimestamp": "132266633164649445",
  "avgAbsoluteError": 1.77602041,
  "avgSignedError": 0.763731062,
  "maxAbsoluteError": 41.251297,
  "maxOvershoot": 0.904884338,
  "avgSettlingTime10Degrees": 0.0453119,
  "avgSettlingTime5Degrees": 0.0703342,
  "avgSettlingTime2Degrees": 0.0933551,
  "avg10PercentResponseTime": 0.0222911,
  "avg50PercentResponseTime": 0.0453119,
  "avgCompleteResponseTime": 0.1363938
}