{
  "createdTimestamp": "132266633164649445",
  "avgAbsoluteError": 21.80253,
  "avgSignedError": -13.856122,
  "maxAbsoluteError": 118.942917,
  "avgSettlingTime10Degrees": 0.2234724,
  "avgSettlingTime5Degrees": 0.2635082,
  "avgSettlingTime2Degrees": 0.2885307,
  "avg10PercentResponseTime": 0.0,
  "avg50PercentResponseTime": 0.1834361
}