{
  "createdTimestamp": "132266633164649445",
  "avgAbsoluteError": 1.61304057,
  "avgSignedError": 1.00578547,
  "maxAbsoluteError": 6.95006752
}