{
  "createdTimestamp": "132266633164649445",
  "avgAbsoluteError": 4.14066172,
  "avgSignedError": 3.35014963,
  "maxAbsoluteError": 31.7590523,
  "avgSettlingTime5Degrees": 0.7299287,
  "avgSettlingTime2Degrees": 0.7299287
}