{
  "createdTimestamp": "132266633164649445",
  "avgAbsoluteError": 0.0216304027,
  "avgSignedError": -0.004395134,
  "maxAbsoluteError": 0.127655029
}