{
  "createdTimestamp": "132266633164649445",
  "avgAbsoluteError": 0.02056712,
  "avgSignedError": 0.002993066,
  "maxAbsoluteError": 0.6197926
}