{
  "createdTimestamp": "132266633164649445",
  "avgAbsoluteError": 0.0172238536,
  "avgSignedError": -0.00261340453,
  "maxAbsoluteError": 0.233183891
}