{
  "createdTimestamp": "132266633164649445",
  "avgAbsoluteError": 9.496158,
  "avgSignedError": 4.544464,
  "maxAbsoluteError": 54.2761536,
  "avgSettlingTime5Degrees": 0.0333013,
  "avgSettlingTime2Degrees": 0.0453119,
  "avg10PercentResponseTime": 0.0,
  "avg50PercentResponseTime": 0.0
}