{
  "createdTimestamp": "132266633164649445",
  "avgAbsoluteError": 2.840161,
  "avgSignedError": -2.28940749,
  "maxAbsoluteError": 16.4739075,
  "avgSettlingTime10Degrees": 0.012282,
  "avgSettlingTime5Degrees": 0.0453119,
  "avgSettlingTime2Degrees": 0.0453119,
  "avg10PercentResponseTime": 0.0222911,
  "avg50PercentResponseTime": 0.0453119
}