{
  "createdTimestamp": "132266633164649445",
  "avgAbsoluteError": 0.0215091147,
  "avgSignedError": -0.00587173831,
  "maxAbsoluteError": 0.173423544
}