{
  "createdTimestamp": "132266633164649445",
  "avgAbsoluteError": 6.509952,
  "avgSignedError": -1.43131471,
  "maxAbsoluteError": 67.42154,
  "maxOvershoot": 66.1905,
  "avgSettlingTime10Degrees": 0.106367,
  "avgSettlingTime5Degrees": 0.2234724,
  "avgSettlingTime2Degrees": 0.2885307,
  "avg10PercentResponseTime": 0.0222911,
  "avg50PercentResponseTime": 0.0222911,
  "avgCompleteResponseTime": 0.0453119
}