{
  "createdTimestamp": "132266633164649445",
  "avgAbsoluteError": 7.887318,
  "avgSignedError": -2.9901228,
  "maxAbsoluteError": 47.7816772,
  "maxOvershoot": 0.316925049,
  "avgSettlingTime10Degrees": 0.106367,
  "avgSettlingTime5Degrees": 0.1474039,
  "avgSettlingTime2Degrees": 0.2104607,
  "avg10PercentResponseTime": 0.0,
  "avg50PercentResponseTime": 0.0593246,
  "avgCompleteResponseTime": 0.3816148
}