{
  "createdTimestamp": "132266633164649445",
  "avgAbsoluteError": 1.43175733,
  "avgSignedError": 0.446535856,
  "maxAbsoluteError": 5.10785
}