{
  "createdTimestamp": "132266633164649445",
  "avgAbsoluteError": 2.04024768,
  "avgSignedError": -0.653382838,
  "maxAbsoluteError": 16.1122437,
  "maxOvershoot": 0.00546264648,
  "avgSettlingTime10Degrees": 0.0333013,
  "avgSettlingTime5Degrees": 0.0933551,
  "avgSettlingTime2Degrees": 0.1834361,
  "avg10PercentResponseTime": 0.0222911,
  "avg50PercentResponseTime": 0.0823451,
  "avgCompleteResponseTime": 0.6638696
}