{
  "createdTimestamp": "132266633164649445",
  "avgAbsoluteError": 4.67574549,
  "avgSignedError": 1.0894562,
  "maxAbsoluteError": 35.85931,
  "avgSettlingTime10Degrees": 0.012282,
  "avgSettlingTime5Degrees": 0.0333013,
  "avgSettlingTime2Degrees": 0.0453119,
  "avg10PercentResponseTime": 0.0,
  "avg50PercentResponseTime": 0.0222911
}