{
  "createdTimestamp": "132266633164649445",
  "avgAbsoluteError": 11.2480726,
  "avgSignedError": 4.758092,
  "maxAbsoluteError": 179.503082,
  "maxOvershoot": 179.503082,
  "avgSettlingTime10Degrees": 0.0453119,
  "avgSettlingTime5Degrees": 0.0453119,
  "avgSettlingTime2Degrees": 0.0453119,
  "avgCompleteResponseTime": 0.0222911
}