{
  "createdTimestamp": "132266633164649445",
  "avgAbsoluteError": 2.53971815,
  "avgSignedError": 0.391297281,
  "maxAbsoluteError": 7.332346,
  "avgSettlingTime2Degrees": 0.0453119
}