{
  "createdTimestamp": "132266633164649445",
  "avgAbsoluteError": 8.716761,
  "avgSignedError": -2.671652,
  "maxAbsoluteError": 48.34912,
  "maxOvershoot": 0.209411621,
  "avgSettlingTime10Degrees": 0.1213804,
  "avgSettlingTime5Degrees": 0.1834361,
  "avgSettlingTime2Degrees": 0.2635082,
  "avg10PercentResponseTime": 0.0,
  "avg50PercentResponseTime": 0.0453119,
  "avgCompleteResponseTime": 0.4216505
}