{
  "createdTimestamp": "132266633164649445",
  "avgAbsoluteError": 0.0164229088,
  "avgSignedError": -0.004897666,
  "maxAbsoluteError": 0.20231168
}