{
  "createdTimestamp": "132266633164649445",
  "avgAbsoluteError": 13.2350512,
  "avgSignedError": -8.64338,
  "maxAbsoluteError": 59.5429077,
  "avgSettlingTime10Degrees": 0.0703342,
  "avgSettlingTime5Degrees": 0.0933551,
  "avgSettlingTime2Degrees": 0.1474039,
  "avg10PercentResponseTime": 0.0222911,
  "avg50PercentResponseTime": 0.0453119
}