{
  "createdTimestamp": "132266633164649445",
  "avgAbsoluteError": 0.0135693457,
  "avgSignedError": -0.00396479527,
  "maxAbsoluteError": 0.383388758
}