{
  "createdTimestamp": "132266633164649445",
  "avgAbsoluteError": 2.23556828,
  "avgSignedError": 0.371136844,
  "maxAbsoluteError": 8.181677
}