{
  "createdTimestamp": "132266633164649445",
  "avgAbsoluteError": 6.300758,
  "avgSignedError": -1.471181,
  "maxAbsoluteError": 51.3604126,
  "avgSettlingTime10Degrees": 0.106367,
  "avgSettlingTime5Degrees": 0.1834361,
  "avgSettlingTime2Degrees": 0.3285669,
  "avg10PercentResponseTime": 0.0,
  "avg50PercentResponseTime": 0.0823451
}