{
  "createdTimestamp": "132266633164649445",
  "avgAbsoluteError": 8.952941,
  "avgSignedError": 8.285095,
  "maxAbsoluteError": 34.79332,
  "avgSettlingTime5Degrees": 0.0453119,
  "avgSettlingTime2Degrees": 0.0453119
}