{
  "createdTimestamp": "132266633164649445",
  "avgAbsoluteError": 1.53232682,
  "avgSignedError": -0.8008971,
  "maxAbsoluteError": 9.323273
}