{
  "createdTimestamp": "132266633164649445",
  "avgAbsoluteError": 21.28975,
  "avgSignedError": 2.83687639,
  "maxAbsoluteError": 180.0,
  "avgSettlingTime10Degrees": 0.0453119,
  "avgSettlingTime5Degrees": 0.0453119,
  "avgSettlingTime2Degrees": 0.0453119,
  "avgCompleteResponseTime": 0.0222911
}