{
  "createdTimestamp": "132266633164649445",
  "avgAbsoluteError": 8.002732,
  "avgSignedError": 5.57193232,
  "maxAbsoluteError": 74.18472,
  "avgSettlingTime5Degrees": 0.0453119,
  "avgSettlingTime2Degrees": 0.0453119
}