{
  "createdTimestamp": "132266633164649445",
  "avgAbsoluteError": 3.7365458,
  "avgSignedError": 1.43274128,
  "maxAbsoluteError": 55.0243225
}