{
  "createdTimestamp": "132266633164649445",
  "avgAbsoluteError": 13.4735,
  "avgSignedError": -8.408209,
  "maxAbsoluteError": 43.0126953
}