{
  "createdTimestamp": "132266633164649445",
  "avgAbsoluteError": 6.80262756,
  "avgSignedError": -4.63488436,
  "maxAbsoluteError": 141.043289
}