{
  "createdTimestamp": "132266633164649445",
  "avgAbsoluteError": 4.278847,
  "avgSignedError": 2.44182825,
  "maxAbsoluteError": 150.140411,
  "avgSettlingTime2Degrees": 0.2885307
}