{
  "createdTimestamp": "132266633164649445",
  "avgAbsoluteError": 4.16532326,
  "avgSignedError": 0.7256273,
  "maxAbsoluteError": 56.3723145
}